campaign_number,manufacturer,makes,models,model_years,component,potentially_affected,part_573_received,audit_verdict,category,vehicle_class,audit_reason,defect_summary,consequence_summary,corrective_action
26V366000,Honda (American Honda Motor Co.),HONDA,ACCORD HYBRID|CR-V FUEL CELL EV|CR-V HYBRID,2023|2024|2025|2026,TIRES:TEMPORARY/EMERGENCY SPARE TIRE,1048613,20260604,excluded,,car,"Tire-repair-kit sealant bottle cap; an accessory item, not a vehicle part leaving the car","Honda (American Honda Motor Co.) is recalling certain 2023-2026 CR-V Hybrid, Accord Hybrid, and 2025-2026 CR-V Fuel Cell EV vehicles. When using the tire repair kit, pressure may build within the sealant bottle, causing the bottle cap to detach.","A detached bottle cap can become a projectile and strike the user or others nearby, increasing the risk of injury.","Dealers will replace the tire repair kit nozzle or sealant bottle, free of charge. Interim letters notifying owners of the safety risk were mailed July 27, 2026. Additional letters will be sent once the final remedy is available, anticipated in Fall 2026. Owners may contact Honda's customer service at 1-866-784-1870. Honda's number for this recall is DOV. Vehicle Identification Numbers (VINs) involved in this recall will be searchable on NHTSA.gov beginning June 11, 2026."
26V218000,Hyundai Motor America,GENESIS|HYUNDAI,G90|IONIQ 6|SANTA FE|SANTA FE HYBRID,2023|2024|2025|2026,SEAT BELTS:FRONT:ANCHORAGE,294448,20260406,excluded,,car,"Seat-belt anchor detaches but stays inside the cabin; restraint failure, not road debris","Hyundai Motor America (Hyundai) is recalling certain 2023-2025 Hyundai Ioniq 6, 2023-2026 Genesis G90, 2024-2026 Hyundai Santa Fe, and Hyundai Santa Fe Hybrid vehicles. The driver and passenger seat belt anchors may detach.","A detached seat belt anchor will not adequately restrain the seat occupant, increasing the risk of injury in a crash.","Dealers will inspect and reinforce or replace the seat belt anchors, as necessary, free of charge. Owner notification letters were mailed beginning May 29, 2026. Owners may contact Hyundai customer service at 1-855-371-9460 and Genesis customer service at 844-340-9741. Hyundai's numbers for this recall are 298 and 032G. Vehicle Identification Numbers (VINs) involved in this recall became searchable on NHTSA.gov April 8, 2026."
26V448000,Ford Motor Company,FORD,EXPLORER,2016|2017|2018|2019,STRUCTURE:BODY,288314,20260714,confirmed,exterior,car,Roof rail cover comes loose and detaches; explicit road hazard,Ford Motor Company (Ford) is recalling certain 2016-2019 Explorer vehicles. The roof rail covers may come loose and detach from the vehicle.,"A detached roof rail cover can create a road hazard, increasing the risk of a crash.","Dealers will inspect the roof rail covers and as necessary, repair or replace the push-pins, rail clips, or roof rail covers, free of charge. Interim letters, notifying owners of the safety risk, are expected to be mailed August 24, 2026. Additional letters will be sent once the remedy is available, anticipated in September 2026. Owners may contact Ford customer service at 1-866-436-7332. Ford's number for this recall is 26S54. This recall expands previous NHTSA recall number 21V316. Vehicle Identification Numbers (VINs) involved in this recall became searchable on NHTSA.gov on July 16, 2026."
26V268000,Ford Motor Company,FORD,BRONCO|RANGER,2024|2025|2026,SEATS:CRITICAL FASTENERS,179698,20260428,excluded,,car,"Seat height-adjust pivot bolt loose/dislodged; stays in cabin, restraint failure",Ford Motor Company (Ford) is recalling certain 2024-2026 Ranger and Bronco vehicles. The front seats may have a loose or dislodged seat frame height-adjust pivot bolt.,"A seat with a dislodged bolt may not properly restrain an occupant in a crash, increasing the risk of injury.","Dealers will inspect and replace the pivot links and bolts as necessary, free of charge. Owner notification letters were mailed May 22, 2026. Owners may contact Ford customer service at 1-866-436-7332. Ford’s number for this recall is 26S30. Vehicle Identification Numbers (VINs) involved in this recall became searchable on NHTSA.gov beginning April 30, 2026."
26V487000,Ford Motor Company,FORD,MUSTANG MACH E,2023|2024|2025,STRUCTURE:EXTERIOR TRIM,86543,20260728,confirmed,exterior,car,Rear quarter-window glass trim detaches; explicit road hazard,"Ford Motor Company (Ford) is recalling certain 2023-2025 Mustang Mach E vehicles. The rear side quarter window glass trim may be improperly secured, which can allow it to detach.","Detached trim pieces can create a road hazard, increasing the risk of a crash.","Dealers will inspect and replace the quarter window glass assemblies, as necessary, free of charge. Interim letters, notifying owners of the safety risk, are expected to be mailed September 10, 2026. Additional letters will be sent once the remedy is available. Owners may contact Ford customer service at 1-866-436-7332. Ford's number for this recall is 26S56. Vehicle Identification Numbers (VINs) involved in this recall will be searchable on NHTSA.gov beginning September 7, 2026."
26V051000,"Chrysler (FCA US, LLC)",JEEP,GRAND CHEROKEE|GRAND CHEROKEE L,2021|2022|2023,SUSPENSION:REAR:SPRINGS:COIL SPRINGS,80620,20260129,confirmed,structural,car,Rear coil spring detaches from the vehicle while driving,"Chrysler (FCA US, LLC) is recalling certain 2021-2023 Jeep Grand Cherokee L and 2022-2023 Jeep Grand Cherokee vehicles. The rear coil springs may be incorrectly installed and detach from the vehicle while driving.",Rear coil springs that detach from the vehicle while driving increase the risk of a crash.,"Dealers will inspect and repair the rear coil spring assembly, as necessary, free of charge. Interim notification letters, notifying owners of the safety risk, were mailed February 12, 2026. Additional letters will be sent once the final remedy is available, anticipated in March 2026. Owners may contact FCA US, LLC customer service at 1-800-853-1403.  FCA US, LLC's number for this recall is 20D. Vehicle Identification Numbers (VINs) involved in this recall became searchable on NHTSA.gov on January 30, 2026. This recall replaces NHTSA recall number 23V413. Vehicles already repaired under the pr"
26V528000,"Chrysler (FCA US, LLC)",DODGE,DURANGO,2021|2022|2023,STRUCTURE:BODY:HATCHBACK/LIFTGATE,74578,20260813,confirmed,exterior,car,Damaged rear spoiler may detach; explicit road hazard,"Chrysler (FCA US, LLC) is recalling certain 2021-2023 Dodge Durango vehicles. The rear spoiler may not be aligned properly with the roof, possibly resulting in damage to the spoiler during liftgate use.","A damaged rear spoiler may detach and create a road hazard, increasing the risk of a crash.","The remedy is currently under development. Owner notification letters are expected to be mailed beginning September 10, 2026. Owners may contact Chrysler customer service at 1-800-853-1403.  Chrysler's number for this recall is 61D. Vehicle Identification Numbers (VINs) involved in this recall will become searchable on NHTSA.gov on August 20, 2026. Vehicles in this recall were previously recalled under 21V842 or 23V115. Vehicles repaired under the prior recalls will need the new repair completed."
26V346000,"Subaru of America, Inc.",SUBARU,FORESTER|FORESTER HYBRID,2026,VISIBILITY:SUN/MOON ROOF ASSEMBLY,69663,20260528,confirmed,exterior,car,Moonroof glass panel detaches from the vehicle; road hazard,"Subaru of America, Inc. (Subaru) is recalling certain 2026 Forester and Forester Hybrid vehicles. The sliding glass panel of the power moonroof assembly may have been improperly bonded to the sliding frame, allowing the glass panel to detach from the vehicle.","A detached glass panel may become a road hazard, increasing the risk of a crash.","Dealers will inspect the power moonroof glass panel for proper adhesion and, if necessary, replace the glass panel assembly, free of charge. Owner notification letters were mailed July 6, 2026. Owners may contact Subaru customer service at 1-844-373-6614. Subaru's number for this recall is WRF-26. Vehicle Identification Numbers (VINs) involved in this recall became searchable on NHTSA.gov beginning May 29, 2026."
26V514000,Toyota Motor Engineering & Manufacturing,TOYOTA,TACOMA|TACOMA HYBRID,2024|2025,SUSPENSION:FRONT:SHOCK ABSORBER|SUSPENSION:REAR:SHOCK ABSORBER,48280,20260806,confirmed,structural,car,Shock-absorber external oil reservoir detaches; road hazard,"Toyota Motor Engineering & Manufacturing (Toyota) is recalling certain 2024 Tacoma Hybrid and 2024-2025 Tacoma vehicles. The metal flange on the front and rear shock absorbers may corrode and fail, resulting in detachment of the external oil reservoir.","An oil reservoir that detaches can create a road hazard, increasing the risk of a crash.","Dealers will inspect and replace the front and rear shock absorber assemblies, as necessary, free of charge. Owner notification letters are expected to be mailed September 21, 2026. Owners may contact Toyota's customer service at 1-800-331-4331. Toyota's numbers for this recall are 26TB14 and 26TA14."
26V230000,"Nissan North America, Inc.",NISSAN,CUBE,2009|2010,AIR BAGS:FRONTAL:DRIVER SIDE:INFLATOR MODULE,47928,20260409,excluded,,car,"Airbag inflator ruptures/detaches into the cabin; occupant-strike, not road debris","Nissan North America, Inc. (Nissan) is recalling certain 2009-2010 Cube vehicles. The driver’s air bag inflator may rupture or detach from the steering wheel during air bag deployment.","A driver's air bag that ruptures or detaches can strike the driver or other occupants, increasing the risk of injury during a crash.","Dealers will inspect the front air bag inflator serial number, and replace the inflator as necessary, free of charge. Owner notification letters were mailed June 9, 2026. Owners may contact Nissan's customer service at 800-647-7261. Nissan's number for this recall is R26A1. Vehicle Identification Numbers (VINs) involved in this recall will be searchable on NHTSA.gov beginning April 14, 2026."
26V500000,Honda (American Honda Motor Co.),HONDA,CMX300|CMX500|SCL500,2017|2018|2019|2020|2021|2022|2023|2025|2026,STEERING: STEERING WHEEL/HANDLE BAR|STEERING:CRITICAL FASTENERS,43913,20260730,confirmed,structural,motorcycle,"Handlebar lock screw loosens and detaches, fouling steering","Honda (American Honda Motor Co.) is recalling certain 2017-2023, 2025 CMX500, 2017-2023, 2025-2026 CMX300, and 2025 Honda SCL500 motorcycles. The handlebar lock screw may loosen and detach.","A detached screw may lodge between the frame and stem, interfering with steering and increasing the risk of a crash or injury.","Dealers will replace the lock screw and apply thread lock, free of charge. Interim letters notifying owners of the safety risk are expected to be mailed  September 21, 2026. Additional letters will be sent once the final remedy is available, anticipated in Winter 2026. Owners may contact Honda's customer service at 1-866-784-1870. Honda's number for this recall is KUO. This recall expands previous NHTSA recall number 26V146. Vehicle Identification Numbers (VINs) involved in this recall will be searchable on NHTSA.gov beginning August 4, 2026."
26V258000,"Volkswagen Group of America, Inc.",VOLKSWAGEN,TAOS,2025|2026,"FUEL SYSTEM, GASOLINE:DELIVERY:PRESSURE SENSOR",38710,20260422,excluded,,car,Fuel pressure sensor dislodges only in a rear-end crash; FMVSS noncompliance,"Volkswagen Group of America, Inc. (Volkswagen) is recalling certain 2025-2026 Taos vehicles. In the event of a rear-end crash, the fuel pressure sensor may dislodge or separate from the fuel tank. As such, these vehicles fail to comply with the requirements of Federal Motor Vehicle Safety Standard number 301, ""Fuel System Integrity.""","A fuel tank with a dislodged or separated fuel pressure sensor can leak fuel after a rollover crash, increasing the risk of a fire.","Dealers will install a fuel pressure sensor wiring harness extension, free of charge. Owner notification letters were mailed June 4, 2026. Owners may contact Volkswagen customer service at 1-800-893-5298. Volkswagen's number for this recall is 97TH. Vehicle Identification Numbers (VINs) involved in this recall will be searchable on NHTSA.gov beginning April 29, 2026."
26V403000,Ford Motor Company,FORD,BRONCO,2022|2023|2024|2025|2026,STRUCTURE:BODY,36046,20260624,confirmed,exterior,car,Fender flares not secured and detach; road hazard,Ford Motor Company (Ford) is recalling certain 2022-2026 Bronco vehicles. The fender flares may not be properly secured and detach from the vehicle.,A detached fender flare can become a road hazard and increase the risk of a crash.,"Dealers will inspect and repair, or replace the fender flares as necessary, free of charge.  Interim letters, notifying owners of the safety risk, were mailed August 11, 2026. Additional letters will be sent once the remedy is available, anticipated in late August 2026. Owners may contact Ford customer service at 1-866-436-7332. Ford's number for this recall is 26S47. Vehicle Identification Numbers (VINs) involved in this recall will be searchable on NHTSA.gov beginning August 7, 2026."
26V399000,"General Motors, LLC",CHEVROLET|GMC,EXPRESS|SAVANA,2025|2026,STEERING,26541,20260623,confirmed,structural,car,Steering-gear nut separates; loss of steering control,"General Motors, LLC (GM) is recalling certain 2025-2026 Express, and 2025-2026 Savana vehicles. The steering gear assembly may have a nut that was not properly tightened.","A loose nut that separates from the steering gear assembly while driving can cause a loss of steering control, increasing the risk of a crash.","Dealers will inspect and replace the steering gear assembly, if necessary, free of charge. Owner notification letters were mailed July 20, 2026. Owners may contact GMC customer service at 1-888-988-7267 or Chevrolet customer service at 1-800-222-1020. GM's number for this recall is N262563570. Vehicle Identification Numbers (VINs) involved in this recall became searchable on NHTSA.gov on June 23, 2026."
26V460000,"International Motors, LLC",IC BUS,CESB|EVSB,2025|2026|2027,STRUCTURE:BODY,22730,20260716,excluded,,bus,Body panels separate during a crash only; structural-integrity noncompliance,"International Motors, LLC (International) is recalling certain 2025-2027 IC Bus EVSB and CESB school buses. The driver's window panel and entrance door vertical joints may have been attached without sufficient epoxy coverage. As such, these vehicles fail to comply with the requirements of Federal Motor Vehicle Safety Standard (FMVSS) No. 221, ""School Bus Body Joint Strength.""","The body panels may separate during a crash, reducing structural integrity and increasing the risk of injury.","Dealers will install rivets along the driver's side window seam and entrance door seam, free of charge. Owner notification letters are expected to be mailed September 14, 2026. Owners may contact International's customer service at 1-800-448-7825. International's number for this recall is 26511."
26V003000,"Rivian Automotive, LLC",RIVIAN,R1S|R1T,2022|2023|2024|2025,SUSPENSION:CRITICAL FASTENERS,19641,20260105,confirmed,structural,car,Suspension toe-link joint may separate,"Rivian Automotive, LLC (Rivian) is recalling certain 2022-2025 R1S and R1T vehicles that previously had service performed. The toe link may have been reassembled incorrectly during service procedures performed before March 10, 2025.","The toe link joint may separate, increasing the risk of a crash.","Rivian will replace the rear toe link bolts, free of charge. Owner notification letters were mailed February 17, 2026. Owners may contact Rivian customer service at 1-888-748-4261. Rivian's number for this recall is FSAM-1794. Vehicle Identification Numbers (VINs) involved in this recall will be searchable on NHTSA.gov beginning February 24, 2026."
26V146000,Honda (American Honda Motor Co.),HONDA,CMX300|CMX500|SCL500,2023|2024|2025,STEERING: STEERING WHEEL/HANDLE BAR|STEERING:CRITICAL FASTENERS,19406,20260312,confirmed,structural,motorcycle,"Handlebar lock screw loosens and detaches, fouling steering","Honda (American Honda Motor Co.) is recalling certain 2023-2025 CMX300, CMX500, and CL500 motorcycles. The handlebar lock screw may loosen and detach.","A detached screw may lodge between the frame and stem, interfering with steering and increasing the risk of a crash or injury.","Dealers will replace the lock screw and apply thread lock, free of charge. Owner notification letters were mailed June 15, 2026. Owners may contact Honda's customer service at 1-866-784-1870. Honda's number for this recall is KUO. Vehicle Identification Numbers (VINs) involved in this recall will be searchable on NHTSA.gov beginning March 21, 2026."
26V240000,"Volkswagen Group of America, Inc.",AUDI,E-TRON QUATTRO|E-TRON SPORTBACK|Q8 SPORTBACK E-TRON|SQ8 E-TRON|SQ8 SPORTBACK E-TRON,2020|2021|2022|2023|2024,"SERVICE BRAKES, HYDRAULIC:PEDALS AND LINKAGES",18853,20260415,confirmed,structural,car,Brake pedal detaches from the booster; loss of brake function,"Volkswagen Group of America, Inc. (Audi) is recalling certain 2019-2023 Audi E-Tron Quattro, 2020-2023 Audi E-Tron Sportback, 2024 Q8 E-Tron, Q8 Sportback E-Tron, SQ8 E-Tron, and SQ8 Sportback E-Tron vehicles. The fastener that connects the brake pedal and the brake booster may have been improperly assembled during manufacturing, which can cause the brake pedal to detach from the brake booster.",Brake pedal detachment can cause a loss of brake function and increase the risk of a crash.,"Dealers will inspect and tighten the pushrod screw joint as necessary, free of charge. Owner notification letters were mailed on April 28, 2026. Owners may contact Audi customer service at 1-800-253-2834. Volkswagen's number for this recall is 46P7. This recall expands previous NHTSA recall number 24V621. Vehicle Identification Numbers (VINs) involved in this recall became searchable on NHTSA.gov on April 17, 2026."
26V299000,Ford Motor Company,FORD,BRONCO,2021|2022,STRUCTURE:BODY:ROOF AND PILLARS,16200,20260512,confirmed,exterior,car,Hardtop outer roof panel sections separate and detach; road hazard,"Ford Motor Company (Ford) is recalling certain 2021-2022 Bronco vehicles. The 3-door and 5-door Molded-In-Color (MIC) hardtop roof panels may have been manufactured improperly, which can allow sections of the outer roof panel to separate and detach from the vehicle.","A detached section of roof can create a road hazard, increasing the risk of a crash.","Dealers will inspect and replace the hard top as necessary, free of charge. Interim letters, notifying owners of the safety risk were mailed May 28, 2026. Additional letters will be sent once the remedy is available, anticipated in November 2026. Owners may contact Ford customer service at 1-866-436-7332. Ford's number for this recall is 26S32. Vehicle Identification Numbers (VINs) involved in this recall became searchable on NHTSA.gov on May 12, 2026."
26V141000,"Chrysler (FCA US, LLC)",JEEP,WAGONEER S,2024|2025|2026,STRUCTURE:BODY:HATCHBACK/LIFTGATE:HINGE AND ATTACHMENTS,11767,20260312,confirmed,exterior,car,Liftgate hinge cover detaches; road hazard,"Chrysler (FCA US, LLC) is recalling certain 2024-2026 Jeep Wagoneer S vehicles. The liftgate hinge cover may not be properly clipped into position and may detach from the vehicle.","A detached hinge cover can become a road hazard for other vehicles, increasing the risk of a crash.","Dealer will inspect, repair, or replace the hinge cover as necessary, free of charge. Owner notification letters were mailed May 1, 2026. Owners may contact FCA US, LLC customer service at 1-800-853-1403. FCA US, LLC's number for this recall is 26D. Vehicle Identification Numbers (VINs) involved in this recall will become searchable on NHTSA.gov on March 19, 2026."
26V119000,Ford Motor Company,FORD,F-250 SD|F-350 SD,2025|2026,POWER TRAIN:AXLE ASSEMBLY:AXLE SHAFT,11431,20260303,confirmed,structural,car,Driveshaft friction weld fails causing driveshaft separation,"Ford Motor Company (Ford) is recalling certain 2026-2025 F-250 SD and F-350 SD vehicles. The driveshaft friction weld may fail, resulting in rear driveshaft separation and a sudden loss of drive power.",A loss of drive power can increase the risk of a crash.,"Dealers will inspect the driveshaft serial number and replace the driveshaft as necessary, free of charge. Owner notification letters were mailed April 6, 2026. Owners may contact Ford customer service at 1-866-436-7332. Ford's number for this recall is 26S13. Vehicle Identification Numbers (VINs) involved in this recall became searchable on NHTSA.gov on March 4, 2026."
26V044000,"Grand Design RV, LLC",GRAND DESIGN,MOMENTUM|SOLITUDE,2021|2022|2023|2024,"SUSPENSION:FRONT:SPRINGS:LEAF SPRING ASSEMBLY:U-BOLT, LEAF SPRING TO AXLE|SUSPENSION:REAR:SPRINGS:LEAF SPRING ASSEMBLY:U",7585,20260126,borderline,structural,trailer,U-bolt preload loss lets the axle move out of position; shift rather than separation,"Grand Design RV, LLC (Grand Design) is recalling certain 2021-2024 Momentum and 2022-2024 Solitude Fifth Wheel trailers. The U-bolt may become loose due to inadequate preload and preload losses, causing the axle to move out of position.",An axle that moves out of position can cause a loss of vehicle control and increase the risk of a crash.,"Dealers will replace the axle attachment components, free of charge. Owner notification letters were mailed May 15, 2026. Owners may contact Grand Design customer service at 1-574-825-9679. Grand Design's number for this recall is 910054. This recall supersedes NHTSA Recalls 23V490 and 24V193."
26V334000,Brinkley RV,BRINKLEY RV,MODEL Z,2025|2026,SUSPENSION:FRONT:SPRINGS:COIL SPRINGS|SUSPENSION:REAR:SPRINGS:COIL SPRINGS,6061,20260522,confirmed,structural,trailer,Shock retainer bolt heads and washers detach; road hazard,Brinkley RV (Brinkley) is recalling certain 2025-2026 Model Z trailers. The shock bolts may have been incorrectly tightened.,"Broken shock retainer bolt heads and washers may detach and become a road hazard for other vehicles, increasing the risk of a crash.","Dealers will replace the shock bolts, free of charge. Owner notification letters were mailed June 3, 2026. Owner notification letters were mailed June 3, 2026. Owners may contact Brinkley's customer service at 1-574-501-4280. Brinkley's number for this recall is REC-2602. Vehicle Identification Numbers (VINs) involved in this recall will be searchable on NHTSA.gov beginning May 28, 2026."
26V074000,Oshkosh Corporation,OSHKOSH,NGDV|NGDV ELECTRIC,2025|2026,"SERVICE BRAKES, HYDRAULIC:PEDALS AND LINKAGES",5242,20260208,confirmed,structural,truck,Brake pedal separates from the actuator rod; loss of braking,Oshkosh Corporation (Oshkosh Defense) is recalling certain 2025-2026 NGDV vehicles. The mounting pin and retaining clip that retain the brake actuator rod to the brake pedal may not have been installed.,"An unsecured brake pedal can separate from the actuator, causing a loss of braking ability and increase the risk of a crash.","Oshkosh Defense will inspect and install the mounting pin and retaining clip as necessary, free of charge. Owner notification letters are expected to be mailed on February 16, 2026. Owners may contact Oshkosh Defense customer service at 1-833-304-8100. Oshkosh Defense's number for this recall is NGDV_TSB_059."
26V340000,Ford Motor Company,FORD,BRONCO SPORT|MAVERICK,2021|2022|2023|2024|2025|2026,SUSPENSION:FRONT:CONTROL ARM:LOWER BALL JOINT,4653,20260527,confirmed,structural,car,Control arm disconnects from the front wheel knuckle,"Ford Motor Company (Ford) is recalling certain 2021-2026 Bronco Sport and 2022-2026 Maverick vehicles. The front lower control arm ball joints may have been incorrectly installed or incorrectly repaired at the vehicle assembly plant, allowing the control arm to disconnect from the front wheel knuckle.","A detached control arm can cause a loss of vehicle control, increasing the risk of a crash.","Owners are advised not to drive their vehicles until the remedy is completed. Dealers will inspect and repair the front lower control arm ball joints as necessary, free of charge. Interim letters, notifying owners of the safety risk, were mailed June 4, 2026. Additional letters will be sent once the remedy is available. Owners may contact Ford customer service at 1-866-436-7332. Ford's number for this recall is 26S36. Vehicle Identification Numbers (VINs) involved in this recall became searchable on NHTSA.gov on May 29, 2026."
26V235000,Ford Motor Company,FORD,F-53|F-59,2025|2026,WHEELS:HUB,4351,20260414,confirmed,structural,chassis,Missing spindle nut can lead to wheel detachment,Ford Motor Company (Ford) is recalling certain 2025-2026 F-59 and F-53 vehicles. The front axle hub assembly may be missing the spindle nut and cotter pin.,"A missing spindle nut may lead to brake system damage or wheel detachment, resulting in a loss of vehicle control and increasing the risk of a crash.","Dealers will inspect and replace the front axle spindle nut and cotter pin as necessary, free of charge. Owner notification letters were mailed May 4, 2026. Owners may contact Ford customer service at 1-866-436-7332. Ford's number for this recall is 26S27. Vehicle Identification Numbers (VINs) involved in this recall became searchable on NHTSA.gov on April 16, 2026."
26V089000,"Winnebago Industries, Inc.",WINNEBAGO,NAVION|VIEW,2020|2021|2022|2023,STRUCTURE:EXTERIOR TRIM,4024,20260217,confirmed,exterior,rv,Roof cap aerofence trim detaches during transit; road hazard,"Winnebago Industries, Inc. (Winnebago) is recalling certain 2020-2023 View and Navion recreational vehicles. The rear roof cap aerofence trim may become loose and detach during transit.",A detached roof cap can become a road hazard for other vehicles and increase the risk of a crash.,"Dealers will inspect and install fasteners and rivets to the brackets as necessary, free of charge. Owner notification letters were mailed April 17, 2026. Owners may contact Winnebago customer service at 1-641-585-6939 or 1-800-537-1885. Winnebago's number for this recall is 202."
26V424000,Honda (American Honda Motor Co.),HONDA,PASSPORT|PILOT,2026,STRUCTURE:FRAME AND MEMBERS|SUSPENSION:REAR,3933,20260701,confirmed,structural,car,Loose bolts can cause rear subframe detachment,Honda (American Honda Motor Co.) is recalling certain 2026 Pilot and Passport vehicles. The rear subframe bolts may have been tightened improperly.,"Loose rear subframe bolts can lead to a loss of vehicle stability or rear subframe detachment, increasing the risk of a crash or injury.","Dealers will inspect and replace the rear subframe bolts as necessary, free of charge. Owner notification letters are expected to be mailed August 24, 2026. Owners may contact Honda's customer service at 1-888-234-2138. Honda's number for this recall is OOY. Vehicle Identification Numbers (VINs) involved in this recall will be searchable on NHTSA.gov beginning July 10, 2026."
26V198000,"Mercedes-Benz USA, LLC",MERCEDES-BENZ,G 580 EV,2025,WHEELS:LUGS/NUTS/BOLTS/STUDS,3734,20260327,confirmed,structural,car,Incorrect wheel bolts allow a wheel to loosen or detach,"Mercedes-Benz USA, LLC (MBUSA) is recalling certain 2025 G580 vehicles. The incorrect wheel bolts may have been installed during vehicle manufacturing.","Incorrect wheel bolts can allow a wheel to loosen or detach from the vehicle, increasing the risk of a crash.","Dealers will replace the wheel bolts, free of charge. Owner notification letters were mailed June 24, 2026. Owners may contact MBUSA customer service at 1-800-367-6372. MBUSA's number for this recall is 2026040008. Vehicle Identification Numbers (VINs) involved in this recall became searchable on NHTSA.gov on April 2, 2026."
26V108000,Newmar Corporation,NEWMAR,BAY STAR|BAY STAR SPORT,2018|2019|2020|2021|2022|2023|2024|2025|2026,STRUCTURE:BODY:HOOD:HINGE AND ATTACHMENTS,3582,20260224,confirmed,exterior,rv,Hood stop adhesive fails and the stop detaches in transit; road hazard,"Newmar Corporation (Newmar) is recalling certain 2018-2026 Bay Star and Bay Star Sport motorhomes. The hood stops mounting adhesive may fail, which can allow the hood stop to detach while the vehicle is in transit.","Hood stops that detach can become a road hazard, increasing the risk of a crash or injury.","Dealers will inspect and reinstall the hood stop brackets, free of charge. Owner notification letters were mailed April 20, 2026. Owners may contact Newmar customer service at 1-800-731-8300. Newmar's number for this recall is 627 RSB."
26V168000,"International Motors, LLC",IC BUS,CESB|EVSB,2023|2024|2025|2026|2027,STRUCTURE:BODY|STRUCTURE:CRITICAL FASTENERS,2874,20260319,excluded,,bus,Body panels separate during a crash only,"International Motors, LLC (International) is recalling certain 2023-2027 IC Bus CESB and 2025-2027 IC Bus EVSB school buses. The body panel joint may have been attached without sufficient epoxy coverage. As such these vehicle fail to comply with the requirements of Federal Motor Vehicle Safety Standard (FMVSS) No. 221, ""School Bus Body Joint Strength.""","The body panels may separate during a crash, reducing structural integrity and increasing the risk of injury.","Dealers will inspect and repair the interior vertical joint as necessary, free of charge. Owner notification letters were mailed May 4, 2026. Owners may contact International's customer service at 1-800-448-7825. International's number for this recall is 26504. Vehicle Identification Numbers (VINs) involved in this recall will be searchable on NHTSA.gov beginning May 11, 2026."
26V166000,"General Motors, LLC",CHEVROLET|GMC,SIERRA 1500|SIERRA 2500|SIERRA 3500|SILVERADO 1500|SILVERADO 2500|SILVERADO 3500,2018|2019,AIR BAGS,2819,20260319,excluded,,car,Roof-rail airbag inflator end cap detaches into the cabin,"General Motors, LLC (GM) is recalling certain 2018 Chevrolet Silverado 1500, GMC Sierra 1500, 2019 Chevrolet Silverado 2500, Silverado 3500, GMC Sierra 2500, and Sierra 3500 Crew Cab vehicles.  The left or right-side roof rail air bag (RRAB) inflator end cap may detach from the inflator or the inflator sidewall may rupture.","A detached end cap or inflator rupture can allow compressed gas to escape and project the end cap or fragments of the inflator into the vehicle, increasing the risk of injury.","Dealers will replace the left and right-side RRAB modules, free of charge. Owner notification letters were mailed April 16, 2026. Owners may contact GMC customer service at 1-888-988-7267 or Chevrolet customer service at 1-800-222-1020. GM's number for this recall is N262549710. Vehicle Identification Numbers (VINs) involved in this recall became searchable on NHTSA.gov on March 19, 2026."
26V325000,"General Motors, LLC",CHEVROLET|GMC,SIERRA 1500|SIERRA 2500|SIERRA 3500|SILVERADO 1500|SILVERADO 2500|SILVERADO 3500,2018|2019,AIR BAGS,2785,20260521,excluded,,car,Roof-rail airbag inflator end cap detaches into the cabin,"General Motors, LLC (GM) is recalling certain 2018 Chevrolet Silverado 1500, GMC Sierra 1500, 2019 Chevrolet Silverado 2500, Silverado 3500, GMC Sierra 2500, and Sierra 3500 vehicles. The left-side or right-side roof rail air bag (RRAB) inflator end cap may detach from the inflator or the inflator sidewall may rupture.","A detached end cap or inflator rupture can allow compressed gas to escape and project the end cap or fragments of the inflator into the vehicle, increasing the risk of injury.","Dealers will replace both RRAB modules, free of charge. Owner notification letters were mailed June 24, 2026. Owners may contact GMC customer service at 1-888-988-7267 or Chevrolet customer service at 1-800-222-1020. GM's number for this recall is N262557310. Vehicle Identification Numbers (VINs) involved in this recall became searchable on NHTSA.gov on May 21, 2026. This recall expands previous NHTSA recall number 26V166."
26V337000,"Alliance RV, LLC",ALLIANCE RV,PARADIGM,2025|2026|2027,SUSPENSION:FRONT:SPRINGS:COIL SPRINGS|SUSPENSION:REAR:SPRINGS:COIL SPRINGS,2428,20260526,confirmed,structural,trailer,Shock retainer bolt heads and washers detach; road hazard,"Alliance RV, LLC (Alliance) is recalling certain 2025-2027 Paradigm recreational trailers equipped with certain Curt Touring Coil Suspensions. The shock bolts may have been incorrectly tightened.","Broken shock retainer bolt heads and washers may detach and become a road hazard to other vehicles, increasing the risk of a crash.","Dealers will replace the shock bolts, free of charge. Owner notification letters were mailed June 23, 2026. Owners may contact Alliance customer service at 1-574-218-7165."
26V167000,"Terex South Dakota, Inc.",TEREX,C4000|C5000|C6000|GENERAL 65|GENERAL 80|GENERAL 95,2019|2020|2021|2022|2023|2024|2025|2026,EQUIPMENT,2303,20260319,borderline,structural,truck,"Retaining pin separates and the pole-guide arm falls; work equipment, not on-road debris","Terex South Dakota, Inc. (Terex) is recalling certain 2019-2026 General 65, General 80, General 95, C4000, C5000, and C6000 digger utility trucks equipped with pole guides. An insufficient weld on the plate weldment may crack, causing the retaining pin to separate.","Without a retaining pin, the pole guide arm may fall, increasing the risk of injury to people around the truck.","Owners will inspect the plate weldment for any cracks or abnormal welds. Dealers or owners will replace the plate weldment as necessary, free of charge. Owner notification letters were mailed June 2, 2026. Owners may contact Terex's customer service at 1-605-882-4000. Terex's number for this recall is SN737."
26V276000,"Grand Design RV, LLC",GRAND DESIGN,LINEAGE,2025|2026,EQUIPMENT:ELECTRICAL:ACCESSORY GENERATOR:SOLAR PANEL|STRUCTURE:CRITICAL FASTENERS,1269,20260430,confirmed,exterior,rv,Roof solar panel adhesive fails and the panel detaches; road hazard,"Grand Design RV, LLC (Grand Design) is recalling certain 2025-2026 Lineage recreational vehicles. The adhesive securing the solar panels to the roof may fail, allowing the solar panel to detach.","A detached solar panel can become a road hazard for other vehicles, increasing the risk of a crash.","Dealers will install mechanical fasteners, free of charge. Owner notification letters were mailed May 11, 2026. Owners may contact Grand Design customer service at 1-574-825-9679. Grand Design's number for this recall is M910059. This recall supersedes NHTSA recall 26V042."
26V354000,"Grand Design RV, LLC",GRAND DESIGN,REFLECTION,2025|2026,SUSPENSION:FRONT:SPRINGS:COIL SPRINGS|SUSPENSION:REAR:SPRINGS:COIL SPRINGS,1111,20260601,confirmed,structural,trailer,Shock retainer bolt heads and washers detach; road hazard,"Grand Design RV, LLC (Grand Design) is recalling certain 2025-2026 Reflection fifth wheel recreational trailers, equipped with certain Curt Touring Coil Suspensions. The shock bolts may have been incorrectly tightened.","Broken shock retainer bolt heads and washers may detach and become a road hazard, increasing the risk of a crash.","Dealers will replace the shock bolts, free of charge. Owner notification letters were mailed June 26, 2026. Owners may contact Grand Design customer service at 1-574-825-9679. Grand Design's number for this recall is 910062."
26V496000,"General Motors, LLC",CHEVROLET|GMC,SIERRA EV|SILVERADO EV,2026,TIRES:TEMPORARY/EMERGENCY SPARE TIRE|WHEELS,952,20260730,confirmed,structural,car,Cracked steel wheel can lead to disc separation; loss of control,"General Motors, LLC (GM) is recalling certain 2026 Chevrolet Silverado EV and GMC Sierra EV vehicles. A manufacturing defect may result in the steel wheels cracking at the disc vent holes.","A cracked wheel may lead to disc separation and a loss of control, increasing the risk of a crash.","Dealers will inspect and replace the wheels as necessary, free of charge. Owner notification letters are expected to be mailed September 14, 2026. Owners may contact GMC customer service at 1-800-462-8782 and Chevrolet customer service at 1-800-222-1020. GM's number for this recall is N262556920. Vehicle Identification Numbers (VINs) involved in this recall became searchable on NHTSA.gov on July 30, 2026."
26V007000,East Trailers LLC,EAST,BEAST|BEAST II,2024|2025|2026,STRUCTURE: UNDERRIDE,769,20260113,confirmed,structural,trailer,Weld failure causes the rear impact guard to detach,"East Trailers, LLC (East Trailers) is recalling certain 2024-2026 Beast and Beast II trailers. An improper weld may fail, causing the rear impact guard to detach. As such, these vehicles fail to comply with the requirements of Federal Motor Vehicle Safety Standard numbers 223, ""Rear Impact Guards"" and 224, ""Rear Impact Protection.""","A detached rear impact guard cannot mitigate the impact of a crash, increasing the risk of injury.","Dealers will repair the weld joint, free of charge. Owner notification letters were mailed March 12, 2026. Owners may contact East Trailers' customer service at 1-574-295-7888."
26V058000,"Grand Design RV, LLC",GRAND DESIGN,LINEAGE,2025|2026,SEATS,683,20260130,excluded,,rv,"Seat base loose; FMVSS noncompliance, no separation from the vehicle","Grand Design RV, LLC (Grand Design) is recalling certain 2025-2026 Lineage motorhomes. The seat base on the driver and front passenger seat may have been improperly tightened, causing the base to become loose.  As such, these vehicles fail to comply with the requirements of Federal Motor Vehicle Safety Standard (FMVSS) number 207, “Seating Systems.”",A loose seat base increases the risk of injury in the event of a crash.,"Dealers will inspect and tighten the seat base, as necessary, free of charge. Owner notification letters were mailed March 4, 2026. Owners may contact Grand Design customer service at 1-574-825-9679. Grand Design's number for this recall is M910057."
26V322000,"K.Z., Inc.",KZRV,DURANGO,2026,SUSPENSION:FRONT:SPRINGS:COIL SPRINGS|SUSPENSION:REAR:SPRINGS:COIL SPRINGS,677,20260520,confirmed,structural,trailer,Shock retainer bolt heads and washers detach; road hazard,"K.Z., Inc. (K.Z.) is recalling certain 2026 Durango recreational trailers equipped with certain Curt Touring Coil Suspensions. The shock bolts may have been incorrectly tightened.","Broken shock retainer bolt heads and washers may detach and become a road hazard for other vehicles, increasing the risk of a crash.","K.Z. will replace the shock bolts, free of charge. Owner notification letters were mailed June 10, 2026. Owners may contact K.Z. customer service at 1-800-768-4016 ext. 154 or 153. K.Z.'s number for this recall is KZ-2026-01."
26V351000,"Mack Trucks, Inc.",MACK,ANTHEM (AN)|ANTHEM AN (4)|GRANITE (GR)|PINNACLE (PI/PN)|PIONEER PR (4),2026|2027,WHEELS:LUGS/NUTS/BOLTS/STUDS,644,20260528,confirmed,structural,truck,Wheel lug nuts loosen and allow the wheel to detach,"Mack Trucks, Inc. (Mack) is recalling certain 2026 Anthem (AN), 2026-2027 Pioneer PR (4), Pinnacle (PI/PN), Granite (GR), and 2027 Anthem AN (4) vehicles. The wheel lug nuts may loosen and allow the wheel to detach.","Wheel detachment can cause a loss of vehicle control or create a road hazard, increasing the risk of a crash or injury.","Owners are advised not to drive their vehicles until the repair has been performed. Dealers will inspect the wheel and hub mating surfaces, remove any masking material, and replace any worn components if necessary, free of charge. Owner notification letters were mailed June 22, 2026. Owners may contact Mack's customer service at 1-800-866-1177. Mack's number for this recall is SC0495. Vehicle Identification Numbers (VINs) involved in this recall became searchable on NHTSA.gov on May 31, 2026."
26V456000,"Chrysler (FCA US, LLC)",JEEP,GLADIATOR|WRANGLER,2026,WHEELS,641,20260716,confirmed,structural,car,Thin steel wheel walls crack or detach; loss of control,"Chrysler (FCA US, LLC) is recalling certain 2026 Jeep Gladiator and Jeep Wrangler vehicles. The walls for the steel wheels may be too thin, allowing them to crack or detach, which can result in a loss of vehicle control.",Loss of vehicle control increases the risk of a crash.,"Dealers will inspect and replace the steel wheels and valve stems, as necessary, free of charge. Owner notification letters are expected to be mailed September 4, 2026. Owners may contact FCA customer service at 1-800-853-1403. FCA's number for this recall is 05D. Vehicle Identification Numbers (VINs) involved in this recall will become searchable on NHTSA.gov beginning July 23, 2026."
26V479000,"ARBOC Specialty Vehicles, LLC",ARBOC,SPIRIT OF INDEPENDENCE,2017|2018|2019|2020|2021|2022|2023|2024|2025|2026,SUSPENSION:CRITICAL FASTENERS|SUSPENSION:REAR:SPRINGS:LEAF SPRING ASSEMBLY:HANGER/BRACKET,502,20260724,confirmed,structural,bus,Rear spring hanger may detach from the frame,"ARBOC Specialty Vehicles, LLC (ARBOC) is recalling certain 2017-2026 Spirit of Independence transit buses. The wrong size washers may have been installed on the rear spring hanger bolts.","The rear spring hanger may detach from the frame, increasing the risk of a crash.","Dealers will install the correct washers, free of charge. Owner notification letters are expected to be mailed September 18, 2026. Owners may contact ARBOC customer service at 1-866-953-5555."
26V077000,Nova Bus (US) Inc.,NOVA BUS,LFS|LFS ARTIC,2013|2014|2015|2016|2017|2018|2019|2020,SEATS,478,20260210,excluded,,bus,Passenger seat detaches and falls to the floor inside the bus,"Nova Bus (US) Inc. (Nova Bus) is recalling certain 2013-2019 LFS and 2019-2020 LFS Artic transit buses equipped with Double Transversal seats. The passenger seat mounting rails may crack, causing the seat to detach and fall to the floor.",A seat that falls unexpectedly increases the risk of injury to passengers in or near to the seat.,"Nova Bus will replace the attachment brackets, free of charge. Interim owner notification letters explaining the safety risk were mailed by April 10, 2026. Owners will receive another notice once remedy becomes available. Owners may contact Nova Bus customer service at 1-450-472-6410. Vehicle Identification Numbers (VINs) involved in this recall will be searchable on NHTSA.gov beginning September 25, 2026."
26V042000,"Grand Design RV, LLC",GRAND DESIGN,LINEAGE,2025|2026,EQUIPMENT:ELECTRICAL:ACCESSORY GENERATOR:SOLAR PANEL|STRUCTURE:CRITICAL FASTENERS,460,20260123,confirmed,exterior,rv,Roof solar panel adhesive fails and the panel detaches; road hazard,"Grand Design RV, LLC (Grand Design) is recalling certain 2025-2026 Lineage recreational vehicles. The adhesive securing the solar panels to the roof may fail, allowing the solar panel to detach.","A detached solar panel can become a road hazard for other vehicles, increasing the risk of a crash.","Dealers will properly secure the solar panels, free of charge. Owner notification letters were mailed March 4, 2026. Owners may contact Grand Design customer service at 1-574-825-9679. Grand Design's number for this recall is M910053. This recall has been superseded by Recall 26V276."
26V435000,Wabash National Corporation,WABASH,ECONEX REFRIGERATED BODY,2021|2022|2023|2024|2025|2026,STRUCTURE:BODY:STEP/LADDER,357,20260707,confirmed,exterior,truck,Side door stirrup steps not secured and may detach,Wabash National Corporation (Wabash) is recalling certain 2021-2026 Econex Refrigerated Body vehicles. The side door stirrup steps are not properly secured and may detach.,"Steps that detach while in use increase the risk of injury. Additionally, steps that detach while in transit increase the risk of a crash.","Wabash will repair the stirrup steps, free of charge. Owner notification letters are expected to be mailed September 4, 2026. Owners may contact Wabash customer service at 1-765-771-5404."
26V132000,ESCAPE TRAILER INDUSTRIES LTD.,ESCAPE,ESCAPE 17|ESCAPE 19|ESCAPE 21|ESCAPE 5.0,2025,EQUIPMENT:MECHANICAL:SPARE TIRE MOUNT/RACK,324,20260305,confirmed,exterior,trailer,Spare tire carrier detaches from the trailer during transit,"Escape Trailer Industries LTD. (Escape Trailer) is recalling certain 2025 E17, E19, E21, E5.0 recreational trailers. The spare tire carrier may have incorrect welding, causing the carrier to detach from the trailer during transit.","A detached carrier can become a road hazard for other vehicles, increasing the risk of a crash or injury.","Dealers will replace the spare tire carriers, free of charge. Owner notification letters are expected to be mailed March 2026. Owners may contact Escape Trailer customer service at 1-604-703-1650. Vehicle Identification Numbers (VINs) involved in this recall became searchable on NHTSA.gov on March 9, 2026."
26V157000,Ford Motor Company,FORD,MAVERICK,2025|2026,VISIBILITY:SUN/MOON ROOF ASSEMBLY,323,20260317,confirmed,exterior,car,Moonroof glass panel detaches from the vehicle; road hazard,"Ford Motor Company (Ford) is recalling certain 2025-2026 Maverick vehicles. The moonroof glass may not have been bonded correctly to the moonroof frame, which could result in the glass panel detaching from the vehicle.","A detached glass panel may become a road hazard, increasing the risk of a crash.","Dealers will inspect the moonroof glass and replace the glass if necessary, free of charge. Owner notification letters were mailed April 17, 2026. Owners may contact Ford customer service at 1-866-436-7332. Ford's number for this recall is 26S18. Vehicle Identification Numbers (VINs) involved in this recall became searchable on NHTSA.gov on March 18, 2026."
26V118000,Ford Motor Company,FORD,E-350|E-450,2026|2027,BACK OVER PREVENTION:WARNINGS:EXTERNAL/PEDESTRIAN ALERT,316,20260303,excluded,,truck,"Backup alarm connector detaches; the alarm fails to sound, no part leaves the vehicle","Ford Motor Company (Ford) is recalling certain 2026-2027 E-350 and E-450 vehicles. The backup alarm connector may become loose and detach, preventing the alarm from sounding when the vehicle is backing up.","A backup alarm that fails to alert pedestrians and other vehicles of a reversing vehicle, increases the risk of crash or injury.","Dealers will replace the exterior sound connector on the frame wiring harness, free of charge. Owner notification letters were mailed March 17, 2026. Owners may contact Ford customer service at 1-866-436-7332. Ford's number for this recall is 26S12. Vehicle Identification Numbers (VINs) involved in this recall became searchable on NHTSA.gov on March 4, 2026."
26V271000,Roadtrek Inc.,ROADTREK,PIVOT SLUMBER|PLAY SLUMBER|PLAY TUFF SL|PLAY+SLUMBER|WESTFALIA WAVE SL|ZION SLUMBER,2022|2023|2024|2025|2026,EQUIPMENT:RECREATIONAL VEHICLE/TRAILER,312,20260429,borderline,exterior,rv,Pop-top lifts in transit and detaches only if the secondary straps also fail,"Roadtrek Inc. (Roadtrek) is recalling certain 2024-2026 Westfalia Wave SL, 2022-2026 Zion Slumber, Play Slumber, 2026 Play Tuff SL, 2025-2026 Play+Slumber, and 2024 Pivot Slumber recreational vehicles. The pop-top latch may disengage during transit, causing the pop-top to lift.","A pop-top that lifts during transit can distract the driver, or detach if the secondary safety straps fail, increasing the risk of a crash.","Dealers will replace the primary latch and secondary safety straps, free of charge. Owner notification letters were mailed May 20, 2026. Owners may contact Roadtrek customer service at 1-888-762-3873. Roadtrek's number for this recall is 2026-01."
26V463000,"Altec Industries, Inc.",ALTEC,AT SERIES,2024|2025|2026,EQUIPMENT:MECHANICAL:BOOM/CRANE/LADDER:CRITICAL FASTENERS,309,20260717,borderline,structural,truck,"Pedestal/turntable separation on a boom; work equipment, not on-road debris","Altec Industries, Inc. (Altec) is recalling certain 2024-2026 AT Series vehicles. The turntable rotation bearing fasteners may not have been heat treated properly.","A fastener that has not been heat treated could fail, resulting in separation of the pedestal and turntable, increasing the risk of injury.","Altec will instruct owners to inspect the lot number on the fasteners and, if necessary, order a rotation bolt kit to replace the fasteners, or schedule service with Altec, free of charge. Owner notification letters are expected to be mailed September 11, 2026. Owners may contact Altec customer service at 1-877-462-5832.  Altec's number for this recall is CSN-3347."
26V027000,Oshkosh Corporation,OSHKOSH,NGDV|NGDV ELECTRIC,2025,WHEELS:HUB,230,20260121,confirmed,structural,truck,Rear axle hub fasteners loosen causing wheel detachment,"Oshkosh Corporation (Oshkosh Defense) is recalling certain 2025 NGDV vehicles. The rear axle hub fasteners may loosen, causing the wheel to detach.","A detached wheel can cause a loss of vehicle control or become a road hazard for other vehicles, increasing the risk of a crash.","Oshkosh Defense will replace and properly tighten the fasteners, free of charge. Owner notification letters were mailed on February 5, 2026. Owners may contact Oshkosh Defense customer service at 1-833-304-8100. Oshkosh Defense's number for this recall is NGDV_TSB_057."
26V041000,"Forest River Bus, LLC",FOREST RIVER BUS,COLLINS SCHOOL BUS,2026,STRUCTURE:BODY,213,20260123,excluded,,bus,Body panels separate during a crash only,"Forest River Bus, LLC (Forest River Bus) is recalling certain 2026 Collins Bus school buses. The body panel joint adhesive may have been applied to the incorrect location, causing the panels to separate. As such these vehicle fail to comply with the requirements of Federal Motor Vehicle Safety Standard (FMVSS) No. 221, ""School Bus Body Joint Strength.""","Separated body panels can reduce structural integrity, increasing the risk of injury in a crash.","Dealers will inspect and apply adhesive as necessary, free of charge. Owner notification letters were mailed February 18, 2026. Owners may contact Forest River Bus customer service at 1-620-888-3310. Forest River Bus's number for this recall is 551-2021."
26V350000,Volvo Trucks North America,VOLVO,VAH|VHD|VN|VNL (4)|VNR (4),2026|2027,WHEELS:LUGS/NUTS/BOLTS/STUDS,205,20260528,confirmed,structural,truck,Wheel lug nuts loosen and allow the wheel to detach,"Volvo Trucks North America (Volvo Trucks) is recalling certain 2026 VAH,  2026-2027 VN, VHD, VNL (4), and 2027 VNR (4) vehicles. The wheel lug nuts may loosen and allow the wheel to detach.","Wheel detachment can cause a loss of vehicle control or create a road hazard, increasing the risk of a crash or injury.","Owners are advised not to drive their vehicles until the repair has been performed. Dealers will inspect the wheel and hub mating surfaces, remove any masking material, and replace any worn components if necessary, free of charge. Owner notification letters were mailed June 15, 2026. Owners may contact Volvo Trucks' customer service at 800-528-6586. Volvo Trucks' number for this recall is RVXX2606.Vehicle Identification Numbers (VINs) involved in this recall became searchable on NHTSA.gov on May 29, 2026."
26V336000,"Forest River, Inc.",FOREST RIVER,CEDAR CREEK|R-POD|RIVERSTONE,2024|2026,SUSPENSION:FRONT:SPRINGS:COIL SPRINGS|SUSPENSION:REAR:SPRINGS:COIL SPRINGS,200,20260526,confirmed,structural,trailer,Shock retainer bolt heads and washers detach; road hazard,"Forest River, Inc. (Forest River) is recalling certain 2026 Riverstone, Cedar Creek, and 2024 R-Pod recreational trailers equipped with Curt Touring Coil Suspensions. The shock bolts may have been incorrectly tightened.","Broken shock retainer bolt heads and washers may detach and become a road hazard for other vehicles, increasing the risk of a crash.","Dealers will replace the shock bolts, free of charge. Owner notification letters were mailed July 6, 2026. Owners may contact Cedar Creek customer service at 1-260-593-4000, R-Pod customer service at 1-574-642-3119, and Riverstone customer service at 1-260-593-4028. Forest River's number for this recall is 51-062."
26V480000,"Midwest Industries, Inc.",YAMAHA,BOAT TRAILER,2027,TRAILER HITCHES,183,20260724,confirmed,structural,trailer,"Trailer tongue fatigues and fails, detaching the trailer","Midwest Industries, Inc. (Midwest) is recalling certain 2027 Yamaha boat trailers. The tongue may fatigue and fail during towing, resulting in the trailer detaching.",A detached trailer increases the risk of a crash.,"Owners are advised not to tow their trailer until the repair has been completed. Dealer will replace the trailer tongue, free of charge. Owner notification letters are expected to be mailed September 22, 2026. Owners may contact Midwest customer service at 1-800-859-3028."
26V097000,"Jaguar Land Rover North America, LLC",LAND ROVER,RANGE ROVER|RANGE ROVER SPORT,2023|2024|2025|2026,STRUCTURE:EXTERIOR TRIM,178,20260219,confirmed,exterior,car,Panoramic sunroof side finisher trim detaches; road hazard,"Jaguar Land Rover North America, LLC (Land Rover) is recalling certain 2023-2026 Range Rover Sport and Range Rover vehicles. The panoramic sunroof side finisher trim may not be properly secured and can detach.","A detached panoramic sunroof side trim can become a road hazard, increasing the risk of injury or crash.","Dealers will inspect the panoramic sunroof side finisher trim and secure it as necessary, free of charge. Owner letters were mailed June 19, 2026. Owners may contact Land Rover's customer service at 800-637-6837. Land Rover's number for this recall is D095."
26V255000,"Tesla, Inc.",TESLA,CYBERTRUCK,2024|2025|2026,"SERVICE BRAKES, HYDRAULIC:FOUNDATION COMPONENTS:DISC:ROTOR|WHEELS:LUGS/NUTS/BOLTS/STUDS",173,20260421,confirmed,structural,car,Brake rotor stud holes crack and the stud separates from the hub,"Tesla, Inc. (Tesla) is recalling certain 2024-2026 Cybertruck vehicles equipped with 18-inch steel wheels. The brake rotor stud holes may crack and allow the stud to separate from the wheel hub.","Wheel stud separation can cause a loss of vehicle control, increasing the risk of a crash.","Tesla Service will replace the front and rear brake rotors, hubs, and lug nuts, free of charge. Owner notification letters were mailed June 20, 2026. Owners may contact Tesla customer service at 1-877-798-3752. Tesla's number for this recall is SB-26-33-003."
26V314000,Hyundai Motor America,HYUNDAI,IONIQ 5|IONIQ 9,2025|2026,SUSPENSION:CRITICAL FASTENERS,172,20260518,confirmed,structural,car,Rear suspension fasteners loosen and detach; loss of control,"Hyundai Motor America (Hyundai) is recalling certain 2025 Ioniq 5 and 2026 Ioniq 9 vehicles. The fasteners for the rear suspension may loosen and detach, which can result in a loss of vehicle control.",A loss of vehicle control increases the risk of a crash.,"Dealers will inspect and replace the rear suspension fasteners and perform a rear vehicle alignment, as necessary, free of charge. Owner notification letters are expected to be mailed July 17, 2026. Owners may contact Hyundai customer service at 1-855-371-9460. Hyundai's number for this recall is 303. Vehicle Identification Numbers (VINs) involved in this recall became searchable on NHTSA.gov on May 20, 2026."
26V211000,Keystone RV Company,KEYSTONE,MONTANA,2026,STRUCTURE:BODY,172,20260402,confirmed,exterior,trailer,Underbelly improperly secured and detaches; road hazard,"Keystone RV Company (Keystone) is recalling certain 2026 Montana fifth wheel recreational trailers. The underbelly may be improperly secured, causing it to detach.","A detached underbelly can become a road hazard for other vehicles, increasing the risk of a crash.","Dealers will install C-channels and I-beams to secure the underbelly, free of charge. Owner notification letters were mailed April 15, 2026. Owners may contact Keystone customer service at 1-866-425-4369. Keystone's number for this recall is 26-482. Vehicle Identification Numbers (VINs) involved in this recall will be searchable on NHTSA.gov beginning May 28, 2026."
26V088000,Shyft Group,BLUE ARC,BA4L-800,2024|2025,STEERING:GEAR BOX:MOUNTING BRACKET,149,20260217,confirmed,structural,truck,Steering gearbox mounting fasteners loosen or detach,"Shyft Group (Shyft) is recalling certain 2024-2025 Blue Arc BA4L-800 vehicles. The mounting fasteners may loosen or detach, causing the steering gearbox to bind.","Binding in the gearbox can cause a loss of steering, increasing the risk of a crash.","Shyft will replace the steering gearbox mounting bolts and washers, free of charge. Owner notification letters were mailed February 23, 2026. Owners may contact Shyft customer service at 1-800-237-7806. Shyft's number for this recall is 26-01."
26V339000,"Ember Recreational Vehicles, INC",EMBER,TOURING EDITION,2026|2027,SUSPENSION:FRONT:SPRINGS:COIL SPRINGS|SUSPENSION:REAR:SPRINGS:COIL SPRINGS,143,20260527,confirmed,structural,trailer,Shock retainer bolt heads and washers detach; road hazard,"Ember Recreational Vehicles, INC. (Ember) is recalling certain 2026-2027 Touring Edition recreational trailers, equipped with certain Curt Touring Coil Suspensions. The shock bolts may have been incorrectly tightened.","Broken shock retainer bolt heads and washers may detach and become a road hazard, increasing the risk of a crash.","Dealers will replace the shock bolts, free of charge. Owner notification letters were mailed June 2, 2026. Owners may contact Ember customer service at 1-844-732-4204."
26V501000,"Autocar, LLC",AUTOCAR,E-ACTT,2023|2024|2025|2026|2027,"SERVICE BRAKES, AIR:ANTILOCK:CONTROL UNIT/MODULE",137,20260730,borderline,structural,truck,ABS ECU separates from its mounting but stays in the vehicle,"Autocar, LLC (Autocar) is recalling certain 2023-2027 ACTT terminal tractors. The Antilock Braking System (ABS) Electronic Control Unit (ECU) may be improperly secured, allowing the ABS ECU to separate.","A separated ABS ECU may become damaged, causing the ABS system to fail and increasing the risk of a crash.","Autocar will replace the fasteners, free of charge. Owner notification letters to be mailed September 25, 2026. Owners may contact Autocar customer service at 1-888-218-3611. Autocar's number for this recall is ACTT-2601."
26V405000,Harbinger Motors Inc.,HARBINGER MOTORS,STRIPPED CHASSIS,2025,STEERING,129,20260624,confirmed,structural,chassis,Steering gear mounting bolts come loose or break,Harbinger Motors Inc (Harbinger) is recalling certain 2025 Stripped Chassis vehicles. The steering gear mounting bolts may come loose or break.,"Broken or loose steering gear bolts can cause a loss of steering control, increasing the risk of a crash.","Dealers will replace the steering gear assembly bolts, free of charge. Owner notification letters are expected to be mailed August 10, 2026. Harbinger's number for this recall is REC-04-00003."
26V348000,"International Motors, LLC",IC BUS,EVSB,2026|2027,ELECTRICAL SYSTEM:PROPULSION SYSTEM:CRITICAL FASTENERS,125,20260528,confirmed,structural,bus,Mounting bracket bolts allow the drive motor to detach; road hazard,"International Motors, LLC (International) is recalling certain 2026-2027 IC Bus EVSB school buses. The mounting bracket bolts may have been improperly tightened, allowing the drive motor to detach.","A detach drive motor can become a road hazard for other vehicles, increasing the risk of a crash or injury.","Dealers will tighten or replace the drive mounting bolts as necessary, free of charge. Owner notification letters were mailed June 22, 2026. Owners may contact International's customer service at 1-800-448-7825. International's number for this recall is 26507. Vehicle Identification Numbers (VINs) involved in this recall will be searchable on NHTSA.gov beginning July 20, 2026."
26V502000,Alamo Group Inc.,ROYAL TRUCK & EQUIPMENT,TRAFFIC CONTROL VEHICLE,2022|2023|2024|2025|2026,EQUIPMENT:ELECTRICAL:ACCESSORY GENERATOR:SOLAR PANEL|STRUCTURE:CRITICAL FASTENERS,110,20260731,confirmed,exterior,truck,Sign-board solar panel screws loosen causing partial detachment,"Alamo Group, Inc. (Royal Truck) is recalling certain 2022-2026 Royal Truck & Equipment Class 2 Traffic Control trucks equipped with a Wanco sign board. The solar panel screws may loosen, resulting in a partial detachment.","A dangling or completely disengaged solar panel may hit other vehicles or pedestrians, increasing the risk of a crash or injury.","Royal Truck will provide instructions on how to remove the self-tapping screws and replace with rivets, free of charge. Owner notification letters are expected to be mailed September 29, 2026. Owners may contact Royal Truck's customer service at 866-975-0212."
26V272000,Newmar Corporation,NEWMAR,FREEDOM AIRE,2026,STRUCTURE:BODY,61,20260429,confirmed,exterior,rv,Front chin spoiler detaches during transit; road hazard,Newmar Corporation (Newmar) is recalling certain 2026 Freedom Aire motorhomes. The front chin spoiler may detach during transit.,"A detached spoiler may become a road hazard, increasing the risk of a crash.","Dealers will install pop-rivets to properly secure the spoiler, free of charge. Owner notification letters were mailed May 20, 2026. Owners may contact Newmar customer service at 1-800-731-8300. Newmar's number for this recall is 630 RSB."
26V259000,"Trails West Manufacturing of Idaho, Inc.",TRAILS WEST,RPM FREERIDE,2027,EQUIPMENT:APPLIANCE:OVEN/STOVE/COOKTOP,55,20260422,excluded,,trailer,"Inverted cooktop flame; no detachment at all, pure keyword false positive","Trails West Manufacturing of Idaho, Inc. (Trails West) is recalling certain 2027 RPM Freeride recreational trailers. The cooktop flame may become inverted when the furnace is operating.",An inverted cooktop flame increases the risk of a fire.,"Dealers will install an aluminum separation between the furnace and the cooktop, free of charge. Owner notification letters were mailed April 30, 2026. Owners may contact Trails West customer service at 1-208-852-2200. Vehicle Identification Numbers (VINs) involved in this recall became searchable on NHTSA.gov on April 22, 2026."
26V060000,Pierce Manufacturing,PIERCE,ARROW XT|ENFORCER|IMPEL|SABER|VELOCITY,2025,STEERING:LINKAGES,51,20260202,confirmed,structural,truck,Steering linkage arm detaches from the steering motor,"Pierce Manufacturing (Pierce) is recalling certain 2025 Velocity, Saber, Impel, Enforcer, and Arrow XT vehicles. The steering linkage arm bolt may come loose, resulting in the steering linkage arm detaching from the steering motor.","Steering linkage arm detachment can cause a loss of steering control, increasing the risk of a crash.","Dealers will tighten the steering linkage arm bolts, free of charge. Owner notification letters were mailed February 10, 2026. Owners may contact Pierce customer service at 1-888-974-3723."
26V461000,"International Motors, LLC",IC BUS,CECB,2025|2026|2027,STRUCTURE:BODY,50,20260716,excluded,,bus,Body panels separate during a crash only,"International Motors, LLC (International) is recalling certain 2025-2027 IC Bus CECB transit buses. The driver's window panel and entrance door vertical joints may have been attached without sufficient epoxy coverage. As such these vehicles fail to comply with the requirements of Federal Motor Vehicle Safety Standard (FMVSS) No. 221, ""School Bus Body Joint Strength.""","The body panels may separate during a crash, reducing structural integrity and increasing the risk of injury.","Dealers will install rivets along the driver's side window seam and entrance door seam, free of charge. Owner notification letters are expected to be mailed September 14, 2026. Owners may contact International's customer service at 1-800-448-7825. International's number for this recall is 26512."
26V499000,Brinkley RV,BRINKLEY RV,MODEL I,2027,STRUCTURE:BODY:STEP/LADDER,28,20260730,confirmed,exterior,trailer,Exterior ladder may detach during use,Brinkley RV (Brinkley) is recalling certain 2027 Model I trailers. The exterior ladder may not be properly secured to the support backer.,"The ladder may detach during use, increasing the risk of injury.","Dealers will inspect and reinstall the ladder as necessary, free of charge. Owner notification letters were mailed August 7, 2026. Owners may contact Brinkley's customer service at 1-574-501-4280. Brinkley's number for this recall is REC-2603."
26V095000,Prevost Car (US) Inc.,PREVOST,H3-45|H3-45 VIP,2026,VISIBILITY:REARVIEW MIRRORS/DEVICES:EXTERIOR,25,20260219,confirmed,exterior,bus,Exterior mirror has excessive play and may detach; road hazard,Prevost Car (US) Inc. (Prevost) is recalling certain 2026 H3-45 and H3-45 VIP vehicles equipped with aftermarket exterior driver side mirrors. The mirror exhibits excessive play and may detach.,"A detached mirror can reduce the driver's visibility and become a road hazard for other vehicles, increasing the risk of a crash.","Prevost will inspect and replace the mirror as necessary, free of charge. Interim owner notification letters explaining the safety risk were mailed by March 10, 2026.  Owners will receive another notice once remedy becomes available. Owners may contact Prevost's customer service at 1-866-870-2046. Prevost's number for this recall is SR26-03. Vehicle Identification Numbers (VINs) involved in this recall will be searchable on NHTSA.gov beginning February 27, 2026."
26V453000,Orange EV,ORANGE EV,E-TRIEVER|HUSK-E|T-SERIES ELECTRIC TRUCK,2020|2021|2022|2023|2024|2025|2026,STRUCTURE:FRAME AND MEMBERS,24,20260715,confirmed,structural,truck,Frame rails crack leading to rail separation; loss of control,"Orange EV is recalling certain 2023-2024 e-TRIEVER, 2020-2023 T-Series Tandem Terminal Truck, and 2024-2026 HUSK-e Tandem Terminal vehicles. Improper welding may cause frame rails to crack, leading to rail separation.","A detached rail can cause a loss of control, increasing the risk of injury.","Dealers will inspect and repair or replace the frame rails as necessary, free of charge. Owner notification letters are expected to be mailed July 22, 2026. Owners may contact Orange EV customer service at 1-866-688-5223. Orange EV's number for this recall is 2026-SRC-02."
26V133000,Pebble Mobility Inc.,PEBBLE,FLOW,2026,EQUIPMENT:ELECTRICAL:ACCESSORY GENERATOR:SOLAR PANEL,22,20260305,confirmed,exterior,trailer,Roof solar panel adhesive fails and the panel detaches; road hazard,"Pebble Mobility Inc. (Pebble) is recalling certain 2026 Flow recreational trailers. The adhesive securing the solar panels to the roof may fail, causing the solar panel to detach.","A detached solar panel can become a road hazard for other vehicles, increasing the risk of a crash.","Pebble will inspect and properly secure the solar panels as necessary, free of charge. Owner notification letters were mailed March 19, 2026. Owners may contact Pebble customer service at 1-866-732-2518. Pebble's number for this recall is PRB-06-26-001."
26V040000,"Forest River Bus, LLC",FOREST RIVER BUS,COLLINS BUS,2026,STRUCTURE:BODY,19,20260123,excluded,,bus,Body panels separate during a crash only,"Forest River Bus, LLC (Forest River Bus) is recalling certain 2026 Collin Bus transit buses. The body panel joint adhesive may have been applied to the incorrect location, causing the panels to separate. As such these vehicle fail to comply with the requirements of Federal Motor Vehicle Safety Standard (FMVSS) No. 221, ""School Bus Body Joint Strength.""","Separated body panels can reduce structural integrity, increasing the risk of injury in a crash.","Dealers will inspect and apply adhesive as necessary, free of charge. Owner notification letters were mailed February 16, 2026. Owners may contact Forest River Bus customer service at 1-620-888-3310. Forest River Bus's number for this recall is 551-2023."
26V145000,"Nissan North America, Inc.",NISSAN,KICKS|SENTRA,2026,SEATS,15,20260313,excluded,,car,"Seat frame hook bracket under-welded; seat loosens, nothing separates","Nissan North America, Inc. (Nissan) is recalling certain 2026 Kicks and Sentra vehicles. The hook bracket of the front seat frames may be insufficiently welded, which can cause the front seat frames to become loose. As such, these vehicles fail to comply with the requirements of Federal Motor Vehicle Safety Standard (FMVSS) numbers 207, ""Seating Systems"" and 210, ""Seat Belt Assembly Anchorages.""","A loose seat may not restrain the occupant as intended, increasing the risk of injury during a crash.","Dealers will replace the front seat assemblies, free of charge. Owner notification letters were mailed May 18, 2026. Owners may contact Nissan's customer service at 800-647-7261. Nissan's number for this recall is PMA64. Vehicle Identification Numbers (VINs) involved in this recall became searchable on NHTSA.gov on March 13, 2026."
26V416000,"Jayco, Inc.",ENTEGRA|JAYCO,ACCOLADE|SENECA,2027,EQUIPMENT:RECREATIONAL VEHICLE/TRAILER|SEATS:CRITICAL FASTENERS,14,20260630,excluded,,rv,Dinette may shift or detach inside the motorhome; interior furniture,"Jayco, Inc. (Jayco) is recalling certain 2027 Entegra Accolade and Jayco Seneca motorhomes. The front brackets may not have been installed, allowing the dinette to shift or detach. As such, these vehicles fail to comply with the requirements of Federal Motor Vehicle Safety Standard (FMVSS) number 207, ""Seating Systems.""",A dinette that moves during transit may increase the risk of injury.,"Dealers will install the front dinette bracket, free of charge. Owner notification letters are expected to be mailed August 3, 2026. Owners may contact Jayco customer service at 1-800-283-8267. Jayco's number for this recall is 9903659. Vehicle Identification Numbers (VINs) involved in this recall will be searchable on NHTSA.gov beginning August 3, 2026."
26V206000,Nova Bus (US) Inc.,NOVA BUS,LFS|LFS ARTIC,2024|2025,"VISIBILITY:GLASS, SIDE/REAR:CRITICAL FASTENERS",13,20260331,confirmed,exterior,bus,Window glass detaches from the frame; explicit road hazard,"Nova Bus (US) Inc. (Nova Bus) is recalling certain 2025 LFS and 2024 LFS Artic transit buses. Inadequate adhesion around the window frame may cause the glass to detach. As such, these vehicles fail to comply with the requirements of Federal Motor Vehicle Safety Standard (FMVSS) number 217, ""Bus Emergency Exits and Window Retention and Release.""","The glass can fall out of the frame, increasing the risk of ejection and injury during a crash. Detached window glass can also become a road hazard for other vehicles, increasing the risk of a crash.","Nova Bus will inspect and replace the glass as necessary, free of charge. Interim letters notifying owners of the safety risk were mailed May 29, 2026. Owners will receive another notice once remedy becomes available. Owners may contact Nova Bus customer service at 1-450-472-6410. Nova Bus' number for this recall is CR5877. Vehicle Identification Numbers (VINs) involved in this recall will be searchable on NHTSA.gov beginning May 30, 2026."
26V024000,Ford Motor Company,FORD,EXPLORER,2026,VISIBILITY:WINDSHIELD,8,20260121,excluded,,car,Windshield detaches only in a crash; FMVSS bonding noncompliance,"Ford Motor Company (Ford) is recalling certain 2026 Explorer vehicles. During manufacturing, the windshield may not have been properly bonded to the vehicle, allowing it to detach in a crash.  As such, these vehicles fail to comply with the requirements of Federal Motor Vehicle Safety Standard (FMVSS) number 212, ""Windshield Mounting.""","In the event of a crash, windshield detachment can increase the risk of injury.","Dealers will remove and replace the windshield, free charge. Owner notification letters were mailed January 30, 2026. Owners may contact Ford customer service at 1-866-436-7332. Ford's number for this recall is 26C02. Vehicle Identification Numbers (VINs) involved in this recall became searchable on NHTSA.gov on January 22, 2026."
