campaign_no,audit_verdict,category,makes,models,model_years,component,units_potentially_affected,part573_received_date,defect_summary,consequence_summary
26V366000,false_positive,,HONDA,ACCORD HYBRID|CR-V FUEL CELL EV|CR-V HYBRID,,TIRES:TEMPORARY/EMERGENCY SPARE TIRE,1048613,20260604,"Honda (American Honda Motor Co.) is recalling certain 2023-2026 CR-V Hybrid, Accord Hybrid, and 2025-2026 CR-V Fuel Cell EV vehicles. When using the tire repair kit, pressure may build within the sealant bottle, causing the bottle cap to detach.","A detached bottle cap can become a projectile and strike the user or others nearby, increasing the risk of injury."
26V218000,false_positive,,GENESIS|HYUNDAI,G90|IONIQ 6|SANTA FE|SANTA FE HYBRID,,SEAT BELTS:FRONT:ANCHORAGE,294448,20260406,"Hyundai Motor America (Hyundai) is recalling certain 2023-2025 Hyundai Ioniq 6, 2023-2026 Genesis G90, 2024-2026 Hyundai Santa Fe, and Hyundai Santa Fe Hybrid vehicles. The driver and passenger seat belt anchors may detach.","A detached seat belt anchor will not adequately restrain the seat occupant, increasing the risk of injury in a crash. "
26V448000,confirmed,exterior,FORD,EXPLORER,,STRUCTURE:BODY,288314,20260714,Ford Motor Company (Ford) is recalling certain 2016-2019 Explorer vehicles. The roof rail covers may come loose and detach from the vehicle.,"A detached roof rail cover can create a road hazard, increasing the risk of a crash."
26V268000,false_positive,,FORD,BRONCO|RANGER,,SEATS:CRITICAL FASTENERS,179698,20260428,Ford Motor Company (Ford) is recalling certain 2024-2026 Ranger and Bronco vehicles. The front seats may have a loose or dislodged seat frame height-adjust pivot bolt. ,"A seat with a dislodged bolt may not properly restrain an occupant in a crash, increasing the risk of injury."
26V487000,confirmed,exterior,FORD,MUSTANG MACH E,,STRUCTURE:EXTERIOR TRIM,86543,20260728,"Ford Motor Company (Ford) is recalling certain 2023-2025 Mustang Mach E vehicles. The rear side quarter window glass trim may be improperly secured, which can allow it to detach.","Detached trim pieces can create a road hazard, increasing the risk of a crash."
26V051000,confirmed,structural,JEEP,GRAND CHEROKEE|GRAND CHEROKEE L,,SUSPENSION:REAR:SPRINGS:COIL SPRINGS,80620,20260129,"Chrysler (FCA US, LLC) is recalling certain 2021-2023 Jeep Grand Cherokee L and 2022-2023 Jeep Grand Cherokee vehicles. The rear coil springs may be incorrectly installed and detach from the vehicle while driving.",Rear coil springs that detach from the vehicle while driving increase the risk of a crash.
26V528000,confirmed,exterior,DODGE,DURANGO,,STRUCTURE:BODY:HATCHBACK/LIFTGATE,74578,20260813,"Chrysler (FCA US, LLC) is recalling certain 2021-2023 Dodge Durango vehicles. The rear spoiler may not be aligned properly with the roof, possibly resulting in damage to the spoiler during liftgate use.","A damaged rear spoiler may detach and create a road hazard, increasing the risk of a crash."
26V346000,confirmed,exterior,SUBARU,FORESTER|FORESTER HYBRID,,VISIBILITY:SUN/MOON ROOF ASSEMBLY,69663,20260528,"Subaru of America, Inc. (Subaru) is recalling certain 2026 Forester and Forester Hybrid vehicles. The sliding glass panel of the power moonroof assembly may have been improperly bonded to the sliding frame, allowing the glass panel to detach from the vehicle."," A detached glass panel may become a road hazard, increasing the risk of a crash."
26V514000,confirmed,structural,TOYOTA,TACOMA|TACOMA HYBRID,,SUSPENSION:FRONT:SHOCK ABSORBER|SUSPENSION:REAR:SHOCK ABSORBER,48280,20260806,"Toyota Motor Engineering & Manufacturing (Toyota) is recalling certain 2024 Tacoma Hybrid and 2024-2025 Tacoma vehicles. The metal flange on the front and rear shock absorbers may corrode and fail, resulting in detachment of the external oil reservoir.","An oil reservoir that detaches can create a road hazard, increasing the risk of a crash."
26V230000,false_positive,,NISSAN,CUBE,,AIR BAGS:FRONTAL:DRIVER SIDE:INFLATOR MODULE,47928,20260409,"Nissan North America, Inc. (Nissan) is recalling certain 2009-2010 Cube vehicles. The driverâs air bag inflator may rupture or detach from the steering wheel during air bag deployment. ","A driver's air bag that ruptures or detaches can strike the driver or other occupants, increasing the risk of injury during a crash."
26V500000,borderline,,HONDA,CMX300|CMX500|SCL500,,STEERING: STEERING WHEEL/HANDLE BAR|STEERING:CRITICAL FASTENERS,43913,20260730,"Honda (American Honda Motor Co.) is recalling certain 2017-2023, 2025 CMX500, 2017-2023, 2025-2026 CMX300, and 2025 Honda SCL500 motorcycles. The handlebar lock screw may loosen and detach.","A detached screw may lodge between the frame and stem, interfering with steering and increasing the risk of a crash or injury."
26V258000,false_positive,,VOLKSWAGEN,TAOS,,"FUEL SYSTEM, GASOLINE:DELIVERY:PRESSURE SENSOR",38710,20260422,"Volkswagen Group of America, Inc. (Volkswagen) is recalling certain 2025-2026 Taos vehicles. In the event of a rear-end crash, the fuel pressure sensor may dislodge or separate from the fuel tank. As such, these vehicles fail to comply with the requirements of Federal Motor Vehicle Safety Standard number 301, ""Fuel System Integrity.""","A fuel tank with a dislodged or separated fuel pressure sensor can leak fuel after a rollover crash, increasing the risk of a fire. "
26V403000,confirmed,exterior,FORD,BRONCO,,STRUCTURE:BODY,36046,20260624,Ford Motor Company (Ford) is recalling certain 2022-2026 Bronco vehicles. The fender flares may not be properly secured and detach from the vehicle. ,A detached fender flare can become a road hazard and increase the risk of a crash.
26V399000,confirmed,structural,CHEVROLET|GMC,EXPRESS|SAVANA,,STEERING,26541,20260623,"General Motors, LLC (GM) is recalling certain 2025-2026 Express, and 2025-2026 Savana vehicles. The steering gear assembly may have a nut that was not properly tightened.","A loose nut that separates from the steering gear assembly while driving can cause a loss of steering control, increasing the risk of a crash."
26V460000,false_positive,,IC BUS,CESB|EVSB,,STRUCTURE:BODY,22730,20260716,"International Motors, LLC (International) is recalling certain 2025-2027 IC Bus EVSB and CESB school buses. The driver's window panel and entrance door vertical joints may have been attached without sufficient epoxy coverage. As such, these vehicles fail to comply with the requirements of Federal Motor Vehicle Safety Standard (FMVSS) No. 221, ""School Bus Body Joint Strength.""","The body panels may separate during a crash, reducing structural integrity and increasing the risk of injury."
26V003000,confirmed,structural,RIVIAN,R1S|R1T,,SUSPENSION:CRITICAL FASTENERS,19641,20260105,"Rivian Automotive, LLC (Rivian) is recalling certain 2022-2025 R1S and R1T vehicles that previously had service performed. The toe link may have been reassembled incorrectly during service procedures performed before March 10, 2025.","The toe link joint may separate, increasing the risk of a crash."
26V146000,borderline,,HONDA,CMX300|CMX500|SCL500,,STEERING: STEERING WHEEL/HANDLE BAR|STEERING:CRITICAL FASTENERS,19406,20260312,"Honda (American Honda Motor Co.) is recalling certain 2023-2025 CMX300, CMX500, and CL500 motorcycles. The handlebar lock screw may loosen and detach.","A detached screw may lodge between the frame and stem, interfering with steering and increasing the risk of a crash or injury."
26V240000,borderline,,AUDI,E-TRON QUATTRO|E-TRON SPORTBACK|Q8 SPORTBACK E-TRON|SQ8 E-TRON|SQ8 SPORTBACK E-TRON,,"SERVICE BRAKES, HYDRAULIC:PEDALS AND LINKAGES",18853,20260415,"Volkswagen Group of America, Inc. (Audi) is recalling certain 2019-2023 Audi E-Tron Quattro, 2020-2023 Audi E-Tron Sportback, 2024 Q8 E-Tron, Q8 Sportback E-Tron, SQ8 E-Tron, and SQ8 Sportback E-Tron vehicles. The fastener that connects the brake pedal and the brake booster may have been improperly assembled during manufacturing, which can cause the brake pedal to detach from the brake booster.",Brake pedal detachment can cause a loss of brake function and increase the risk of a crash. 
26V299000,confirmed,exterior,FORD,BRONCO,,STRUCTURE:BODY:ROOF AND PILLARS,16200,20260512,"Ford Motor Company (Ford) is recalling certain 2021-2022 Bronco vehicles. The 3-door and 5-door Molded-In-Color (MIC) hardtop roof panels may have been manufactured improperly, which can allow sections of the outer roof panel to separate and detach from the vehicle. ","A detached section of roof can create a road hazard, increasing the risk of a crash."
26V141000,confirmed,structural,JEEP,WAGONEER S,,STRUCTURE:BODY:HATCHBACK/LIFTGATE:HINGE AND ATTACHMENTS,11767,20260312,"Chrysler (FCA US, LLC) is recalling certain 2024-2026 Jeep Wagoneer S vehicles. The liftgate hinge cover may not be properly clipped into position and may detach from the vehicle.","A detached hinge cover can become a road hazard for other vehicles, increasing the risk of a crash."
26V119000,confirmed,structural,FORD,F-250 SD|F-350 SD,,POWER TRAIN:AXLE ASSEMBLY:AXLE SHAFT,11431,20260303,"Ford Motor Company (Ford) is recalling certain 2026-2025 F-250 SD and F-350 SD vehicles. The driveshaft friction weld may fail, resulting in rear driveshaft separation and a sudden loss of drive power.",A loss of drive power can increase the risk of a crash.
26V044000,confirmed,structural,GRAND DESIGN,MOMENTUM|SOLITUDE,,"SUSPENSION:FRONT:SPRINGS:LEAF SPRING ASSEMBLY:U-BOLT, LEAF SPRING TO AXLE|SUSPENSION:REAR:SPRINGS:LEAF SPRING ASSEMBLY:U-BOLT, LEAF SPRING TO AXLE",7585,20260126,"Grand Design RV, LLC (Grand Design) is recalling certain 2021-2024 Momentum and 2022-2024 Solitude Fifth Wheel trailers. The U-bolt may become loose due to inadequate preload and preload losses, causing the axle to move out of position.",An axle that moves out of position can cause a loss of vehicle control and increase the risk of a crash.
26V334000,confirmed,structural,BRINKLEY RV,MODEL Z,,SUSPENSION:FRONT:SPRINGS:COIL SPRINGS|SUSPENSION:REAR:SPRINGS:COIL SPRINGS,6061,20260522,Brinkley RV (Brinkley) is recalling certain 2025-2026 Model Z trailers. The shock bolts may have been incorrectly tightened. ,"Broken shock retainer bolt heads and washers may detach and become a road hazard for other vehicles, increasing the risk of a crash."
26V355000,false_positive,,NOVA BUS,LFS|LFS ARTIC,,"SERVICE BRAKES, AIR:SUPPLY:LOW PRESSURE WARNING:SWITCH",5662,20260602,"Nova Bus (US) Inc. (Nova Bus) is recalling certain 1997-2002, 2005-2024 LFS, 2009-2014, and 2016 - 2024 LFS Artic transit buses. The low brake air pressure warning light may fail to illuminate when the engine is off. As such, these vehicles fail to comply with the requirements of Federal Motor Vehicle Safety Standard number 121, ""Air Brake Systems.""","A low brake air pressure warning light that fails to illuminate when the engine is off will not alert the driver to a low brake pressure condition, increasing the risk of a crash if the parking brake is disengaged before starting the engine."
26V074000,borderline,,OSHKOSH,NGDV|NGDV ELECTRIC,,"SERVICE BRAKES, HYDRAULIC:PEDALS AND LINKAGES",5242,20260208,Oshkosh Corporation (Oshkosh Defense) is recalling certain 2025-2026 NGDV vehicles. The mounting pin and retaining clip that retain the brake actuator rod to the brake pedal may not have been installed.,"An unsecured brake pedal can separate from the actuator, causing a loss of braking ability and increase the risk of a crash."
26V340000,confirmed,structural,FORD,BRONCO SPORT|MAVERICK,,SUSPENSION:FRONT:CONTROL ARM:LOWER BALL JOINT,4653,20260527,"Ford Motor Company (Ford) is recalling certain 2021-2026 Bronco Sport and 2022-2026 Maverick vehicles. The front lower control arm ball joints may have been incorrectly installed or incorrectly repaired at the vehicle assembly plant, allowing the control arm to disconnect from the front wheel knuckle.","A detached control arm can cause a loss of vehicle control, increasing the risk of a crash."
26V235000,confirmed,structural,FORD,F-53|F-59,,WHEELS:HUB,4351,20260414,Ford Motor Company (Ford) is recalling certain 2025-2026 F-59 and F-53 vehicles. The front axle hub assembly may be missing the spindle nut and cotter pin.,"A missing spindle nut may lead to brake system damage or wheel detachment, resulting in a loss of vehicle control and increasing the risk of a crash."
26V089000,confirmed,exterior,WINNEBAGO,NAVION|VIEW,,STRUCTURE:EXTERIOR TRIM,4024,20260217,"Winnebago Industries, Inc. (Winnebago) is recalling certain 2020-2023 View and Navion recreational vehicles. The rear roof cap aerofence trim may become loose and detach during transit.",A detached roof cap can become a road hazard for other vehicles and increase the risk of a crash.
26V424000,confirmed,structural,HONDA,PASSPORT|PILOT,,STRUCTURE:FRAME AND MEMBERS|SUSPENSION:REAR,3933,20260701,Honda (American Honda Motor Co.) is recalling certain 2026 Pilot and Passport vehicles. The rear subframe bolts may have been tightened improperly. ,"Loose rear subframe bolts can lead to a loss of vehicle stability or rear subframe detachment, increasing the risk of a crash or injury."
26V198000,confirmed,structural,MERCEDES-BENZ,G 580 EV,,WHEELS:LUGS/NUTS/BOLTS/STUDS,3734,20260327,"Mercedes-Benz USA, LLC (MBUSA) is recalling certain 2025 G580 vehicles. The incorrect wheel bolts may have been installed during vehicle manufacturing.","Incorrect wheel bolts can allow a wheel to loosen or detach from the vehicle, increasing the risk of a crash. "
26V108000,confirmed,exterior,NEWMAR,BAY STAR|BAY STAR SPORT,,STRUCTURE:BODY:HOOD:HINGE AND ATTACHMENTS,3582,20260224,"Newmar Corporation (Newmar) is recalling certain 2018-2026 Bay Star and Bay Star Sport motorhomes. The hood stops mounting adhesive may fail, which can allow the hood stop to detach while the vehicle is in transit.","Hood stops that detach can become a road hazard, increasing the risk of a crash or injury."
26V168000,false_positive,,IC BUS,CESB|EVSB,,STRUCTURE:BODY|STRUCTURE:CRITICAL FASTENERS,2874,20260319,"International Motors, LLC (International) is recalling certain 2023-2027 IC Bus CESB and 2025-2027 IC Bus EVSB school buses. The body panel joint may have been attached without sufficient epoxy coverage. As such these vehicle fail to comply with the requirements of Federal Motor Vehicle Safety Standard (FMVSS) No. 221, ""School Bus Body Joint Strength.""","The body panels may separate during a crash, reducing structural integrity and increasing the risk of injury."
26V166000,false_positive,,CHEVROLET|GMC,SIERRA 1500|SIERRA 2500|SIERRA 3500|SILVERADO 1500|SILVERADO 2500|SILVERADO 3500,,AIR BAGS,2819,20260319,"General Motors, LLC (GM) is recalling certain 2018 Chevrolet Silverado 1500, GMC Sierra 1500, 2019 Chevrolet Silverado 2500, Silverado 3500, GMC Sierra 2500, and Sierra 3500 Crew Cab vehicles. The left or right-side roof rail air bag (RRAB) inflator end cap may detach from the inflator or the inflator sidewall may rupture.","A detached end cap or inflator rupture can allow compressed gas to escape and project the end cap or fragments of the inflator into the vehicle, increasing the risk of injury."
26V325000,false_positive,,CHEVROLET|GMC,SIERRA 1500|SIERRA 2500|SIERRA 3500|SILVERADO 1500|SILVERADO 2500|SILVERADO 3500,,AIR BAGS,2785,20260521,"General Motors, LLC (GM) is recalling certain 2018 Chevrolet Silverado 1500, GMC Sierra 1500, 2019 Chevrolet Silverado 2500, Silverado 3500, GMC Sierra 2500, and Sierra 3500 vehicles. The left-side or right-side roof rail air bag (RRAB) inflator end cap may detach from the inflator or the inflator sidewall may rupture.","A detached end cap or inflator rupture can allow compressed gas to escape and project the end cap or fragments of the inflator into the vehicle, increasing the risk of injury."
26V337000,confirmed,structural,ALLIANCE RV,PARADIGM,,SUSPENSION:FRONT:SPRINGS:COIL SPRINGS|SUSPENSION:REAR:SPRINGS:COIL SPRINGS,2428,20260526,"Alliance RV, LLC (Alliance) is recalling certain 2025-2027 Paradigm recreational trailers equipped with certain Curt Touring Coil Suspensions. The shock bolts may have been incorrectly tightened.","Broken shock retainer bolt heads and washers may detach and become a road hazard to other vehicles, increasing the risk of a crash."
26V167000,borderline,,TEREX,C4000|C5000|C6000|GENERAL 65|GENERAL 80|GENERAL 95,,EQUIPMENT,2303,20260319,"Terex South Dakota, Inc. (Terex) is recalling certain 2019-2026 General 65, General 80, General 95, C4000, C5000, and C6000 digger utility trucks equipped with pole guides. An insufficient weld on the plate weldment may crack, causing the retaining pin to separate.","Without a retaining pin, the pole guide arm may fall, increasing the risk of injury to people around the truck."
26V276000,confirmed,exterior,GRAND DESIGN,LINEAGE,,EQUIPMENT:ELECTRICAL:ACCESSORY GENERATOR:SOLAR PANEL|STRUCTURE:CRITICAL FASTENERS,1269,20260430,"Grand Design RV, LLC (Grand Design) is recalling certain 2025-2026 Lineage recreational vehicles. The adhesive securing the solar panels to the roof may fail, allowing the solar panel to detach.","A detached solar panel can become a road hazard for other vehicles, increasing the risk of a crash."
26V354000,confirmed,structural,GRAND DESIGN,REFLECTION,,SUSPENSION:FRONT:SPRINGS:COIL SPRINGS|SUSPENSION:REAR:SPRINGS:COIL SPRINGS,1111,20260601,"Grand Design RV, LLC (Grand Design) is recalling certain 2025-2026 Reflection fifth wheel recreational trailers, equipped with certain Curt Touring Coil Suspensions. The shock bolts may have been incorrectly tightened.","Broken shock retainer bolt heads and washers may detach and become a road hazard, increasing the risk of a crash."
26V496000,confirmed,structural,CHEVROLET|GMC,SIERRA EV|SILVERADO EV,,TIRES:TEMPORARY/EMERGENCY SPARE TIRE|WHEELS,952,20260730,"General Motors, LLC (GM) is recalling certain 2026 Chevrolet Silverado EV and GMC Sierra EV vehicles. A manufacturing defect may result in the steel wheels cracking at the disc vent holes.","A cracked wheel may lead to disc separation and a loss of control, increasing the risk of a crash."
26V007000,confirmed,exterior,EAST,BEAST|BEAST II,,STRUCTURE: UNDERRIDE,769,20260113,"East Trailers, LLC (East Trailers) is recalling certain 2024-2026 Beast and Beast II trailers. An improper weld may fail, causing the rear impact guard to detach. As such, these vehicles fail to comply with the requirements of Federal Motor Vehicle Safety Standard numbers 223, ""Rear Impact Guards"" and 224, ""Rear Impact Protection.""","A detached rear impact guard cannot mitigate the impact of a crash, increasing the risk of injury."
26V058000,false_positive,,GRAND DESIGN,LINEAGE,,SEATS,683,20260130,"Grand Design RV, LLC (Grand Design) is recalling certain 2025-2026 Lineage motorhomes. The seat base on the driver and front passenger seat may have been improperly tightened, causing the base to become loose. As such, these vehicles fail to comply with the requirements of Federal Motor Vehicle Safety Standard (FMVSS) number 207, âSeating Systems.â",A loose seat base increases the risk of injury in the event of a crash.
26V322000,confirmed,structural,KZRV,DURANGO,,SUSPENSION:FRONT:SPRINGS:COIL SPRINGS|SUSPENSION:REAR:SPRINGS:COIL SPRINGS,677,20260520,"K.Z., Inc. (K.Z.) is recalling certain 2026 Durango recreational trailers equipped with certain Curt Touring Coil Suspensions. The shock bolts may have been incorrectly tightened.","Broken shock retainer bolt heads and washers may detach and become a road hazard for other vehicles, increasing the risk of a crash."
26V351000,confirmed,structural,MACK,ANTHEM (AN)|ANTHEM AN (4)|GRANITE (GR)|PINNACLE (PI/PN)|PIONEER PR (4),,WHEELS:LUGS/NUTS/BOLTS/STUDS,644,20260528,"Mack Trucks, Inc. (Mack) is recalling certain 2026 Anthem (AN), 2026-2027 Pioneer PR (4), Pinnacle (PI/PN), Granite (GR), and 2027 Anthem AN (4) vehicles. The wheel lug nuts may loosen and allow the wheel to detach.","Wheel detachment can cause a loss of vehicle control or create a road hazard, increasing the risk of a crash or injury."
26V456000,confirmed,structural,JEEP,GLADIATOR|WRANGLER,,WHEELS,641,20260716,"Chrysler (FCA US, LLC) is recalling certain 2026 Jeep Gladiator and Jeep Wrangler vehicles. The walls for the steel wheels may be too thin, allowing them to crack or detach, which can result in a loss of vehicle control.",Loss of vehicle control increases the risk of a crash.
26V479000,confirmed,structural,ARBOC,SPIRIT OF INDEPENDENCE,,SUSPENSION:CRITICAL FASTENERS|SUSPENSION:REAR:SPRINGS:LEAF SPRING ASSEMBLY:HANGER/BRACKET,502,20260724,"ARBOC Specialty Vehicles, LLC (ARBOC) is recalling certain 2017-2026 Spirit of Independence transit buses. The wrong size washers may have been installed on the rear spring hanger bolts.","The rear spring hanger may detach from the frame, increasing the risk of a crash."
26V077000,false_positive,,NOVA BUS,LFS|LFS ARTIC,,SEATS,478,20260210,"Nova Bus (US) Inc. (Nova Bus) is recalling certain 2013-2019 LFS and 2019-2020 LFS Artic transit buses equipped with Double Transversal seats. The passenger seat mounting rails may crack, causing the seat to detach and fall to the floor.",A seat that falls unexpectedly increases the risk of injury to passengers in or near to the seat.
26V042000,confirmed,exterior,GRAND DESIGN,LINEAGE,,EQUIPMENT:ELECTRICAL:ACCESSORY GENERATOR:SOLAR PANEL|STRUCTURE:CRITICAL FASTENERS,460,20260123,"Grand Design RV, LLC (Grand Design) is recalling certain 2025-2026 Lineage recreational vehicles. The adhesive securing the solar panels to the roof may fail, allowing the solar panel to detach.","A detached solar panel can become a road hazard for other vehicles, increasing the risk of a crash."
26V182000,false_positive,,NOVA BUS,LFS|LFS ARTIC,,SEAT BELTS:FRONT,416,20260324,"Nova Bus (US) Inc. (Nova Bus) is recalling certain 2016-2018, 2020, 2022-2023 LFS and 2019-2020 LFS Artic transit buses. The driver's seat belt tension-reliving device may fail to disengage without manual intervention. As such, these vehicles fail to comply with the requirements of Federal Motor Vehicle Safety Standard (FMVSS) number 208, ""Occupant Crash Protection.""","Failure of the tension-reliving device may prevent the seat belt from properly restraining the driver, increasing the risk of injury during a crash."
26V435000,confirmed,exterior,WABASH,ECONEX REFRIGERATED BODY,,STRUCTURE:BODY:STEP/LADDER,357,20260707,Wabash National Corporation (Wabash) is recalling certain 2021-2026 Econex Refrigerated Body vehicles. The side door stirrup steps are not properly secured and may detach. ,"Steps that detach while in use increase the risk of injury. Additionally, steps that detach while in transit increase the risk of a crash."
26V132000,confirmed,exterior,ESCAPE,ESCAPE 17|ESCAPE 19|ESCAPE 21|ESCAPE 5.0,,EQUIPMENT:MECHANICAL:SPARE TIRE MOUNT/RACK,324,20260305,"Escape Trailer Industries LTD. (Escape Trailer) is recalling certain 2025 E17, E19, E21, E5.0 recreational trailers. The spare tire carrier may have incorrect welding, causing the carrier to detach from the trailer during transit.","A detached carrier can become a road hazard for other vehicles, increasing the risk of a crash or injury."
26V157000,confirmed,exterior,FORD,MAVERICK,,VISIBILITY:SUN/MOON ROOF ASSEMBLY,323,20260317,"Ford Motor Company (Ford) is recalling certain 2025-2026 Maverick vehicles. The moonroof glass may not have been bonded correctly to the moonroof frame, which could result in the glass panel detaching from the vehicle."," A detached glass panel may become a road hazard, increasing the risk of a crash."
26V118000,false_positive,,FORD,E-350|E-450,,BACK OVER PREVENTION:WARNINGS:EXTERNAL/PEDESTRIAN ALERT,316,20260303,"Ford Motor Company (Ford) is recalling certain 2026-2027 E-350 and E-450 vehicles. The backup alarm connector may become loose and detach, preventing the alarm from sounding when the vehicle is backing up.","A backup alarm that fails to alert pedestrians and other vehicles of a reversing vehicle, increases the risk of crash or injury."
26V271000,borderline,,ROADTREK,PIVOT SLUMBER|PLAY SLUMBER|PLAY TUFF SL|PLAY+SLUMBER|WESTFALIA WAVE SL|ZION SLUMBER,,EQUIPMENT:RECREATIONAL VEHICLE/TRAILER,312,20260429,"Roadtrek Inc. (Roadtrek) is recalling certain 2024-2026 Westfalia Wave SL, 2022-2026 Zion Slumber, Play Slumber, 2026 Play Tuff SL, 2025-2026 Play+Slumber, and 2024 Pivot Slumber recreational vehicles. The pop-top latch may disengage during transit, causing the pop-top to lift.","A pop-top that lifts during transit can distract the driver, or detach if the secondary safety straps fail, increasing the risk of a crash."
26V463000,borderline,,ALTEC,AT SERIES,,EQUIPMENT:MECHANICAL:BOOM/CRANE/LADDER:CRITICAL FASTENERS,309,20260717,"Altec Industries, Inc. (Altec) is recalling certain 2024-2026 AT Series vehicles. The turntable rotation bearing fasteners may not have been heat treated properly.","A fastener that has not been heat treated could fail, resulting in separation of the pedestal and turntable, increasing the risk of injury."
26V027000,confirmed,structural,OSHKOSH,NGDV|NGDV ELECTRIC,,WHEELS:HUB,230,20260121,"Oshkosh Corporation (Oshkosh Defense) is recalling certain 2025 NGDV vehicles. The rear axle hub fasteners may loosen, causing the wheel to detach.","A detached wheel can cause a loss of vehicle control or become a road hazard for other vehicles, increasing the risk of a crash."
26V041000,false_positive,,FOREST RIVER BUS,COLLINS SCHOOL BUS,,STRUCTURE:BODY,213,20260123,"Forest River Bus, LLC (Forest River Bus) is recalling certain 2026 Collins Bus school buses. The body panel joint adhesive may have been applied to the incorrect location, causing the panels to separate. As such these vehicle fail to comply with the requirements of Federal Motor Vehicle Safety Standard (FMVSS) No. 221, ""School Bus Body Joint Strength.""","Separated body panels can reduce structural integrity, increasing the risk of injury in a crash."
26V350000,confirmed,structural,VOLVO,VAH|VHD|VN|VNL (4)|VNR (4),,WHEELS:LUGS/NUTS/BOLTS/STUDS,205,20260528,"Volvo Trucks North America (Volvo Trucks) is recalling certain 2026 VAH, 2026-2027 VN, VHD, VNL (4), and 2027 VNR (4) vehicles. The wheel lug nuts may loosen and allow the wheel to detach.","Wheel detachment can cause a loss of vehicle control or create a road hazard, increasing the risk of a crash or injury."
26V336000,confirmed,structural,FOREST RIVER,CEDAR CREEK|R-POD|RIVERSTONE,,SUSPENSION:FRONT:SPRINGS:COIL SPRINGS|SUSPENSION:REAR:SPRINGS:COIL SPRINGS,200,20260526,"Forest River, Inc. (Forest River) is recalling certain 2026 Riverstone, Cedar Creek, and 2024 R-Pod recreational trailers equipped with Curt Touring Coil Suspensions. The shock bolts may have been incorrectly tightened.","Broken shock retainer bolt heads and washers may detach and become a road hazard for other vehicles, increasing the risk of a crash."
26V480000,confirmed,structural,YAMAHA,BOAT TRAILER,,TRAILER HITCHES,183,20260724,"Midwest Industries, Inc. (Midwest) is recalling certain 2027 Yamaha boat trailers. The tongue may fatigue and fail during towing, resulting in the trailer detaching.",A detached trailer increases the risk of a crash.
26V097000,confirmed,exterior,LAND ROVER,RANGE ROVER|RANGE ROVER SPORT,,STRUCTURE:EXTERIOR TRIM,178,20260219,"Jaguar Land Rover North America, LLC (Land Rover) is recalling certain 2023-2026 Range Rover Sport and Range Rover vehicles. The panoramic sunroof side finisher trim may not be properly secured and can detach.","A detached panoramic sunroof side trim can become a road hazard, increasing the risk of injury or crash."
26V255000,confirmed,structural,TESLA,CYBERTRUCK,,"SERVICE BRAKES, HYDRAULIC:FOUNDATION COMPONENTS:DISC:ROTOR|WHEELS:LUGS/NUTS/BOLTS/STUDS",173,20260421,"Tesla, Inc. (Tesla) is recalling certain 2024-2026 Cybertruck vehicles equipped with 18-inch steel wheels. The brake rotor stud holes may crack and allow the stud to separate from the wheel hub.","Wheel stud separation can cause a loss of vehicle control, increasing the risk of a crash."
26V314000,confirmed,structural,HYUNDAI,IONIQ 5|IONIQ 9,,SUSPENSION:CRITICAL FASTENERS,172,20260518,"Hyundai Motor America (Hyundai) is recalling certain 2025 Ioniq 5 and 2026 Ioniq 9 vehicles. The fasteners for the rear suspension may loosen and detach, which can result in a loss of vehicle control.",A loss of vehicle control increases the risk of a crash. 
26V211000,confirmed,structural,KEYSTONE,MONTANA,,STRUCTURE:BODY,172,20260402,"Keystone RV Company (Keystone) is recalling certain 2026 Montana fifth wheel recreational trailers. The underbelly may be improperly secured, causing it to detach.","A detached underbelly can become a road hazard for other vehicles, increasing the risk of a crash."
26V454000,false_positive,,E-ONE,COMMERCIAL|CYCLONE N|TYPHOON N,,POWER TRAIN:AUTOMATIC TRANSMISSION:INTERNAL:CLUTCHES/BANDS:ACTUATORS/SOLENOIDS,159,20260715,"E-One Incorporated (E-One) is recalling certain 2026 Commercial, 2025-2026 Typhoon N, and Cyclone N emergency vehicles. The drive/pump mode transfer case may disengage, causing loss of power to the rear wheels.","Loss of power to the rear wheels can prevent the vehicle from moving, increasing the risk of a crash."
26V088000,confirmed,structural,BLUE ARC,BA4L-800,,STEERING:GEAR BOX:MOUNTING BRACKET,149,20260217,"Shyft Group (Shyft) is recalling certain 2024-2025 Blue Arc BA4L-800 vehicles. The mounting fasteners may loosen or detach, causing the steering gearbox to bind.","Binding in the gearbox can cause a loss of steering, increasing the risk of a crash."
26V339000,confirmed,structural,EMBER,TOURING EDITION,,SUSPENSION:FRONT:SPRINGS:COIL SPRINGS|SUSPENSION:REAR:SPRINGS:COIL SPRINGS,143,20260527,"Ember Recreational Vehicles, INC. (Ember) is recalling certain 2026-2027 Touring Edition recreational trailers, equipped with certain Curt Touring Coil Suspensions. The shock bolts may have been incorrectly tightened.","Broken shock retainer bolt heads and washers may detach and become a road hazard, increasing the risk of a crash."
26V501000,false_positive,,AUTOCAR,E-ACTT,,"SERVICE BRAKES, AIR:ANTILOCK:CONTROL UNIT/MODULE",137,20260730,"Autocar, LLC (Autocar) is recalling certain 2023-2027 ACTT terminal tractors. The Antilock Braking System (ABS) Electronic Control Unit (ECU) may be improperly secured, allowing the ABS ECU to separate.","A separated ABS ECU may become damaged, causing the ABS system to fail and increasing the risk of a crash."
26V405000,confirmed,structural,HARBINGER MOTORS,STRIPPED CHASSIS,,STEERING,129,20260624,Harbinger Motors Inc (Harbinger) is recalling certain 2025 Stripped Chassis vehicles. The steering gear mounting bolts may come loose or break.,"Broken or loose steering gear bolts can cause a loss of steering control, increasing the risk of a crash."
26V348000,confirmed,structural,IC BUS,EVSB,,ELECTRICAL SYSTEM:PROPULSION SYSTEM:CRITICAL FASTENERS,125,20260528,"International Motors, LLC (International) is recalling certain 2026-2027 IC Bus EVSB school buses. The mounting bracket bolts may have been improperly tightened, allowing the drive motor to detach.","A detach drive motor can become a road hazard for other vehicles, increasing the risk of a crash or injury."
26V502000,confirmed,exterior,ROYAL TRUCK & EQUIPMENT,TRAFFIC CONTROL VEHICLE,,EQUIPMENT:ELECTRICAL:ACCESSORY GENERATOR:SOLAR PANEL|STRUCTURE:CRITICAL FASTENERS,110,20260731,"Alamo Group, Inc. (Royal Truck) is recalling certain 2022-2026 Royal Truck & Equipment Class 2 Traffic Control trucks equipped with a Wanco sign board. The solar panel screws may loosen, resulting in a partial detachment.","A dangling or completely disengaged solar panel may hit other vehicles or pedestrians, increasing the risk of a crash or injury."
26V272000,confirmed,exterior,NEWMAR,FREEDOM AIRE,,STRUCTURE:BODY,61,20260429,Newmar Corporation (Newmar) is recalling certain 2026 Freedom Aire motorhomes. The front chin spoiler may detach during transit.,"A detached spoiler may become a road hazard, increasing the risk of a crash."
26V060000,confirmed,structural,PIERCE,ARROW XT|ENFORCER|IMPEL|SABER|VELOCITY,,STEERING:LINKAGES,51,20260202,"Pierce Manufacturing (Pierce) is recalling certain 2025 Velocity, Saber, Impel, Enforcer, and Arrow XT vehicles. The steering linkage arm bolt may come loose, resulting in the steering linkage arm detaching from the steering motor.","Steering linkage arm detachment can cause a loss of steering control, increasing the risk of a crash."
26V461000,false_positive,,IC BUS,CECB,,STRUCTURE:BODY,50,20260716,"International Motors, LLC (International) is recalling certain 2025-2027 IC Bus CECB transit buses. The driver's window panel and entrance door vertical joints may have been attached without sufficient epoxy coverage. As such these vehicles fail to comply with the requirements of Federal Motor Vehicle Safety Standard (FMVSS) No. 221, ""School Bus Body Joint Strength.""","The body panels may separate during a crash, reducing structural integrity and increasing the risk of injury."
26V499000,confirmed,exterior,BRINKLEY RV,MODEL I,,STRUCTURE:BODY:STEP/LADDER,28,20260730,Brinkley RV (Brinkley) is recalling certain 2027 Model I trailers. The exterior ladder may not be properly secured to the support backer.,"The ladder may detach during use, increasing the risk of injury."
26V095000,confirmed,exterior,PREVOST,H3-45|H3-45 VIP,,VISIBILITY:REARVIEW MIRRORS/DEVICES:EXTERIOR,25,20260219,Prevost Car (US) Inc. (Prevost) is recalling certain 2026 H3-45 and H3-45 VIP vehicles equipped with aftermarket exterior driver side mirrors. The mirror exhibits excessive play and may detach.,"A detached mirror can reduce the driver's visibility and become a road hazard for other vehicles, increasing the risk of a crash."
26V453000,confirmed,structural,ORANGE EV,E-TRIEVER|HUSK-E|T-SERIES ELECTRIC TRUCK,,STRUCTURE:FRAME AND MEMBERS,24,20260715,"Orange EV is recalling certain 2023-2024 e-TRIEVER, 2020-2023 T-Series Tandem Terminal Truck, and 2024-2026 HUSK-e Tandem Terminal vehicles. Improper welding may cause frame rails to crack, leading to rail separation.","A detached rail can cause a loss of control, increasing the risk of injury."
26V133000,confirmed,exterior,PEBBLE,FLOW,,EQUIPMENT:ELECTRICAL:ACCESSORY GENERATOR:SOLAR PANEL,22,20260305,"Pebble Mobility Inc. (Pebble) is recalling certain 2026 Flow recreational trailers. The adhesive securing the solar panels to the roof may fail, causing the solar panel to detach.","A detached solar panel can become a road hazard for other vehicles, increasing the risk of a crash."
26V040000,false_positive,,FOREST RIVER BUS,COLLINS BUS,,STRUCTURE:BODY,19,20260123,"Forest River Bus, LLC (Forest River Bus) is recalling certain 2026 Collin Bus transit buses. The body panel joint adhesive may have been applied to the incorrect location, causing the panels to separate. As such these vehicle fail to comply with the requirements of Federal Motor Vehicle Safety Standard (FMVSS) No. 221, ""School Bus Body Joint Strength.""","Separated body panels can reduce structural integrity, increasing the risk of injury in a crash."
26V145000,false_positive,,NISSAN,KICKS|SENTRA,,SEATS,15,20260313,"Nissan North America, Inc. (Nissan) is recalling certain 2026 Kicks and Sentra vehicles. The hook bracket of the front seat frames may be insufficiently welded, which can cause the front seat frames to become loose. As such, these vehicles fail to comply with the requirements of Federal Motor Vehicle Safety Standard (FMVSS) numbers 207, ""Seating Systems"" and 210, ""Seat Belt Assembly Anchorages.""","A loose seat may not restrain the occupant as intended, increasing the risk of injury during a crash."
26V416000,false_positive,,ENTEGRA|JAYCO,ACCOLADE|SENECA,,EQUIPMENT:RECREATIONAL VEHICLE/TRAILER|SEATS:CRITICAL FASTENERS,14,20260630,"Jayco, Inc. (Jayco) is recalling certain 2027 Entegra Accolade and Jayco Seneca motorhomes. The front brackets may not have been installed, allowing the dinette to shift or detach. As such, these vehicles fail to comply with the requirements of Federal Motor Vehicle Safety Standard (FMVSS) number 207, ""Seating Systems.""",A dinette that moves during transit may increase the risk of injury.
26V206000,confirmed,structural,NOVA BUS,LFS|LFS ARTIC,,"VISIBILITY:GLASS, SIDE/REAR:CRITICAL FASTENERS",13,20260331,"Nova Bus (US) Inc. (Nova Bus) is recalling certain 2025 LFS and 2024 LFS Artic transit buses. Inadequate adhesion around the window frame may cause the glass to detach. As such, these vehicles fail to comply with the requirements of Federal Motor Vehicle Safety Standard (FMVSS) number 217, ""Bus Emergency Exits and Window Retention and Release.""","The glass can fall out of the frame, increasing the risk of ejection and injury during a crash. Detached window glass can also become a road hazard for other vehicles, increasing the risk of a crash."
26V024000,confirmed,exterior,FORD,EXPLORER,,VISIBILITY:WINDSHIELD,8,20260121,"Ford Motor Company (Ford) is recalling certain 2026 Explorer vehicles. During manufacturing, the windshield may not have been properly bonded to the vehicle, allowing it to detach in a crash. As such, these vehicles fail to comply with the requirements of Federal Motor Vehicle Safety Standard (FMVSS) number 212, ""Windshield Mounting.""","In the event of a crash, windshield detachment can increase the risk of injury."
