make,model,total_airbag_complaints,non_deploy,non_deploy_pct,inadvertent,warning_light,recall_process,other,nondeploy_in_crash,deaths
TOYOTA,COROLLA,4713,849,18.0,72,343,3014,435,798,6
HONDA,ACCORD,4120,860,20.9,307,1235,967,751,706,26
FORD,FUSION,3537,232,6.6,36,272,2687,310,189,2
HONDA,CIVIC,2933,906,30.9,135,692,661,539,797,16
CHEVROLET,SILVERADO 1500,2407,247,10.3,72,339,1389,360,223,13
FORD,MUSTANG,2403,275,11.4,40,95,1741,252,236,5
HONDA,CR-V,2396,305,12.7,34,228,1600,229,273,6
JEEP,GRAND CHEROKEE,2269,487,21.5,216,485,675,406,436,13
DODGE,RAM 1500,2226,424,19.0,29,146,1368,259,398,12
HYUNDAI,SONATA,2070,377,18.2,78,1090,233,292,266,10
NISSAN,ALTIMA,1970,418,21.2,47,852,251,402,307,6
FORD,RANGER,1901,276,14.5,18,63,1342,202,256,9
CHRYSLER,TOWN AND COUNTRY,1857,191,10.3,108,539,746,273,144,6
DODGE,GRAND CARAVAN,1707,204,12.0,99,597,516,291,153,4
TOYOTA,CAMRY,1702,904,53.1,57,186,163,392,860,18
VOLKSWAGEN,PASSAT,1669,139,8.3,30,358,954,188,80,1
CHEVROLET,TAHOE,1557,193,12.4,57,134,733,440,169,20
JEEP,WRANGLER,1485,205,13.8,31,710,375,164,156,6
HYUNDAI,ELANTRA,1368,496,36.3,58,532,60,222,442,3
JEEP,LIBERTY,1357,272,20.0,116,444,372,153,241,10
FORD,EDGE,1309,95,7.3,18,40,1084,72,86,2
DODGE,CARAVAN,1274,298,23.4,64,512,184,216,248,9
FORD,F-150,1215,537,44.2,93,208,74,303,516,18
CHRYSLER,300,1168,120,10.3,19,122,798,109,111,2
NISSAN,VERSA,1089,129,11.8,29,155,674,102,107,5
FORD,EXPLORER,1059,351,33.1,58,407,32,211,311,18
CHEVROLET,TRAVERSE,1053,69,6.6,13,256,622,93,54,2
CHEVROLET,MALIBU,1027,285,27.8,62,409,63,208,255,11
PONTIAC,VIBE,1011,60,5.9,6,89,794,62,49,0
CHEVROLET,IMPALA,963,303,31.5,41,407,57,155,278,4
GMC,SIERRA 1500,947,79,8.3,23,112,553,180,66,2
FORD,FOCUS,942,386,41.0,86,120,31,319,363,11
SUBARU,FORESTER,910,164,18.0,18,293,240,195,111,5
GMC,ACADIA,907,62,6.8,19,285,433,108,44,0
VOLKSWAGEN,JETTA,899,259,28.8,150,211,41,238,221,5
FORD,TAURUS,895,465,52.0,42,139,17,232,441,13
TOYOTA,SIENNA,886,137,15.5,18,338,292,101,101,3
DODGE,DURANGO,856,213,24.9,72,163,247,161,201,5
TOYOTA,RAV4,854,263,30.8,25,154,248,164,239,1
CHRYSLER,200,849,93,11.0,54,314,274,114,77,1
HONDA,ODYSSEY,834,153,18.3,77,214,233,157,119,1
ACURA,TL,834,61,7.3,50,154,233,336,41,1
NISSAN,ROGUE,829,148,17.9,34,405,95,147,103,1
LEXUS,ES350,806,43,5.3,1,21,702,39,38,0
NISSAN,SENTRA,798,269,33.7,38,203,115,173,241,8
MERCURY,MILAN,781,26,3.3,8,39,655,53,21,1
DODGE,CHARGER,779,118,15.1,22,119,435,85,109,5
BUICK,ENCLAVE,773,52,6.7,14,154,480,73,33,0
MERCEDES-BENZ,C300,738,39,5.3,12,34,605,48,28,1
HONDA,PILOT,734,100,13.6,25,126,352,131,80,102
KIA,SORENTO,722,149,20.6,29,386,33,125,111,7
SUBARU,OUTBACK,701,111,15.8,17,154,317,102,90,1
DODGE,DAKOTA,692,209,30.2,11,84,297,91,204,8
LINCOLN,MKZ,674,25,3.7,8,41,564,36,22,0
GMC,YUKON,668,90,13.5,16,58,324,180,81,4
CHEVROLET,SUBURBAN,664,106,16.0,13,85,293,167,99,3
MAZDA,MAZDA6,638,58,9.1,9,61,443,67,55,1
DODGE,JOURNEY,637,106,16.6,54,140,227,110,96,0
CHEVROLET,EQUINOX,634,196,30.9,22,251,54,111,159,2
BMW,X5,628,43,6.8,24,112,356,93,34,1
MERCEDES-BENZ,GLK350,624,16,2.6,2,29,538,39,10,2
FORD,ESCAPE,622,253,40.7,13,189,61,106,233,6
CHEVROLET,COBALT,615,209,34.0,25,158,120,103,200,20
NISSAN,PATHFINDER,604,106,17.5,21,245,118,114,73,1
BMW,328I,604,57,9.4,21,123,290,113,48,0
DODGE,RAM 2500,597,84,14.1,11,31,387,84,81,5
PLYMOUTH,VOYAGER,596,156,26.2,37,203,81,119,132,1
TOYOTA,AVALON,594,150,25.3,17,129,194,104,137,4
CHEVROLET,AVALANCHE,593,43,7.3,15,67,307,161,37,3
KIA,OPTIMA,576,170,29.5,23,257,44,82,135,6
DODGE,AVENGER,570,139,24.4,31,172,163,65,123,1
TOYOTA,TACOMA,563,255,45.3,12,151,51,94,220,3
RAM,1500,563,220,39.1,24,128,91,100,207,10
VOLKSWAGEN,BEETLE,548,76,13.9,20,248,128,76,42,2
PONTIAC,SOLSTICE,541,32,5.9,10,261,134,104,11,0
HONDA,FIT,538,70,13.0,5,25,388,50,65,0
BMW,325I,530,39,7.4,28,177,227,59,18,2
AUDI,A4,520,54,10.4,17,51,352,46,45,0
NISSAN,MAXIMA,519,155,29.9,23,156,54,131,124,3
HYUNDAI,SANTA FE,512,124,24.2,20,257,35,76,92,2
SUBARU,IMPREZA,511,91,17.8,14,128,144,134,70,0
TOYOTA,TUNDRA,495,89,18.0,10,53,274,69,84,3
FORD,ESCORT,493,205,41.6,35,54,30,169,194,3
CHEVROLET,SILVERADO,486,240,49.4,13,79,48,106,229,11
JEEP,CHEROKEE,482,201,41.7,22,99,53,107,194,4
TOYOTA,4RUNNER,477,89,18.7,7,28,295,58,85,1
MERCEDES BENZ,C300,459,27,5.9,9,50,335,38,19,0
PONTIAC,GRAND AM,447,187,41.8,87,21,16,136,174,12
HYUNDAI,ACCENT,447,195,43.6,15,146,16,75,174,3
MINI,COOPER,445,41,9.2,9,251,74,70,23,0
MERCEDES-BENZ,C250,437,22,5.0,7,30,352,26,20,0
TOYOTA,PRIUS,436,246,56.4,4,44,79,63,235,6
DODGE,NEON,432,235,54.4,30,17,5,145,227,5
VOLKSWAGEN,CC,424,27,6.4,5,53,308,31,18,0
PONTIAC,G6,411,84,20.4,19,195,50,63,68,4
LINCOLN,MKX,411,11,2.7,1,8,368,23,7,0
TOYOTA,MATRIX,409,52,12.7,7,45,281,24,41,0
SUBARU,LEGACY,407,108,26.5,22,63,141,73,100,0
CHEVROLET,CAMARO,402,138,34.3,27,113,20,104,122,9
MERCEDES-BENZ,E350,397,22,5.5,12,16,311,36,21,1
CADILLAC,CTS,393,95,24.2,16,189,40,53,79,3
CHRYSLER,SEBRING,389,132,33.9,30,103,40,84,119,2
CHEVROLET,S10,386,277,71.8,3,19,1,86,270,4
CHEVROLET,TRAILBLAZER,386,227,58.8,32,48,13,66,219,10
JEEP,PATRIOT,383,77,20.1,20,50,199,37,66,6
TOYOTA,YARIS,375,97,25.9,3,43,196,36,91,1
VOLKSWAGEN,ATLAS,373,22,5.9,19,88,197,47,9,0
SAAB,9-3,371,20,5.4,20,10,287,34,19,1
KIA,SPECTRA,368,149,40.5,3,156,10,50,126,6
SATURN,SKY,368,16,4.3,2,165,100,85,6,0
CHEVROLET,SILVERADO 2500,367,46,12.5,12,25,228,56,44,2
FORD,EXPEDITION,363,201,55.4,38,47,10,67,189,5
DODGE,RAM,355,229,64.5,9,24,19,74,216,4
TOYOTA,HIGHLANDER,353,149,42.2,7,61,69,67,133,45
HONDA,RIDGELINE,350,28,8.0,4,14,286,18,24,1
CHEVROLET,CAVALIER,346,147,42.5,50,23,36,90,139,7
CHEVROLET,BLAZER,342,225,65.8,6,30,6,75,207,7
SCION,XB,341,45,13.2,1,15,266,14,42,0
NISSAN,MURANO,339,64,18.9,11,184,34,46,42,1
AUDI,A3,339,14,4.1,3,40,253,29,7,0
BMW,X3,332,20,6.0,10,115,132,55,13,0
CHEVROLET,HHR,332,70,21.1,13,125,70,54,63,1
LINCOLN,TOWN CAR,330,94,28.5,45,97,10,84,79,1
FORD,WINDSTAR,329,110,33.4,42,48,10,119,94,1
CADILLAC,ESCALADE,328,37,11.3,12,62,193,24,34,0
HONDA,ELEMENT,323,55,17.0,53,51,113,51,48,0
AUDI,A6,322,31,9.6,8,31,224,28,25,1
VOLKSWAGEN,TIGUAN,319,47,14.7,6,149,50,67,20,1
DODGE,RAM 3500,317,40,12.6,6,14,224,33,38,0
TESLA,MODEL 3,312,56,17.9,13,17,54,172,41,1
CADILLAC,DEVILLE,311,111,35.7,48,55,35,62,105,8
CHEVROLET,VOLT,311,18,5.8,8,195,13,77,4,0
SATURN,VUE,310,79,25.5,6,145,18,62,60,0
PLYMOUTH,GRAND VOYAGER,309,46,14.9,14,160,35,54,34,1
NISSAN,FRONTIER,300,56,18.7,19,126,34,65,39,2
KIA,SPORTAGE,299,132,44.1,12,72,9,74,121,1
KIA,FORTE,294,138,46.9,9,72,30,45,129,9
BUICK,LESABRE,293,85,29.0,42,29,12,125,79,1
DODGE,INTREPID,291,154,52.9,11,34,5,87,141,3
UNKNOWN,UNKNOWN,285,51,17.9,10,38,90,96,43,8
CHEVROLET,AVEO,284,96,33.8,8,123,5,52,76,4
PONTIAC,GRAND PRIX,283,122,43.1,13,60,10,78,109,7
MINI,COOPER S,281,19,6.8,6,183,25,48,9,1
DODGE,CHALLENGER,281,57,20.3,7,48,136,33,55,0
TOYOTA,COROLLA MATRIX,275,17,6.2,7,39,186,26,12,0
KIA,RIO,274,106,38.7,9,111,9,39,93,2
JEEP,COMPASS,273,49,17.9,17,45,115,47,46,1
MAZDA,CX-7,272,7,2.6,7,45,200,13,7,0
BMW,3 SERIES,270,17,6.3,12,75,136,30,7,0
MAZDA,MAZDA3,269,84,31.2,6,88,29,62,77,1
SATURN,ION,263,114,43.3,3,38,60,48,106,3
INFINITI,G37,263,32,12.2,7,139,31,54,7,0
CHEVROLET,CRUZE,261,123,47.1,9,48,22,59,113,1
BMW,330I,259,12,4.6,18,76,102,51,6,2
AUDI,Q5,255,18,7.1,2,10,202,23,17,0
BUICK,LACROSSE,253,52,20.6,9,130,17,45,35,0
MERCURY,GRAND MARQUIS,248,75,30.2,14,97,8,54,63,0
MERCURY,SABLE,245,115,46.9,16,31,2,81,105,1
KIA,SEDONA,241,70,29.0,6,121,16,28,49,7
MAZDA,626,239,77,32.2,48,20,20,74,75,0
TOYOTA,SEQUOIA,237,25,10.5,6,20,162,24,23,0
FORD,FUSION HYBRID,236,14,5.9,2,13,187,20,12,0
MITSUBISHI,GALANT,235,149,63.4,9,12,2,63,145,3
ACURA,RDX,232,17,7.3,2,14,170,29,12,0
CHRYSLER,PT CRUISER,231,113,48.9,10,61,8,39,105,2
ACURA,MDX,230,32,13.9,12,64,81,41,26,0
LEXUS,IS 250,230,27,11.7,2,38,140,23,21,0
LEXUS,ES,228,32,14.0,2,9,153,32,31,0
FORD,CONTOUR,222,58,26.1,13,56,28,67,49,1
DODGE,MAGNUM,221,27,12.2,6,36,132,20,23,1
CHEVROLET,CORVETTE,218,30,13.8,15,127,7,39,18,0
JEEP,WRANGLER 4-DR 4X4,208,11,5.3,5,147,22,23,2,0
BMW,530I,205,13,6.3,2,80,68,42,6,0
CHEVROLET,SUBURBAN 1500,204,15,7.4,5,22,105,57,12,0
KIA,SOUL,203,124,61.1,2,20,20,37,118,3
VOLKSWAGEN,GOLF,202,36,17.8,24,48,35,59,25,0
DODGE,STRATUS,199,105,52.8,11,32,10,41,98,3
GMC,SIERRA,197,94,47.7,2,22,28,51,84,2
GMC,YUKON XL,196,19,9.7,9,28,104,36,16,0
SUZUKI,SX4,193,43,22.3,1,105,14,30,22,0
SATURN,OUTLOOK,193,17,8.8,2,102,24,48,7,0
BMW,335I,192,8,4.2,1,19,131,33,5,1
HYUNDAI,TUCSON,189,71,37.6,7,61,17,33,63,0
CHEVROLET,COLORADO,184,55,29.9,10,71,11,37,48,6
CHEVROLET,VENTURE,181,75,41.4,15,49,5,37,72,7
MITSUBISHI,ECLIPSE,180,98,54.4,4,22,4,52,93,4
NISSAN,XTERRA,179,53,29.6,9,56,33,28,46,2
SUZUKI,FORENZA,179,45,25.1,11,87,5,31,36,0
GEO,PRIZM,177,76,42.9,19,24,9,49,75,2
GMC,YUKON DENALI,177,11,6.2,5,15,64,82,8,1
KIA,SEPHIA,174,109,62.6,8,18,0,39,102,5
INFINITI,G35,174,30,17.2,10,85,18,31,23,0
CHRYSLER,PACIFICA,173,60,34.7,6,28,53,26,50,2
MAZDA,PROTEGE,171,95,55.6,14,7,3,52,92,1
MITSUBISHI,MIRAGE,170,93,54.7,13,8,6,50,92,5
PLYMOUTH,NEON,169,71,42.0,13,6,3,76,66,1
BMW,525I,168,8,4.8,7,72,45,36,3,0
GMC,TERRAIN,168,72,42.9,2,49,10,35,68,0
VOLKSWAGEN,EOS,168,6,3.6,3,21,128,10,4,0
GMC,SIERRA 2500,167,20,12.0,5,13,90,39,20,3
SATURN,SL,164,87,53.0,8,6,2,61,82,3
DODGE,CALIBER,163,57,35.0,1,34,50,21,48,0
HYUNDAI,TIBURON,162,61,37.7,15,57,6,23,56,2
GMC,ENVOY,160,94,58.8,10,26,5,25,87,8
NISSAN,TITAN,155,48,31.0,8,54,13,32,40,5
HYUNDAI,AZERA,155,16,10.3,1,103,9,26,12,1
LINCOLN,ZEPHYR,153,5,3.3,3,12,123,10,4,0
PONTIAC,BONNEVILLE,150,32,21.3,39,32,4,43,28,0
BUICK,REGAL,150,38,25.3,21,27,28,36,34,0
SATURN,AURA,150,17,11.3,4,88,10,31,12,0
CHEVROLET,AVALANCHE 1500,147,19,12.9,7,32,49,40,16,0
NISSAN,QUEST,146,34,23.3,17,31,17,47,21,1
BMW,325XI,145,13,9.0,6,23,86,17,4,0
MERCEDES BENZ,C230,144,19,13.2,5,14,95,11,18,0
NISSAN,ARMADA,144,21,14.6,12,63,17,31,16,2
MAZDA,TRIBUTE,143,38,26.6,5,66,10,24,31,1
BMW,323I,142,21,14.8,21,19,41,40,17,0
LINCOLN,LS,142,26,18.3,33,39,7,37,21,1
FORD,AEROSTAR,141,67,47.5,3,39,1,31,62,1
ACURA,RL,141,13,9.2,0,30,82,16,7,0
MERCEDES-BENZ,ML350,139,5,3.6,4,7,113,10,5,0
CHEVROLET,MONTE CARLO,137,63,46.0,3,19,7,45,58,3
CHEVROLET,LUMINA,136,51,37.5,15,19,3,48,49,6
SUZUKI,GRAND VITARA,136,33,24.3,0,61,20,22,28,0
MAZDA,B-SERIES TRUCK,135,22,16.3,0,5,88,20,22,5
MAZDA,CX-9,135,14,10.4,7,9,90,15,12,0
BMW,325CI,133,3,2.3,2,15,101,12,2,0
CHEVROLET,ASTRO,132,97,73.5,2,4,0,29,92,1
BMW,330CI,132,9,6.8,8,9,89,17,8,0
TOYOTA,CAMRY SOLARA,130,50,38.5,7,33,5,35,47,0
FORD,MUSTANG GT,130,17,13.1,2,2,97,12,16,0
LEXUS,RX,129,28,21.7,4,14,64,19,25,0
JEEP,WRANGLER 2-DR 4X4,126,8,6.3,1,89,15,13,2,0
CHEVROLET,SONIC,126,56,44.4,6,25,4,35,53,1
PONTIAC,SUNFIRE,125,41,32.8,22,13,7,42,36,2
VOLKSWAGEN,GTI,125,30,24.0,20,32,6,37,16,3
HONDA,INSIGHT,125,12,9.6,4,6,90,13,12,2
DODGE,DART,125,48,38.4,1,46,5,25,42,0
FORD,CROWN VICTORIA,122,45,36.9,4,30,6,37,41,6
ACURA,TSX,122,20,16.4,12,18,46,26,16,2
TESLA,MODEL Y,120,48,40.0,5,10,6,51,44,0
INFINITI,M35,119,7,5.9,0,4,100,8,5,0
CHRYSLER,300M,118,30,25.4,5,13,7,63,28,1
FORD,F-250,117,61,52.1,5,9,5,37,60,7
MITSUBISHI,LANCER,117,55,47.0,3,16,28,15,55,1
PONTIAC,TORRENT,117,21,17.9,2,60,18,16,13,0
HYUNDAI,PALISADE,117,7,6.0,3,11,86,10,6,0
MAZDA,RX-8,116,14,12.1,5,4,62,31,14,0
LEXUS,IS,114,13,11.4,1,29,53,18,12,1
CHRYSLER,CONCORDE,112,61,54.5,1,19,2,29,52,0
BMW,330XI,112,2,1.8,2,44,49,15,2,0
GMC,JIMMY,111,78,70.3,0,8,2,23,75,0
MERCEDES BENZ,E320,111,32,28.8,22,26,2,29,27,0
HYUNDAI,XG350,111,15,13.5,3,85,1,7,10,0
INFINITI,FX35,110,5,4.5,7,23,62,13,4,1
MITSUBISHI,OUTLANDER,109,57,52.3,4,16,9,23,57,0
JEEP,COMMANDER,109,32,29.4,5,40,13,19,30,1
MAZDA,MPV,108,55,50.9,7,4,21,21,52,0
BUICK,CENTURY,108,57,52.8,3,12,1,35,56,1
CADILLAC,SRX,107,51,47.7,6,23,7,20,46,5
CADILLAC,STS,106,27,25.5,2,53,7,17,21,0
DODGE,NITRO,105,22,21.0,9,37,19,18,20,0
FORD,FIESTA,104,49,47.1,6,20,7,22,49,1
OLDSMOBILE,ALERO,103,52,50.5,9,7,6,29,49,2
BMW,M3,102,7,6.9,5,11,65,14,7,0
FORD,F-250 SD,101,36,35.6,3,24,21,17,36,3
BMW,Z4,101,13,12.9,7,52,7,22,2,0
GMC,YUKON DENALI XL,100,3,3.0,2,4,45,46,3,0
BMW,X1 SAV,100,7,7.0,0,3,84,6,7,0
PONTIAC,MONTANA,99,40,40.4,5,30,3,21,38,2
BMW,X3 SAV,99,4,4.0,1,12,76,6,2,0
BMW,528I,98,14,14.3,17,13,13,41,8,0
BMW,5 SERIES,97,7,7.2,4,39,26,21,1,0
SATURN,ASTRA,97,4,4.1,1,4,87,1,3,0
GEO,METRO,96,66,68.8,4,4,0,22,62,0
BMW,328XI,96,9,9.4,2,23,51,11,7,0
OLDSMOBILE,CUTLASS,95,29,30.5,22,5,16,23,29,0
ISUZU,RODEO,95,69,72.6,0,7,2,17,67,1
PONTIAC,G8,95,7,7.4,6,40,14,28,4,0
RAM,2500,94,34,36.2,4,21,24,11,31,1
LINCOLN,CONTINENTAL,93,22,23.7,13,20,4,34,21,4
BUICK,VERANO,93,15,16.1,4,50,5,19,10,0
NISSAN,LEAF,92,10,10.9,2,37,19,24,6,0
CHRYSLER,SEBRING CONVERTIBLE,90,19,21.1,5,39,6,21,16,1
BMW,128I,90,2,2.2,0,13,66,9,2,0
NISSAN,350Z,89,19,21.3,4,49,4,13,17,1
CHRYSLER,300C,89,6,6.7,2,14,62,5,6,0
MERCEDES-BENZ,E550,89,1,1.1,1,0,77,10,1,0
SCION,TC,88,56,63.6,6,4,3,19,54,1
INFINITI,JX35,87,8,9.2,1,48,17,13,1,0
TOYOTA,CELICA,86,48,55.8,5,6,1,26,46,4
FORD,THUNDERBIRD,86,26,30.2,6,14,0,40,24,2
DAEWOO,LANOS,84,6,7.1,0,3,71,4,5,0
JEEP,RENEGADE,84,28,33.3,4,25,6,21,26,0
MAZDA,MX-5 MIATA,83,19,22.9,12,27,5,20,16,0
TOYOTA,TERCEL,82,37,45.1,2,7,0,36,35,1
LEXUS,RX350,82,33,40.2,8,12,7,22,31,0
MERCURY,COUGAR,81,38,46.9,3,7,2,31,30,2
MERCURY,MOUNTAINEER,81,32,39.5,11,24,2,12,30,1
TESLA,MODEL S,81,8,9.9,6,6,27,34,6,6
FORD,F-350,80,53,66.2,1,9,0,17,52,3
LINCOLN,NAVIGATOR,80,30,37.5,19,6,3,22,27,1
MERCEDES-BENZ,C350,80,3,3.8,1,3,69,4,3,0
BUICK,LUCERNE,79,46,58.2,1,20,4,8,46,1
MERCEDES BENZ,C350,79,3,3.8,0,9,59,8,3,0
HONDA,HR-V,79,31,39.2,3,12,21,12,30,0
VOLKSWAGEN,ATLAS CROSS SPORT,79,6,7.6,6,20,39,8,6,0
CHEVROLET,CORSICA,78,51,65.4,3,7,0,17,49,0
MERCEDES-BENZ,GL450,78,5,6.4,1,2,66,4,3,0
ACURA,ILX,78,10,12.8,3,6,48,11,8,0
AUDI,A3 CABRIOLET,78,2,2.6,1,29,39,7,0,0
MERCURY,TRACER,77,20,26.0,6,17,11,23,18,0
ACURA,CL,77,15,19.5,2,19,23,18,11,2
BMW,750LI,76,4,5.3,5,36,17,14,3,0
LAND ROVER,RANGE ROVER,74,7,9.5,1,16,34,16,5,0
LEXUS,ES300,74,43,58.1,3,4,0,24,39,5
OLDSMOBILE,88,73,28,38.4,19,3,0,23,25,2
VOLVO,S60,72,23,31.9,3,17,15,14,19,0
JAGUAR,XF,71,2,2.8,1,3,58,7,2,0
BUICK,ENCORE,70,33,47.1,1,16,4,16,29,0
MERCURY,VILLAGER,69,28,40.6,7,15,0,19,28,1
PONTIAC,G5,69,24,34.8,2,29,8,6,22,0
HONDA,CIVIC HYBRID,69,16,23.2,2,11,30,10,16,1
MAZDA,CX-5,69,18,26.1,7,18,9,17,17,0
GMC,SONOMA,68,45,66.2,2,5,1,15,42,1
VOLVO,XC90,68,11,16.2,2,18,7,30,6,0
DODGE,SHADOW,67,27,40.3,4,3,2,31,26,0
BUICK,RENDEZVOUS,67,27,40.3,6,10,7,17,26,1
CHRYSLER,ASPEN,67,9,13.4,2,8,42,6,8,0
TOYOTA,CAMRY HYBRID,66,31,47.0,1,6,19,9,29,0
BMW,530XI,65,6,9.2,2,27,18,12,1,0
CHEVROLET,TRAX,65,35,53.8,1,7,3,19,32,0
ACURA,INTEGRA,64,35,54.7,6,6,1,16,34,0
CHRYSLER,VOYAGER,64,11,17.2,2,39,7,5,6,0
HUMMER,H3,64,14,21.9,21,6,4,19,12,1
LEXUS,ES 350,64,2,3.1,0,2,53,7,1,0
PORSCHE,CAYENNE,63,2,3.2,3,3,11,44,1,0
LEXUS,SC430,63,2,3.2,0,4,55,2,2,0
PLYMOUTH,ACCLAIM,62,22,35.5,5,3,0,32,19,0
CHEVROLET,SILVERADO 3500,62,13,21.0,4,5,32,8,13,3
INFINITI,Q50,62,16,25.8,0,27,12,7,13,0
MERCEDES-BENZ,SPRINTER 3500,62,4,6.5,2,0,51,5,2,1
SAAB,9-5,61,10,16.4,4,4,41,2,7,0
MERCEDES BENZ,ML350,61,6,9.8,1,7,39,8,3,0
FORD,ASPIRE,60,29,48.3,5,9,0,17,28,2
MERCURY,MYSTIQUE,60,13,21.7,4,19,5,19,13,1
BMW,Z3,60,13,21.7,4,25,2,16,10,0
CADILLAC,SEVILLE,59,20,33.9,15,1,3,20,19,0
CHRYSLER,LHS,59,28,47.5,1,6,2,22,27,0
GMC,CANYON,59,18,30.5,0,24,2,15,18,0
INFINITI,QX60,59,7,11.9,5,26,11,10,3,0
CHRYSLER,LEBARON,57,15,26.3,8,1,1,32,12,0
TOYOTA,VENZA,57,18,31.6,1,15,11,12,16,1
BMW,X5 SAV,57,4,7.0,0,12,37,4,2,0
AUDI,A4 CABRIOLET,57,0,0.0,0,0,55,2,0,0
BUICK,PARK AVENUE,56,19,33.9,11,4,1,21,19,1
OLDSMOBILE,CUTLASS SUPREME,56,5,8.9,15,2,22,12,3,2
GMC,SIERRA 3500,56,10,17.9,0,3,36,7,10,0
MITSUBISHI,RAIDER,56,4,7.1,1,3,47,1,4,0
BMW,545I,56,4,7.1,1,25,19,7,2,0
CHEVROLET,SPARK,56,24,42.9,1,9,5,17,20,0
VOLVO,S80,55,17,30.9,8,7,7,16,15,0
TESLA,MODEL X,55,14,25.5,8,4,5,24,10,0
FORD,PROBE,54,17,31.5,2,3,1,31,14,0
SAAB,9-2X,54,1,1.9,0,3,45,5,1,0
DODGE,SPRINTER 2500,54,1,1.9,0,1,50,2,0,0
PORSCHE,MACAN,54,3,5.6,1,15,24,11,1,0
DODGE,SPIRIT,53,7,13.2,19,6,0,21,7,1
BUICK,SKYLARK,53,15,28.3,12,0,3,23,12,1
INFINITI,I30,53,15,28.3,3,21,6,8,11,0
VOLKSWAGEN,TOUAREG,53,10,18.9,5,18,5,15,3,0
CADILLAC,ESCALADE ESV,53,9,17.0,0,11,31,2,9,0
KIA,RONDO,53,25,47.2,1,17,3,7,21,1
MITSUBISHI,OUTLANDER SPORT,53,21,39.6,1,17,2,12,19,1
GEO,STORM,52,36,69.2,2,0,2,12,34,2
ACURA,LEGEND,52,19,36.5,6,3,0,24,16,0
VOLVO,V70,52,17,32.7,3,5,17,10,13,0
BMW,535I,52,5,9.6,2,16,13,16,3,0
CHRYSLER,CROSSFIRE,52,3,5.8,0,7,36,6,3,0
SUZUKI,RENO,52,8,15.4,3,32,1,8,3,0
LEXUS,IS 350,52,5,9.6,1,12,25,9,5,0
FIAT,500,52,21,40.4,0,7,7,17,21,0
MITSUBISHI,MONTERO,51,23,45.1,2,1,11,14,23,3
HYUNDAI,GENESIS,51,15,29.4,6,9,6,15,15,0
GMC,SAFARI,50,32,64.0,2,4,0,12,31,1
TOYOTA,4 RUNNER,50,33,66.0,2,0,0,15,32,3
LEXUS,ES330,50,13,26.0,1,3,7,26,12,0
AUDI,A5,50,2,4.0,1,3,38,6,2,1
CHRYSLER,CIRRUS,49,29,59.2,1,2,0,17,28,0
HONDA,PASSPORT,49,27,55.1,0,2,9,11,27,1
OLDSMOBILE,SILHOUETTE,49,20,40.8,2,10,2,15,18,1
TOYOTA,ECHO,49,37,75.5,1,1,3,7,36,1
BMW,540I,49,2,4.1,3,16,10,18,2,0
AUDI,S3,49,1,2.0,1,14,24,9,0,0
NISSAN,200SX,48,16,33.3,7,7,1,17,14,0
OLDSMOBILE,ACHIEVA,47,20,42.6,8,4,1,14,20,1
BMW,M5,47,4,8.5,2,14,15,12,2,0
CHEVROLET,TRACKER,47,33,70.2,0,4,1,9,33,0
FORD,F-350 SD,47,14,29.8,0,12,11,10,13,2
PLYMOUTH,SUNDANCE,46,16,34.8,7,3,0,20,14,0
MINI,COOPER S CONVERTIBLE,46,2,4.3,0,24,12,8,0,0
RAM,3500,46,19,41.3,0,6,11,10,19,1
MERCEDES-BENZ,E400,46,1,2.2,0,0,42,3,1,0
VOLVO,940,45,11,24.4,11,1,0,22,9,0
PONTIAC,FIREBIRD,45,21,46.7,2,2,0,20,19,2
PLYMOUTH,BREEZE,45,27,60.0,3,3,0,12,26,1
SUZUKI,XL-7,45,8,17.8,2,31,2,2,6,1
HYUNDAI,VELOSTER,45,21,46.7,0,12,4,8,13,0
MERCEDES-BENZ,CLA250,45,7,15.6,11,3,17,7,7,1
BMW,325,44,16,36.4,1,7,11,9,14,0
JEEP,LAREDO,44,11,25.0,5,11,5,12,11,0
MERCEDES BENZ,ML320,44,20,45.5,1,11,6,6,17,0
FORD,EXPLORER SPORT TRAC,44,19,43.2,8,5,0,12,18,0
CHEVROLET,MALIBU MAXX,44,14,31.8,0,17,3,10,12,0
DODGE,SPRINTER 3500,44,0,0.0,0,1,41,2,0,0
MERCEDES-BENZ,SPRINTER 2500,44,2,4.5,0,5,35,2,1,0
VOLVO,850,42,14,33.3,6,2,1,19,11,0
SAAB,900,42,5,11.9,12,7,3,15,4,0
UNKNOWN,UNKNOWN1,42,12,28.6,1,6,3,20,8,4
CHEVROLET,EXPRESS,42,12,28.6,5,8,3,14,8,0
MITSUBISHI,MONTERO SPORT,42,29,69.0,0,0,0,13,29,1
CHEVROLET,CAPRICE,41,25,61.0,0,4,1,11,23,1
TOYOTA,YARIS H/B,41,6,14.6,1,10,20,4,5,0
AUDI,A5 CABRIOLET,41,1,2.4,0,0,37,3,1,0
LEXUS,RX330,40,16,40.0,1,2,4,17,16,0
KIA,AMANTI,40,10,25.0,1,27,0,2,8,0
MERCEDES-BENZ,R350,40,1,2.5,1,5,29,4,0,0
VOLVO,S40,39,18,46.2,2,9,3,7,14,0
GMC,YUKON XL 1500,39,2,5.1,0,5,18,14,2,0
SUZUKI,XL7,39,2,5.1,5,18,4,10,0,0
BMW,1 SERIES,39,0,0.0,0,2,28,9,0,0
LEXUS,GX460,39,2,5.1,0,0,37,0,1,0
FORD,BRONCO,38,12,31.6,0,6,3,17,11,0
OLDSMOBILE,BRAVADA,38,23,60.5,2,2,0,11,21,0
PONTIAC,AZTEK,38,14,36.8,4,6,0,14,13,0
FORD,EXPLORER SPORT,38,13,34.2,4,12,0,9,12,1
HYUNDAI,VERACRUZ,38,7,18.4,1,25,2,3,4,0
HONDA,HONDA,37,9,24.3,1,8,12,7,6,0
LEXUS,RX300,37,28,75.7,0,3,1,5,25,0
CADILLAC,CATERA,37,13,35.1,3,7,0,14,13,0
HONDA,CR-Z,37,2,5.4,3,2,24,6,2,0
BMW,135I,37,1,2.7,0,5,27,4,1,0
LINCOLN,MKZ HYBRID,37,2,5.4,0,0,34,1,0,0
VOLKSWAGEN,GOLF SPORTWAGEN,37,4,10.8,1,18,7,7,1,0
RIVIAN,R1S,37,4,10.8,1,1,4,27,1,0
NISSAN,D21,36,25,69.4,2,0,0,9,23,0
INFINITI,QX56,36,7,19.4,2,13,5,9,3,0
BMW,550I,36,3,8.3,1,16,7,9,1,0
CHRYSLER,SEBRING CONV,36,3,8.3,4,9,11,9,2,0
MINI,COOPER CONVERTIBLE,36,2,5.6,0,22,6,6,1,0
LEXUS,GX470,36,4,11.1,0,2,18,12,4,0
MINI,COOPER CLUBMAN,36,0,0.0,2,18,9,7,0,0
NISSAN,VERSA NOTE,36,14,38.9,2,10,4,6,11,0
VOLVO,XC60,36,8,22.2,0,12,2,14,7,0
MAZDA,MILLENIA,35,10,28.6,9,6,1,9,10,0
FORD,E-150,35,12,34.3,2,8,1,12,12,0
PONTIAC,TRANS SPORT,35,13,37.1,4,11,0,7,13,0
JAGUAR,S-TYPE,35,15,42.9,8,5,0,7,14,0
BMW,745LI,35,2,5.7,2,20,3,8,2,0
TBD_TEST,TBD_TEST,35,5,14.3,1,7,12,10,4,0
CADILLAC,DTS,34,25,73.5,1,2,2,4,24,0
FORD,FLEX,34,22,64.7,0,8,0,4,21,1
LAND ROVER,RANGE ROVER EVOQUE,34,5,14.7,2,12,13,2,3,0
BMW,X6,34,0,0.0,0,1,29,4,0,0
MERCEDES-BENZ,GLA 250,34,3,8.8,2,10,14,5,3,0
VOLKSWAGEN,BEETLE CONVERTIBLE,34,0,0.0,0,5,29,0,0,0
BUICK,ROADMASTER,33,19,57.6,0,2,0,12,19,0
OLDSMOBILE,98,33,6,18.2,12,3,0,12,5,0
ACURA,RSX,33,15,45.5,1,12,1,4,13,0
AUDI,S4,33,4,12.1,1,6,18,4,4,0
SCION,XA,33,13,39.4,2,11,3,4,10,1
CHRYSLER,ASPEN 4X4,33,3,9.1,0,2,27,1,3,0
BMW,328,33,3,9.1,0,2,24,4,2,0
DODGE,DYNASTY,32,12,37.5,5,3,0,12,10,0
CHRYSLER,CHRYSLER,32,5,15.6,1,0,10,16,4,1
INFINITI,I35,32,4,12.5,1,4,20,3,3,0
LAND ROVER,RANGE ROVER SPORT,32,6,18.8,4,12,2,8,5,0
MITSUBISHI,DIAMANTE,31,13,41.9,1,2,0,15,10,0
CADILLAC,ELDORADO,31,17,54.8,0,2,0,12,14,1
LAND ROVER,DISCOVERY,31,16,51.6,1,5,2,7,16,0
PORSCHE,BOXSTER,31,4,12.9,2,19,1,5,0,0
FORD,EXCURSION,31,21,67.7,0,2,1,7,20,1
JAGUAR,X-TYPE,31,13,41.9,1,7,1,9,12,1
MERCURY,MARINER,31,12,38.7,2,10,1,6,12,0
VOLVO,740,30,7,23.3,7,5,0,11,6,0
CHRYSLER,NEW YORKER,30,10,33.3,1,3,1,15,10,0
SATURN,SATURN,30,15,50.0,3,0,0,12,14,1
SATURN,SC,30,17,56.7,2,0,1,10,17,0
VOLVO,S70,30,15,50.0,1,3,0,11,15,0
SATURN,LS,30,17,56.7,1,2,3,7,17,2
FORD,FIVE HUNDRED,30,18,60.0,0,6,0,6,17,0
SUBARU,B9 TRIBECA,30,1,3.3,1,2,22,4,1,0
HONDA,ACCORD HYBRID,30,8,26.7,1,9,7,5,7,0
AUDI,A4 ALLROAD,30,9,30.0,0,4,15,2,8,0
DODGE,SPRINTER,30,1,3.3,0,0,29,0,0,0
FIAT,124 SPIDER,30,0,0.0,0,1,29,0,0,0
SATURN,SC1,29,15,51.7,0,2,0,12,15,1
FORD,FORD,29,9,31.0,0,2,14,4,8,0
OLDSMOBILE,INTRIGUE,29,18,62.1,2,0,0,9,17,0
AIRBAG,SWITCH,29,13,44.8,0,2,7,7,9,2
TOYOTA,HIGHLANDER HYBRID,29,7,24.1,0,7,11,4,7,0
CADILLAC,ATS,29,6,20.7,0,10,5,8,5,0
TOYOTA,GRAND HIGHLANDER,29,4,13.8,0,1,21,3,2,0
CHEVROLET,C15,28,27,96.4,0,0,0,1,24,1
FORD,TEMPO,28,19,67.9,0,3,0,6,18,0
INFINITI,Q45,28,11,39.3,2,8,0,7,10,0
HONDA,DEL SOL,28,15,53.6,2,4,2,5,12,0
CHEVROLET,PRIZM,28,16,57.1,0,10,0,2,15,0
KIA,SPECTRA5,28,4,14.3,2,15,3,4,4,0
INFINITI,M45,28,0,0.0,1,4,21,2,0,0
BMW,750I,28,3,10.7,1,11,9,4,2,0
BMW,I3,28,6,21.4,0,6,2,14,3,0
MERCEDES-BENZ,GL350,28,0,0.0,0,0,26,2,0,0
HYUNDAI,SANTA FE SPORT,28,5,17.9,1,14,2,6,4,0
FORD,ECOSPORT,28,15,53.6,1,4,3,5,15,1
MERCEDES BENZ,SLK280,27,2,7.4,0,5,15,5,1,0
HONDA,PRELUDE,26,12,46.2,3,1,1,9,12,1
MAZDA,MX-6,26,4,15.4,2,1,2,17,4,1
MERCEDES BENZ,300,26,6,23.1,8,3,0,9,5,0
TOYOTA,LAND CRUISER,26,6,23.1,0,0,11,9,6,0
AUDI,TT,26,4,15.4,1,9,6,6,2,0
CADILLAC,ESCALADE EXT,26,1,3.8,1,5,16,3,1,0
GMC,SIERRA DENALI,26,4,15.4,0,0,8,14,3,0
AUDI,Q7,26,9,34.6,0,9,3,5,8,0
NISSAN,JUKE,26,11,42.3,2,6,1,6,10,0
BMW,X1,26,8,30.8,0,5,7,6,8,0
MERCEDES-BENZ,C 300,26,7,26.9,0,3,6,10,6,0
TOYOTA,RAV4 HYBRID,26,5,19.2,0,2,19,0,5,0
KIA,K5,26,15,57.7,0,0,5,6,14,3
CHEVROLET,BERETTA,25,21,84.0,0,0,0,4,21,0
EAGLE,VISION,25,16,64.0,1,2,0,6,16,1
TOYOTA,TOYOTA,25,6,24.0,5,0,8,6,6,3
MERCEDES BENZ,320,25,6,24.0,2,5,0,12,5,4
SUBARU,WRX,25,15,60.0,1,3,2,4,14,1
DODGE,RAM QUAD CAB,25,12,48.0,0,1,3,9,11,0
MAZDA,MAZDA5,25,6,24.0,0,12,4,3,4,0
MAZDA,MX-5,25,5,20.0,1,9,6,4,4,0
JEEP,WRANGLER 2-DR 4X4 RHD,25,2,8.0,0,18,1,4,0,0
AUDI,S5,25,1,4.0,0,3,16,5,1,0
BMW,320I,25,4,16.0,1,4,3,13,4,0
SUBARU,CROSSTREK,25,11,44.0,0,2,2,10,8,0
FORD,ECONOLINE,24,7,29.2,1,7,0,9,7,0
VOLVO,960,24,10,41.7,6,2,0,6,10,0
MITSUBISHI,ENDEAVOR,24,12,50.0,1,4,0,7,12,0
VOLVO,XC70,24,6,25.0,1,5,11,1,4,0
NISSAN,CUBE,24,5,20.8,0,8,7,4,5,0
VOLKSWAGEN,ROUTAN,24,6,25.0,3,4,5,6,5,0
BMW,335,24,2,8.3,0,0,19,3,1,0
MERCEDES-BENZ,GLK250,24,1,4.2,0,1,19,3,0,0
FORD,BRONCO SPORT,24,13,54.2,1,3,5,2,13,0
VOLKSWAGEN,ID.4,24,5,20.8,2,9,1,7,3,0
TOYOTA,SIENNA HYBRID,24,6,25.0,1,4,10,3,5,0
NISSAN,NISSAN,23,9,39.1,1,3,3,7,9,0
GMC,SAVANA,23,3,13.0,6,7,1,6,3,0
BMW,7 SERIES,23,2,8.7,0,9,10,2,2,0
GMC,DENALI,23,5,21.7,0,0,10,8,5,0
FORD,FREESTAR,23,5,21.7,1,10,0,7,3,0
GMC,ENVOY XL,23,14,60.9,1,3,3,2,14,1
CHEVROLET,UPLANDER,23,14,60.9,2,3,0,4,14,0
BMW,525XI,23,0,0.0,0,12,6,5,0,0
HYUNDAI,ELANTRA TOURING,23,10,43.5,0,8,3,2,7,0
DODGE,JOURNEY AWD,23,0,0.0,2,5,12,4,0,0
ACURA,TLX,23,6,26.1,1,4,6,6,5,0
CHEVROLET,BOLT EV,23,13,56.5,0,3,3,4,13,0
TOYOTA,PREVIA,22,8,36.4,1,3,0,10,7,0
EAGLE,TALON,22,11,50.0,0,1,0,10,10,0
BUICK,RIVIERA,22,8,36.4,3,1,0,10,8,2
ISUZU,TROOPER,22,15,68.2,0,1,0,6,15,0
TOYOTA,T100,22,2,9.1,12,1,0,7,2,0
VOLKSWAGEN,CABRIO,22,6,27.3,0,6,0,10,5,0
GMC,SUBURBAN,22,18,81.8,0,0,0,4,17,0
MITSUBISHI,ECLIPSE SPYDER,22,6,27.3,3,2,2,9,6,1
BUICK,RAINIER,22,13,59.1,4,2,1,2,13,0
HUMMER,H2,22,6,27.3,0,6,1,9,5,0
LINCOLN,AVIATOR,22,3,13.6,4,1,1,13,3,0
TOYOTA,FJ CRUISER,22,12,54.5,1,2,1,6,10,0
TAKATA,AIR BAG INFLATOR,22,0,0.0,0,3,17,2,0,0
MERCEDES-BENZ,GLC300,22,3,13.6,2,1,12,4,3,0
BMW,318,21,11,52.4,0,5,0,5,11,0
INFINITI,J30,21,6,28.6,5,1,0,9,5,0
FORD,FREESTYLE,21,7,33.3,0,5,0,9,7,0
BMW,335XI,21,0,0.0,0,1,14,6,0,0
NISSAN,370Z,21,3,14.3,0,12,1,5,3,0
BMW,535XI,21,0,0.0,1,3,10,7,0,0
HYUNDAI,SONATA HYBRID,21,7,33.3,1,6,3,4,5,0
SUBARU,ASCENT,21,11,52.4,2,2,0,6,11,0
INFINITI,Q60,21,1,4.8,2,12,2,4,1,0
LEXUS,LS400,20,12,60.0,0,2,1,5,11,0
MERCURY,MARQUIS,20,10,50.0,1,2,0,7,10,0
FORD,E-350,20,10,50.0,3,1,0,6,10,3
MERCEDES BENZ,CLK320,20,11,55.0,2,4,0,3,11,0
BMW,745I,20,0,0.0,0,11,3,6,0,0
INFINITI,EX35,20,3,15.0,0,8,7,2,2,0
VAN-CON,CHEVY,20,1,5.0,1,5,11,2,1,1
TOYOTA,PRIUS V,20,9,45.0,0,2,2,7,9,0
SUBARU,XV CROSSTREK,20,10,50.0,1,3,3,3,6,0
LINCOLN,MKS,20,3,15.0,1,2,10,4,3,0
MERCEDES-BENZ,GL550,20,0,0.0,0,0,19,1,0,0
VOLKSWAGEN,JETTA SPORTWAGEN,20,3,15.0,1,8,2,6,3,0
LEXUS,IS 250C,20,1,5.0,1,0,17,1,1,0
HONDA,CIVIC SI,20,2,10.0,0,5,10,3,1,0
TOYOTA,REDUNDANT SIENNA,20,3,15.0,1,3,9,4,2,0
RIVIAN,R1T,20,1,5.0,0,2,0,17,0,0
DODGE,STEALTH,19,3,15.8,1,8,1,6,2,2
GEO,TRACKER,19,12,63.2,1,3,0,3,12,0
GMC,GM,19,2,10.5,1,0,11,5,2,2
VOLKSWAGEN,NEW BEETLE,19,8,42.1,1,5,1,4,6,1
DAEWOO,LEGANZA,19,3,15.8,0,4,5,7,3,0
MERCEDES BENZ,S CLASS,19,4,21.1,1,5,2,7,4,0
INFINITI,FX45,19,0,0.0,0,5,9,5,0,0
LEXUS,GX,19,2,10.5,0,2,9,6,0,0
KIA,NIRO,19,8,42.1,2,0,6,3,7,1
KIA,TELLURIDE,19,6,31.6,1,2,1,9,6,0
NISSAN,KICKS,19,7,36.8,1,4,1,6,7,0
NISSAN,240SX,18,8,44.4,2,2,0,6,5,0
BMW,BMW,18,0,0.0,2,4,5,7,0,0
DODGE,VAN,18,4,22.2,0,4,5,5,4,0
FORD,E-250,18,8,44.4,3,3,0,4,8,0
CHEVROLET,1500,18,16,88.9,0,0,0,2,15,0
MERCEDES BENZ,E430,18,4,22.2,5,3,0,6,4,0
MERCEDES BENZ,C320,18,10,55.6,0,4,3,1,9,1
SUZUKI,VERONA,18,7,38.9,2,5,2,2,5,1
CHEVROLET,TRAILBLAZER EXT,18,10,55.6,1,3,3,1,9,0
MERCEDES BENZ,E500,18,2,11.1,3,4,2,7,0,0
VOLKSWAGEN,RABBIT,18,3,16.7,0,9,2,4,3,1
BMW,528XI,18,2,11.1,0,6,1,9,1,0
AUDI,A7,18,2,11.1,0,6,7,3,2,0
NISSAN,REDUNDANT NV200,18,1,5.6,3,9,4,1,1,0
TOYOTA,COROLLA CROSS,18,10,55.6,0,1,6,1,9,0
LEXUS,TX,18,3,16.7,0,0,11,4,2,0
VOLVO,240,17,7,41.2,2,0,1,7,7,0
CHEVROLET,C1500,17,9,52.9,0,2,0,6,9,0
SUZUKI,SIDEKICK,17,7,41.2,1,2,0,7,7,0
FORD,ESCAPE HYBRID,17,7,41.2,1,3,3,3,6,0
MERCEDES BENZ,GL450,17,2,11.8,1,3,7,4,1,0
MERCEDES BENZ,C240,17,2,11.8,1,9,2,3,1,0
LEXUS,GS 350,17,8,47.1,4,0,3,2,8,0
MERCEDES BENZ,CLK350,17,1,5.9,2,7,0,7,1,0
TOYOTA,PRIUS C,17,13,76.5,0,1,0,3,12,0
CHEVROLET,TAHOE HYBRID,17,0,0.0,0,1,10,6,0,0
INFINITI,QX80,17,4,23.5,3,8,0,2,3,0
LEXUS,IS 350C,17,0,0.0,0,0,16,1,0,0
SUBARU,BAJA,17,0,0.0,0,0,15,2,0,0
FORD,MAVERICK HYBRID,17,3,17.6,0,1,12,1,3,0
INFINITI,QX4,16,7,43.8,0,2,4,3,7,0
DODGE,RAM PICKUP,16,10,62.5,1,3,0,2,8,0
JEEP,COMMANDER 4X4,16,7,43.8,1,5,2,1,7,2
LEXUS,RX HYBRID,16,7,43.8,0,3,1,5,7,0
HYUNDAI,ENTOURAGE,16,5,31.2,0,7,2,2,4,0
BMW,645CI,16,0,0.0,0,4,5,7,0,0
SMART,FORTWO,16,6,37.5,1,5,2,2,6,1
RAM,PROMASTER,16,2,12.5,0,5,4,5,1,0
FORD,C-MAX,16,8,50.0,0,1,2,5,8,0
KIA,K900,16,2,12.5,1,2,0,11,0,0
REV AMBULANCE,DODGE SPRINTER 2500,16,0,0.0,0,0,15,1,0,0
AUDI,Q3,16,4,25.0,1,8,1,2,2,0
INFINITI,QX30,16,4,25.0,2,3,4,3,2,0
NISSAN,NV200,16,4,25.0,0,6,2,4,2,0
NISSAN,ROGUE SPORT,16,5,31.2,1,7,0,3,5,0
ALFA ROMEO,GIULIA,16,8,50.0,0,1,3,4,8,0
JEEP,GLADIATOR,16,5,31.2,1,5,0,5,4,0
EAGLE,SUMMIT,15,8,53.3,1,0,0,6,8,1
OLDSMOBILE,CIERA,15,8,53.3,1,0,0,6,8,0
SATURN,SW,15,10,66.7,1,1,1,2,10,1
OLDSMOBILE,AURORA,15,5,33.3,3,2,0,5,5,0
DODGE,DODGE,15,5,33.3,0,3,6,1,3,0
SUZUKI,GRAND VITARA XL-7,15,2,13.3,1,10,1,1,2,0
CHEVROLET,MALIBU CLASSIC,15,8,53.3,2,1,1,3,7,1
CHEVROLET,EXPRESS 1500,15,5,33.3,1,4,1,4,5,1
CHRYSLER,SEBRING SEDAN,15,2,13.3,1,5,1,6,1,0
HYUNDAI,GENESIS COUPE,15,9,60.0,1,0,1,4,8,0
LAND ROVER,LR2,15,4,26.7,0,8,1,2,3,0
SUZUKI,KIZASHI,15,1,6.7,0,7,4,3,1,0
SUBARU,TRIBECA,15,2,13.3,0,0,13,0,2,0
FORD,MAVERICK,15,5,33.3,0,3,5,2,5,0
MAZDA,CX-30,15,4,26.7,2,2,3,4,4,0
HONDA,INSPIRE,14,5,35.7,1,6,0,2,3,0
LEXUS,ES 330,14,4,28.6,2,3,2,3,3,0
MERCEDES BENZ,SL500,14,6,42.9,2,0,0,6,5,0
CHEVROLET,TRAILBLAZER 360,14,8,57.1,2,3,0,1,7,0
NISSAN,ALTIMA HYBRID,14,5,35.7,0,4,3,2,2,0
MERCEDES BENZ,SLK350,14,0,0.0,0,0,11,3,0,0
INFINITI,M37,14,4,28.6,0,6,0,4,1,0
CHEVROLET,COBALT SS,14,3,21.4,1,9,0,1,2,0
SATURN,VUE HYBRID,14,2,14.3,1,9,1,1,0,0
CHEVROLET,CAPTIVA,14,8,57.1,1,3,0,2,8,0
GMC,YUKON HYBRID,14,0,0.0,0,1,11,2,0,0
FORD,TRANSIT,14,7,50.0,1,1,2,3,7,9
MITSUBISHI,MIRAGE G4,14,8,57.1,0,3,2,1,8,1
HYUNDAI,KONA,14,8,57.1,0,1,0,5,8,0
JEEP,GRAND CHEROKEE L,14,5,35.7,1,2,2,4,4,0
TOYOTA,PASEO,13,7,53.8,2,0,0,4,6,0
DODGE,DAYTONA,13,4,30.8,2,1,0,6,4,0
SUZUKI,ESTEEM,13,9,69.2,0,0,0,4,9,0
SUBARU,SUBARU,13,5,38.5,0,0,5,3,3,0
LEXUS,GS300,13,6,46.2,0,0,1,6,6,1
FORD,FORD TRUCK,13,6,46.2,1,2,0,4,6,0
BMW,740IL,13,4,30.8,0,4,0,5,2,0
CHEVROLET,CHEVROLET,13,5,38.5,0,1,4,3,5,2
DODGE,DODGE TRUCK,13,5,38.5,1,1,0,6,5,0
DAEWOO,NUBIRA,13,6,46.2,1,1,3,2,6,0
DODGE,RAM VAN,13,6,46.2,1,1,1,4,5,0
MERCEDES BENZ,C280,13,1,7.7,2,2,6,2,1,0
LAND ROVER,DISCOVERY II,13,10,76.9,0,2,0,1,9,0
PONTIAC,GTO,13,7,53.8,0,2,2,2,7,0
CHRYSLER,TOWN AND COUNTRY LWB,13,3,23.1,0,8,0,2,2,0
LEXUS,LS,13,6,46.2,1,3,0,3,5,0
CHEVROLET,SUBURBAN 2500,13,3,23.1,0,1,3,6,2,0
BMW,650I,13,1,7.7,0,7,2,3,1,1
MINI,COOPER S CLUBMAN,13,2,15.4,0,9,1,1,1,0
MINI,COOPER COUNTRYMAN,13,2,15.4,0,3,3,5,1,0
MAZDA,CX9,13,1,7.7,0,0,11,1,1,0
KIA,OPTIMA HYBRID,13,5,38.5,0,2,4,2,5,0
LEXUS,IS F,13,1,7.7,0,2,9,1,1,0
BMW,335D,13,0,0.0,0,0,9,4,0,0
BUICK,ENVISION,13,1,7.7,0,5,0,7,0,0
MERCEDES-BENZ,CLA 250,13,2,15.4,1,2,3,5,2,0
BMW,430I,13,4,30.8,0,2,3,4,3,0
MERCEDES-BENZ,GLC 300,13,4,30.8,2,4,1,2,4,0
BMW,IX,13,2,15.4,0,1,8,2,2,0
BMW,525,12,7,58.3,0,1,1,3,7,0
CHEVROLET,K15,12,10,83.3,0,0,0,2,10,1
CHEVROLET,LUMINA APV,12,6,50.0,0,1,1,4,5,0
CHEVROLET,G20,12,6,50.0,0,0,0,6,5,0
LINCOLN,MARK VIII,12,2,16.7,2,0,0,8,2,2
CHEVROLET,K1500,12,7,58.3,0,1,1,3,6,0
CHEVROLET,CHEVROLET TRUCK,12,7,58.3,0,1,0,4,6,1
LEXUS,LS430,12,5,41.7,0,0,3,4,5,0
GMC,ENVOY XUV,12,3,25.0,1,3,1,4,3,0
ISUZU,ASCENDER,12,4,33.3,5,0,0,3,4,0
LEXUS,CT,12,4,33.3,0,0,4,4,4,0
LEXUS,GS,12,2,16.7,0,3,1,6,2,0
MERCEDES BENZ,SPRINTER 2500,12,0,0.0,0,0,12,0,0,0
CADILLAC,XT5,12,6,50.0,1,1,1,3,6,0
VOLKSWAGEN,GOLF ALLTRACK,12,1,8.3,0,2,1,8,0,0
KIA,SELTOS,12,10,83.3,0,1,0,1,10,0
GENESIS,G80,12,7,58.3,0,1,1,3,6,0
MERCEDES BENZ,190,11,4,36.4,3,0,0,4,3,0
CADILLAC,FLEETWOOD,11,7,63.6,0,0,0,4,7,0
MAZDA,MX-3,11,2,18.2,0,0,0,9,2,0
LEXUS,LEXUS,11,1,9.1,0,0,7,3,1,0
ACURA,ACURA,11,3,27.3,1,1,1,5,3,0
BMW,318I,11,6,54.5,0,4,0,1,5,0
BMW,740I,11,5,45.5,1,3,0,2,4,0
AUDI,A8,11,2,18.2,0,3,3,3,1,0
MERCEDES BENZ,E CLASS,11,2,18.2,1,1,1,6,2,0
FORD,MUSTANG CONVERTIBLE,11,4,36.4,3,1,0,3,4,0
BMW,530IA,11,0,0.0,1,0,8,2,0,0
DAEWOO PUERTO RICO,LANOS,11,4,36.4,0,2,3,2,4,0
DODGE,NITRO 4X4,11,1,9.1,0,6,1,3,0,0
LEXUS,SC,11,1,9.1,0,1,7,2,1,0
SCION,XD,11,4,36.4,0,0,3,4,4,0
DODGE,VIPER,11,1,9.1,1,1,5,3,1,0
BMW,323CI,11,1,9.1,0,1,6,3,0,0
FIAT,500L,11,1,9.1,0,7,1,2,1,0
MERCEDES BENZ,SLS,11,0,0.0,0,0,10,1,0,0
LINCOLN,MKC,11,6,54.5,0,2,1,2,5,0
CHRYSLER,200 CONVERTIBLE,11,2,18.2,0,0,8,1,1,0
LEXUS,LX570,11,0,0.0,0,4,4,3,0,0
LEXUS,NX,11,5,45.5,1,1,2,2,5,0
MITSUBISHI,ECLIPSE CROSS,11,5,45.5,1,1,0,4,4,1
VOLKSWAGEN,TAOS,11,2,18.2,0,4,1,4,2,0
TOYOTA,VENZA HYBRID,11,7,63.6,0,2,0,2,7,0
BMW,M550I,11,0,0.0,1,1,4,5,0,0
BMW,530E,11,0,0.0,0,4,2,5,0,0
CHRYSLER,FIFTH AVENUE,10,0,0.0,0,4,0,6,0,0
SAAB,9000,10,0,0.0,2,4,1,3,0,0
PORSCHE,911,10,2,20.0,1,2,0,5,2,0
CHEVROLET,PICKUP,10,7,70.0,0,0,0,3,7,0
GOODYEAR,GOODYEAR,10,8,80.0,0,0,0,2,8,2
LEXUS,GS400,10,7,70.0,0,1,0,2,7,0
SAAB,9-3 CONVERTIBLE,10,4,40.0,4,0,1,1,3,0
HYUNDAI,XG300,10,4,40.0,0,5,0,1,4,0
DODGE,STRATUS COUPE,10,4,40.0,0,0,5,1,4,0
PORSCHE,911 CARRERA,10,2,20.0,0,7,0,1,2,0
MERCURY,MONTEGO,10,7,70.0,0,3,0,0,6,0
KIA,SEDONA EX,10,3,30.0,0,5,0,2,3,0
DODGE,NITRO 4X2,10,1,10.0,1,3,2,3,1,0
JEEP,WRANGLER 4-DR 4X2,10,1,10.0,0,7,1,1,1,0
CHRYSLER,300 AWD,10,3,30.0,0,1,5,1,3,0
LAND ROVER,LR3,10,0,0.0,0,3,1,6,0,0
FORD,TRANSIT CONNECT,10,5,50.0,0,2,0,3,4,0
VOLKSWAGEN,PASSAT WAGON,10,0,0.0,0,3,6,1,0,0
CHEVROLET,MALIBU ECO,10,1,10.0,0,5,2,2,1,0
TOYOTA,AVALON HYBRID,10,4,40.0,0,1,5,0,4,0
BMW,X5 DIESEL SAV,10,0,0.0,0,1,9,0,0,0
HONDA,ACCORD CROSSTOUR,10,0,0.0,0,1,7,2,0,0
MINI,COUNTRYMAN,10,1,10.0,1,2,2,4,1,0
HONDA,CR-V HYBRID,10,3,30.0,0,1,5,1,3,0
ALFA ROMEO,STELVIO,10,1,10.0,0,2,6,1,1,0
MAZDA,929,9,5,55.6,1,0,0,3,5,0
VOLVO,760,9,3,33.3,1,0,0,5,3,0
GMC,GMC,9,3,33.3,0,1,3,2,3,1
MERCEDES BENZ,300E,9,1,11.1,6,1,0,1,0,0
ISUZU,HOMBRE,9,5,55.6,3,0,0,1,5,0
MERCEDES BENZ,280,9,3,33.3,0,3,0,3,3,0
INFINITI,G20,9,4,44.4,0,1,0,4,4,0
ISUZU,AMIGO,9,5,55.6,0,0,0,4,5,0
MERCEDES BENZ,C CLASS,9,3,33.3,0,3,1,2,3,0
CHEVROLET,Z71,9,7,77.8,0,0,0,2,7,0
LEXUS,LX470,9,1,11.1,0,0,6,2,1,0
FIRESTONE,FIRESTONE,9,4,44.4,0,1,0,4,4,1
LEXUS,IS 300,9,7,77.8,0,0,0,2,7,0
CHEVROLET,C/K PICKUPS,9,5,55.6,0,1,1,2,5,0
BMW,Z3 ROADSTER,9,0,0.0,2,3,0,4,0,0
SUZUKI,AERIO,9,2,22.2,2,3,0,2,1,0
FORD,E-450,9,3,33.3,0,2,0,4,3,0
VOLVO,C70,9,0,0.0,2,5,0,2,0,1
MINI,COOPER CLUBMAN S,9,2,22.2,0,5,0,2,1,0
BUICK,TERRAZA,9,2,22.2,0,3,0,4,2,0
CADILLAC,XTS,9,2,22.2,0,3,2,2,1,0
FORD,500,9,5,55.6,0,1,2,1,5,0
MERCEDES-BENZ,S550,9,4,44.4,0,1,0,4,4,0
FREIGHTLINER,SPRINTER 2500,9,0,0.0,0,0,8,1,0,0
MERCEDES BENZ,SPRINTER 3500,9,0,0.0,0,1,8,0,0,0
MERCURY,MILAN HYBRID,9,0,0.0,0,0,9,0,0,0
MINI,CLUBMAN,9,3,33.3,0,2,4,0,3,0
MERCEDES-BENZ,MERCEDES-BENZ,9,0,0.0,0,1,8,0,0,0
BMW,428I,9,3,33.3,0,2,1,3,3,0
MERCEDES ROYALE,SPRINTER COACH,9,0,0.0,0,0,8,1,0,0
HYUNDAI,IONIQ 5,9,1,11.1,1,1,1,5,1,0
LEXUS,ES250,8,3,37.5,1,0,0,4,3,0
GMC,C1500,8,6,75.0,0,1,0,1,6,0
VOLVO,VOLVO,8,1,12.5,2,1,0,4,1,0
HYUNDAI,HYUNDAI,8,3,37.5,1,1,0,3,2,0
MITSUBISHI,3000GT,8,4,50.0,0,1,0,3,4,0
CHEVROLET,VAN,8,5,62.5,0,0,0,3,5,0
JEEP,GRAND WAGONEER,8,5,62.5,0,2,0,1,5,0
CADILLAC,CADILLAC,8,0,0.0,4,0,3,1,0,0
AUDI,100,8,3,37.5,0,1,4,0,2,0
VOLKSWAGEN,VOLKSWAGEN,8,1,12.5,0,1,5,1,1,0
JAGUAR,JAGUAR,8,4,50.0,1,0,1,2,4,0
SUZUKI,VITARA,8,7,87.5,0,0,0,1,7,0
JEEP,WAGONEER,8,4,50.0,0,2,1,1,4,0
HONDA,S2000,8,2,25.0,0,1,1,4,2,0
MERCEDES BENZ,430,8,5,62.5,0,1,0,2,5,0
MERCEDES BENZ,240,8,5,62.5,0,1,0,2,4,0
ISUZU,AXIOM,8,7,87.5,0,0,1,0,7,0
VOLVO,V70XC,8,4,50.0,0,2,0,2,3,0
SATURN,L200,8,4,50.0,1,2,0,1,4,0
CHEVROLET,TRAILBLAZER EXT 370,8,4,50.0,0,2,0,2,4,0
SAAB,9-7X,8,0,0.0,3,2,1,2,0,0
JEEP,WRANGLER SAHARA,8,0,0.0,0,5,2,1,0,0
HONDA,CROSSTOUR,8,2,25.0,1,0,3,2,2,0
INFINITI,G25,8,1,12.5,1,3,1,2,1,0
CHEVROLET,CHEVEROLET SS,8,1,12.5,2,3,0,2,1,0
DODGE,DURANGO 4X4,8,1,12.5,0,0,7,0,1,0
CHEVROLET,CAPTIVA SPORT,8,2,25.0,0,5,0,1,2,0
PORSCHE,MACAN S,8,0,0.0,1,2,5,0,0,0
ACURA,ZDX,8,0,0.0,2,1,5,0,0,0
NISSAN,NV,8,1,12.5,1,3,0,3,1,0
TOYOTA,C-HR,8,7,87.5,0,0,0,1,7,0
KIA,CARNIVAL,8,2,25.0,0,3,0,3,2,0
INFINITI,QX50,8,1,12.5,0,5,0,2,1,0
FORD,MUSTANG MACH E,8,4,50.0,1,0,0,3,4,0
MERCEDES BENZ,560,7,4,57.1,0,1,0,2,1,0
MAZDA,MAZDA,7,3,42.9,1,0,0,3,3,0
MERCEDES BENZ,190E,7,3,42.9,2,0,0,2,1,0
MERCURY,MERCURY,7,3,42.9,2,1,0,1,3,0
MERCEDES BENZ,C220,7,4,57.1,1,0,0,2,4,0
KIA,KIA,7,3,42.9,0,3,0,1,3,0
MERCEDES BENZ,S430,7,2,28.6,0,0,2,3,1,0
LINCOLN,LINCOLN,7,3,42.9,1,0,2,1,2,0
HYUNDAI,SONATA GLS,7,3,42.9,0,4,0,0,1,7
CHRYSLER,SEBRING COUPE,7,2,28.6,0,2,3,0,2,0
CHEVROLET,CHEVY VAN,7,3,42.9,0,0,0,4,3,0
HYUNDAI,XG 350,7,2,28.6,0,4,0,1,2,0
JAGUAR,XJ,7,5,71.4,0,1,1,0,5,0
CHEVROLET,EXPRESS 3500,7,4,57.1,2,1,0,0,4,0
CHEVROLET,EXPRESS 2500,7,4,57.1,1,0,1,1,4,0
LAND ROVER,FREELANDER,7,2,28.6,0,4,0,1,2,0
GMC,ENVOY 360,7,3,42.9,0,3,1,0,2,0
JEEP,PATRIOT 4X4,7,1,14.3,2,2,2,0,1,0
BMW,325XIT,7,1,14.3,0,2,3,1,0,0
CHRYSLER,ASPEN 4X2,7,1,14.3,0,0,6,0,1,0
KIA,CADENZA,7,5,71.4,0,1,0,1,3,0
BMW,X4,7,4,57.1,0,1,1,1,4,0
PORSCHE,PANAMERA,7,2,28.6,1,1,0,3,2,0
MINI,COOPER S COUNTRYMAN,7,1,14.3,0,3,2,1,0,0
LAND ROVER,LR4,7,1,14.3,0,2,0,4,1,0
VOLVO,XC40,7,2,28.6,0,2,1,2,2,0
FIAT,500X,7,2,28.6,1,2,0,2,2,0
TOYOTA,PRIUS PRIME,7,4,57.1,0,0,0,3,4,0
CADILLAC,CT5,7,5,71.4,0,0,0,2,5,1
TOYOTA,RAV4 PRIME,7,7,100.0,0,0,0,0,7,0
HYUNDAI,SANTA CRUZ,7,6,85.7,0,1,0,0,6,0
GENESIS,GV70,7,4,57.1,2,0,0,1,4,0
MERCURY,CAPRI,6,3,50.0,0,2,0,1,2,0
BMW,740,6,3,50.0,1,0,1,1,3,0
VOLKSWAGEN,CABRIOLET,6,0,0.0,0,4,0,2,0,0
BMW,M6,6,2,33.3,1,0,0,3,1,1
SUZUKI,SWIFT,6,1,16.7,1,0,1,3,1,0
TOYOTA,MR2,6,1,16.7,0,1,1,3,1,0
BMW,540,6,0,0.0,2,1,0,3,0,0
MERCURY,TOPAZ,6,3,50.0,0,0,0,3,3,0
DODGE,PICKUP,6,3,50.0,1,1,0,1,3,0
OLDSMOBILE,OLDSMOBILE,6,0,0.0,2,0,0,4,0,0
SUBARU,SVX,6,1,16.7,2,0,0,3,1,0
PONTIAC,PONTIAC,6,1,16.7,2,2,0,1,0,0
AUDI,AUDI,6,0,0.0,1,0,4,1,0,0
FORD,GRAND MARQUIS,6,1,16.7,0,1,0,4,1,0
MERCEDES BENZ,SLK230,6,1,16.7,0,0,0,5,1,0
MERCEDES BENZ,MERCEDES BENZ,6,2,33.3,0,0,0,4,1,0
FORD,F-450 SD,6,4,66.7,1,1,0,0,4,0
SATURN,L300,6,5,83.3,0,0,0,1,5,0
FORD,E550,6,4,66.7,0,0,0,2,4,0
FORD,ZX2 (ESCORT),6,4,66.7,0,0,0,2,4,0
AUDI,ALLROAD,6,0,0.0,0,3,1,2,0,0
CHEVROLET,CLASSIC,6,4,66.7,0,0,0,2,3,0
BMW,6 SERIES,6,1,16.7,0,1,0,4,0,0
CHEVROLET,AVALANCHE 2500,6,2,33.3,0,2,2,0,2,0
MERCEDES BENZ,CLS500,6,3,50.0,1,0,1,1,3,0
CHRYSLER,CROSSFIRE ROADSTER,6,2,33.3,0,1,2,1,2,0
CHEVROLET,MALIBU HYBRID,6,1,16.7,0,2,1,2,1,0
MERCURY,MONTEREY,6,2,33.3,3,1,0,0,2,0
KIA,BORREGO,6,4,66.7,0,2,0,0,4,0
SCION,IQ,6,5,83.3,0,0,0,1,5,0
INFINITI,JX,6,0,0.0,0,2,4,0,0,0
CHEVROLET,2500 HD,6,1,16.7,0,0,5,0,1,0
FORD,REDUNDANT C-MAX HYBRID,6,4,66.7,0,0,1,1,4,0
SUZUKI,EQUATOR,6,0,0.0,0,4,1,1,0,0
SUBARU,OUTBACK SPORT,6,0,0.0,0,3,1,2,0,0
TAKATA,TAKATA,6,1,16.7,0,1,4,0,0,0
BMW,82110393954,6,0,0.0,1,2,2,1,0,0
AUDI,S6,6,0,0.0,1,1,4,0,0,0
SCION,IA,6,3,50.0,0,1,0,2,3,0
STERLING,BULLET 5500,6,0,0.0,0,0,5,1,0,0
HONDA,CIVIC GX,6,1,16.7,0,0,4,1,1,0
LAND ROVER,RANGE ROVER L322,6,0,0.0,0,0,6,0,0,0
CHEVROLET,CITY EXPRESS,6,2,33.3,0,1,1,2,1,0
MERCEDES-BENZ,ML550,6,0,0.0,0,0,6,0,0,0
LEXUS,CT HYBRID,6,1,16.7,0,0,5,0,1,0
LEXUS,NX200T,6,5,83.3,0,0,1,0,5,0
MERCEDES-BENZ,E300,6,0,0.0,0,1,4,1,0,0
JAGUAR,F-PACE,6,4,66.7,0,2,0,0,4,0
MAZDA,MAZDA2,6,1,16.7,0,0,3,2,1,0
MERCEDES-BENZ,GLE350,6,1,16.7,0,2,1,2,1,0
MERCEDES-BENZ,AMG C63,6,1,16.7,0,1,4,0,1,0
MERCEDES-BENZ,C204,6,0,0.0,1,0,5,0,0,0
HONDA,CLARITY PLUG-IN HYBRID,6,2,33.3,1,2,0,1,2,1
MERCEDES-BENZ,A 220,6,0,0.0,1,2,1,2,0,0
CADILLAC,ELR,6,1,16.7,0,3,0,2,0,0
LINCOLN,CORSAIR,6,5,83.3,0,0,0,1,5,0
AUDI,RS 3,6,2,33.3,0,2,1,1,0,0
MAZDA,CX-50,6,3,50.0,0,1,0,2,3,0
KIA,K4,6,4,66.7,0,0,1,1,3,0
GMC,G25,5,4,80.0,0,0,0,1,4,0
CHEVROLET,K10,5,5,100.0,0,0,0,0,5,0
TOYOTA,SUPRA,5,2,40.0,0,0,0,3,2,0
MITSUBISHI,EXPO,5,1,20.0,0,0,0,4,1,0
ACURA,VIGOR,5,2,40.0,0,1,0,2,2,0
MAZDA,MX3,5,3,60.0,0,0,0,2,3,0
CHEVROLET,C10,5,4,80.0,0,0,0,1,4,0
GMC,PICK UP,5,5,100.0,0,0,0,0,3,0
GMC,VANDURA,5,4,80.0,0,0,0,1,4,0
SUZUKI,X90,5,4,80.0,0,0,0,1,4,0
MITSUBISHI,MITSUBISHI,5,4,80.0,0,0,0,1,3,0
BMW,525IA,5,0,0.0,1,1,1,2,0,0
FORD,UNKNOWN,5,2,40.0,0,0,1,2,2,0
HYUNDAI,EXCEL,5,2,40.0,0,1,0,2,2,0
FORD,F-550 SD,5,1,20.0,3,0,0,1,1,0
CHEVROLET,C SERIES,5,2,40.0,1,0,1,1,1,0
BUICK,BUICK,5,1,20.0,0,1,2,1,0,0
GMC,SILVERADO,5,4,80.0,0,0,1,0,4,0
JAGUAR,XK8,5,1,20.0,0,2,0,2,0,0
MERCEDES BENZ,230,5,1,20.0,0,0,1,3,1,0
MERCEDES BENZ,ML430,5,1,20.0,0,3,0,1,1,0
JAGUAR,XJ8,5,1,20.0,2,1,0,1,1,0
BMW,M ROADSTER,5,1,20.0,0,3,0,1,1,0
LEXUS,GX 470,5,2,40.0,0,0,2,1,2,0
JEEP,COMPASS FWD,5,0,0.0,0,3,0,2,0,0
JEEP,PATRIOT FWD,5,3,60.0,0,0,1,1,3,0
SUBARU,IMPREZA STI,5,2,40.0,0,1,0,2,1,0
LEXUS,LS460,5,2,40.0,0,2,1,0,2,0
MERCEDES BENZ,CLS550,5,2,40.0,0,0,1,2,1,0
GMC,ENVOY XL 370,5,1,20.0,1,0,0,3,1,1
MERCEDES BENZ,S500,5,1,20.0,0,1,0,3,1,0
CHRYSLER,PT CRUISER CONVERTIBLE,5,3,60.0,0,2,0,0,3,0
MAZDA,MAZDASPEED6,5,0,0.0,0,0,3,2,0,0
JEEP,WRANGLER 4-DR 4X4 RHD,5,0,0.0,0,4,0,1,0,0
FREIGHTLINER,SPRINTER 3500,5,0,0.0,0,1,4,0,0,0
HUMMER,H3 SUT,5,0,0.0,2,0,0,3,0,0
MERCEDES BENZ,ML500,5,2,40.0,0,2,0,1,1,0
GMC,SAVANA 1500,5,1,20.0,0,2,1,1,1,0
JEEP,COMMANDER 4X2,5,1,20.0,0,3,0,1,1,0
FORD,GT,5,0,0.0,0,0,5,0,0,0
MERCEDES BENZ,C63,5,0,0.0,0,0,5,0,0,0
BMW,1 SERIES M,5,0,0.0,0,0,5,0,0,0
BMW,128I US,5,0,0.0,0,0,5,0,0,0
MERCEDES-BENZ,GLC,5,1,20.0,0,0,2,2,1,0
BMW,335IS,5,0,0.0,0,0,4,1,0,0
MERCEDES BENZ,GLK204,5,0,0.0,0,0,4,1,0,0
AUDI,S5 CABRIOLET,5,0,0.0,0,1,4,0,0,0
KIA,FORTE KOUP,5,1,20.0,0,2,2,0,1,0
JAGUAR,XE,5,1,20.0,2,1,1,0,1,0
FORD,F-550,5,0,0.0,0,0,3,2,0,0
TOYOTA,YARIS IA,5,3,60.0,0,0,0,2,3,0
MERCEDES-BENZ,GLB 250,5,1,20.0,0,3,0,1,1,0
HYUNDAI,EQUUS,5,2,40.0,1,0,0,2,2,0
MAZDA,CX-3,5,3,60.0,0,0,1,1,2,0
BUICK,ENCORE GX,5,3,60.0,0,1,0,1,3,0
NISSAN,REDUNDANT ROGUE SPORT,5,2,40.0,0,0,0,3,2,0
HYUNDAI,TUCSON HYBRID,5,2,40.0,0,1,0,2,2,0
MERCEDES-BENZ,GLE 350,5,3,60.0,0,1,0,1,2,0
JEEP,GRAND CHEROKEE 4XE,5,2,40.0,0,2,0,1,2,0
POLESTAR,POLESTAR 2,5,0,0.0,0,0,1,4,0,0
LUCID,AIR,5,2,40.0,0,0,0,3,2,0
CADILLAC,LYRIQ,5,4,80.0,0,0,0,1,4,0
KIA,EV6,5,2,40.0,1,0,1,1,2,1
LAND ROVER,DEFENDER,5,1,20.0,0,1,1,2,0,0
MAZDA,CX-90,5,2,40.0,0,1,0,2,1,0
FORD,F SERIES (LIGHT),4,2,50.0,0,0,1,1,2,0
DODGE,OMNI,4,3,75.0,0,0,0,1,2,0
JEEP,JEEP,4,1,25.0,0,0,2,1,1,0
MAZDA,RX-7,4,3,75.0,0,0,0,1,3,0
CHRYSLER,EAGLE,4,0,0.0,0,0,0,4,0,0
CHEVROLET,C SERIES(LIGHT),4,1,25.0,0,0,0,3,1,0
MERCEDES BENZ,420,4,2,50.0,0,0,0,2,2,0
HYUNDAI,SCOUPE,4,2,50.0,0,0,0,2,2,0
CHRYSLER,IMPERIAL,4,0,0.0,3,0,0,1,0,0
TOYOTA,PICKUP,4,3,75.0,0,1,0,0,3,0
PORSCHE,CARRERA,4,1,25.0,1,1,0,1,0,0
PLYMOUTH,DUSTER,4,1,25.0,0,0,0,3,1,0
NISSAN,300ZX,4,3,75.0,0,0,0,1,3,0
MERCEDES BENZ,500,4,0,0.0,3,0,0,1,0,0
PONTIAC,SUNBIRD,4,3,75.0,0,1,0,0,3,0
FORD,CLUB WAGON,4,2,50.0,0,0,0,2,2,0
BMW,850,4,1,25.0,1,0,0,2,1,0
AUDI,QUATTRO,4,1,25.0,0,0,0,3,1,0
PLYMOUTH,PLYMOUTH,4,1,25.0,1,1,1,0,1,0
AUDI,90,4,0,0.0,0,1,3,0,0,0
LEXUS,SC400,4,2,50.0,0,1,0,1,2,0
MERCEDES BENZ,SL CLASS,4,1,25.0,1,0,0,2,1,0
BMW,325IS,4,1,25.0,0,2,0,1,1,0
DODGE,RAM CLUB CAB,4,1,25.0,0,1,0,2,1,0
TOYOTA,PRERUNNER,4,2,50.0,0,0,0,2,2,0
CHEVROLET,G VAN,4,0,0.0,3,1,0,0,0,0
ISUZU,OASIS,4,1,25.0,0,2,1,0,0,0
CHEVROLET,ENVOY,4,2,50.0,0,0,0,2,2,0
MERCURY,MARAUDER,4,1,25.0,0,1,0,2,1,0
FORD,F SERIES,4,2,50.0,0,0,0,2,2,0
DODGE,QUAD,4,1,25.0,0,0,0,3,1,0
DODGE,C BODY,4,3,75.0,0,1,0,0,2,0
COACHMEN,PATHFINDER,4,0,0.0,0,1,0,3,0,0
MERCEDES BENZ,CL CLASS,4,3,75.0,0,0,1,0,3,6
LINCOLN,MARK LT,4,1,25.0,0,1,0,2,1,0
MERCEDES BENZ,E,4,2,50.0,0,0,0,2,2,0
JEEP,COMPASS 4X4,4,1,25.0,0,3,0,0,1,0
MERCEDES BENZ,CLK500,4,1,25.0,0,3,0,0,0,0
MERCEDES BENZ,S550,4,0,0.0,1,0,2,1,0,0
DODGE,AVENGER AWD,4,2,50.0,0,1,0,1,2,0
TOYOTA,SEQUOIA SR5,4,1,25.0,0,1,2,0,1,0
LEXUS,RX 350,4,4,100.0,0,0,0,0,4,1
BMW,740LI,4,1,25.0,0,0,1,2,1,0
BMW,ACTIVE HYBRID 3,4,0,0.0,1,0,0,3,0,0
KIA,RIO5,4,1,25.0,1,1,0,1,1,0
BMW,228I,4,4,100.0,0,0,0,0,3,0
A&J VANS,AVALANCHE LIMITED,4,1,25.0,0,0,2,1,0,0
BMW,435I,4,1,25.0,0,1,1,1,1,0
LEXUS,HS 250 HYBRID,4,2,50.0,0,1,0,1,2,0
DODGE,RAM 5500,4,1,25.0,0,1,2,0,1,0
VOLKSWAGEN,JETTA HYBRID,4,0,0.0,0,2,1,1,0,0
LEXUS,ES HYBRID,4,2,50.0,0,0,1,1,2,0
INFINITI,QX70,4,1,25.0,1,1,1,0,1,0
FREIGHTLINER,SPRINTER,4,0,0.0,0,0,4,0,0,0
SCION,FR-S,4,0,0.0,1,1,0,2,0,0
FOREST RIVER,SOLERA,4,0,0.0,1,0,3,0,0,0
CHEVROLET,SPARK EV,4,1,25.0,0,1,1,1,1,0
AUDI,A4 AVANT,4,0,0.0,0,1,3,0,0,0
CADILLAC,CTS-V,4,0,0.0,0,2,1,1,0,0
FORD,SERVICE STEERING GEAR,4,0,0.0,0,0,4,0,0,0
GMC,C SERIES,4,0,0.0,0,1,1,2,0,0
BMW,850I,4,2,50.0,0,0,1,1,1,0
MERCEDES-BENZ,AMG CLA45,4,0,0.0,0,0,3,1,0,0
LEXUS,LX,4,0,0.0,0,1,3,0,0,0
MERCEDES-BENZ,METRIS,4,1,25.0,0,2,0,1,1,0
PORSCHE,MACAN TURBO,4,0,0.0,0,2,1,1,0,0
VOLKSWAGEN,GOLF SPORTSWAGEN,4,2,50.0,0,2,0,0,1,0
TOYOTA,COROLLA IM,4,3,75.0,0,1,0,0,3,0
AUDI,SQ5,4,1,25.0,0,3,0,0,1,0
PORSCHE,TAYCAN,4,3,75.0,0,0,1,0,2,0
HYUNDAI,SANTA FE HYBRID,4,3,75.0,0,0,0,1,3,0
HYUNDAI,VENUE,4,1,25.0,0,1,1,1,1,0
CHEVROLET,BOLT EUV,4,0,0.0,1,1,0,2,0,0
HYUNDAI,ELANTRA HYBRID,4,2,50.0,0,1,0,1,2,0
FISKER,OCEAN,4,1,25.0,0,3,0,0,1,0
TOYOTA,SEQUOIA HYBRID,4,1,25.0,1,1,0,1,1,0
LINCOLN,NAUTILUS,4,1,25.0,1,0,0,2,1,0
HONDA,PROLOGUE,4,3,75.0,0,0,0,1,3,0
CHEVROLET,C20,3,3,100.0,0,0,0,0,3,0
GMC,K1500,3,1,33.3,0,1,0,1,1,0
MERCEDES BENZ,350,3,2,66.7,0,0,0,1,1,0
CHEVROLET,G SERIES,3,2,66.7,0,0,0,1,2,0
NISSAN,NX,3,3,100.0,0,0,0,0,3,0
CENTURY,CHILD SAFETY SEAT,3,1,33.3,0,0,0,2,1,0
CHEVROLET,G30,3,3,100.0,0,0,0,0,3,0
VOLVO,244,3,0,0.0,0,2,0,1,0,0
WINNEBAGO,WINNEBAGO,3,0,0.0,0,0,2,1,0,0
OLDSMOBILE,CUSTOM CRUISER,3,2,66.7,0,0,0,1,1,1
VOLVO,854,3,1,33.3,0,0,0,2,1,0
BMW,528,3,1,33.3,1,0,1,0,1,0
CHEVROLET,K2500,3,2,66.7,0,0,0,1,2,0
SAAB,SAAB,3,0,0.0,0,1,1,1,0,0
CHEVROLET,C2500,3,2,66.7,0,0,1,0,2,0
LEXUS,SC300,3,1,33.3,0,0,0,2,1,0
DODGE,COLT,3,0,0.0,0,0,0,3,0,0
JAGUAR,XJ6,3,2,66.7,0,0,0,1,2,0
FORD,F SUPER DUTY,3,1,33.3,0,0,0,2,1,0
JAGUAR,VANDEN PLAS,3,2,66.7,1,0,0,0,2,0
GOODYEAR,EAGLE,3,0,0.0,0,0,1,2,0,0
GMC,1500,3,2,66.7,0,1,0,0,2,0
PONTIAC,TRANS AM,3,1,33.3,0,0,0,2,1,0
SATURN,S-SERIES,3,2,66.7,0,0,0,1,2,1
MITSUBISHI CARIBBEAN,MONTERO,3,1,33.3,0,1,0,1,1,0
SAAB,95,3,2,66.7,0,0,0,1,2,0
CHEVROLET,EXPLORER,3,1,33.3,0,2,0,0,1,0
CHEVROLET,SONOMA,3,2,66.7,0,0,0,1,1,0
DAEWOO,DAEWOO,3,0,0.0,0,0,1,2,0,0
CHEVROLET,YUKON,3,1,33.3,0,0,1,1,1,1
TOYOTA,SOLARA,3,3,100.0,0,0,0,0,3,0
FORD,RANGER EV,3,2,66.7,0,0,0,1,2,1
INFINITI,INFINITI,3,0,0.0,0,1,0,2,0,0
KIA,RIO CINCO,3,3,100.0,0,0,0,0,3,0
DAEWOO PUERTO RICO,LEGANZA,3,2,66.7,0,0,1,0,2,0
BMW,760I,3,0,0.0,0,2,0,1,0,0
PORSCHE,CAYENNE S,3,1,33.3,0,0,0,2,1,0
KIA,LD SPECTRA,3,1,33.3,0,1,1,0,1,0
VOLVO,S90,3,2,66.7,0,0,1,0,1,0
CHEVROLET,SSR,3,1,33.3,0,2,0,0,0,0
VOLVO,VNL,3,2,66.7,0,0,0,1,2,0
BMW,E46,3,0,0.0,1,0,0,2,0,0
GMC,SAFARI (GMC),3,3,100.0,0,0,0,0,3,0
GMC,GMC TRUCK,3,2,66.7,0,0,1,0,2,0
MERCEDES-BENZ,AMG C55,3,2,66.7,0,0,0,1,2,0
VOLVO,VNM,3,2,66.7,0,0,0,1,2,0
VOLVO,C30,3,2,66.7,0,0,0,1,2,0
VOLVO,780,3,1,33.3,1,0,0,1,1,0
GMC,SAVANA 3500,3,0,0.0,2,1,0,0,0,0
BMW,5-SERIES,3,0,0.0,0,0,2,1,0,0
MINI,JCW,3,0,0.0,0,3,0,0,0,0
LEXUS,GS430,3,1,33.3,0,0,1,1,1,0
CADILLAC,ESCALADE HYBRID,3,1,33.3,0,0,2,0,1,0
JAGUAR,XK,3,0,0.0,0,2,0,1,0,0
VOLKSWAGEN,R32,3,0,0.0,0,2,0,1,0,0
GMC,ENVOY DENALI,3,1,33.3,1,0,0,1,1,0
BRAUN,TOWN & COUNTRY,3,1,33.3,1,1,0,0,1,0
LEXUS,HS,3,2,66.7,1,0,0,0,2,0
BMW,3-SERIES,3,0,0.0,0,1,2,0,0,0
CRAFTSMEN,LINCOLN TOWN CAR,3,0,0.0,0,2,0,1,0,0
FIAT,500E,3,3,100.0,0,0,0,0,3,0
LEXUS,RX450H,3,1,33.3,0,0,0,2,1,0
BMW,328CI,3,0,0.0,0,0,3,0,0,0
ACURA,RLX,3,0,0.0,0,0,1,2,0,0
FORD,TAURUS X,3,3,100.0,0,0,0,0,3,0
MAZDA,MAZDASPEED3,3,0,0.0,2,1,0,0,0,0
INFINITI,Q40,3,0,0.0,0,1,1,1,0,0
GM PRODUCTS,GM PRODUCTS,3,1,33.3,0,0,1,1,0,0
BMW,330,3,2,66.7,0,1,0,0,2,0
BMW,525IA SPORT WAGON,3,0,0.0,0,0,3,0,0,0
FORD,FUSION ENERGI,3,2,66.7,0,1,0,0,2,1
HYUNDAI,EXPRESSWAY 995,3,1,33.3,0,0,0,2,0,0
MERCEDES BENZ,ML550,3,1,33.3,0,0,2,0,1,0
BMW,X6 SAV,3,1,33.3,0,0,1,1,0,0
MERCEDES BENZ,SLK55,3,0,0.0,0,0,3,0,0,0
MERCEDES-BENZ,E63,3,1,33.3,0,0,2,0,1,0
MERCEDES BENZ,GL320,3,0,0.0,0,0,3,0,0,0
MERCEDES BENZ,GL550,3,0,0.0,0,0,3,0,0,0
BMW,320XI,3,0,0.0,0,0,3,0,0,0
HONDA,GL1800,3,0,0.0,0,0,3,0,0,0
FREIGHTLINER,CASCADIA,3,3,100.0,0,0,0,0,3,3
BMW,335I US,3,0,0.0,0,0,3,0,0,0
BMW,M3 US,3,0,0.0,0,0,3,0,0,0
BMW,323,3,0,0.0,0,1,2,0,0,0
MERCEDES-BENZ,CL550,3,0,0.0,1,0,2,0,0,0
NISSAN,TITAN XD,3,0,0.0,0,1,1,1,0,0
BENTLEY,BENTAYGA,3,1,33.3,1,0,0,1,1,0
TOYOTA,CROWN,3,0,0.0,0,0,2,1,0,0
FERRARI,458 ITALIA,3,0,0.0,1,0,2,0,0,0
FORD,FORD GT,3,0,0.0,0,0,2,1,0,0
INFINITI,Q70,3,0,0.0,0,2,0,1,0,0
CHEVROLET,TAHOE POLICE PURSUIT,3,0,0.0,1,0,0,2,0,0
PORSCHE,CAYMAN,3,0,0.0,0,0,0,3,0,0
MINI,COOPER S US,3,0,0.0,0,0,0,3,0,0
MERCEDES-BENZ,E 300,3,2,66.7,0,0,1,0,2,0
HYUNDAI,IONIQ HYBRID,3,3,100.0,0,0,0,0,3,0
FERRARI,CALIFORNIA,3,0,0.0,0,0,2,1,0,0
FERRARI,488 GTB,3,0,0.0,0,0,2,1,0,0
MERCEDES-BENZ,C204.9,3,0,0.0,0,1,0,2,0,0
PORSCHE,718 CAYMAN,3,0,0.0,0,2,1,0,0,0
AUDI,E-TRON,3,0,0.0,1,0,0,2,0,0
GENESIS,G70,3,2,66.7,0,0,0,1,2,0
CHRYSLER,PACIFICA PLUG-IN HYBRID,3,0,0.0,0,1,2,0,0,0
VOLKSWAGEN,GOLF R,3,0,0.0,0,2,0,1,0,0
RAM,5500,3,2,66.7,0,0,0,1,2,0
CADILLAC,XT4,3,1,33.3,0,1,0,1,1,0
BMW,X7,3,0,0.0,0,0,1,2,0,0
FREESCALE,AIR BAG MODULE SENSORS,3,0,0.0,0,3,0,0,0,0
VOLVO,V90CC,3,1,33.3,0,0,0,2,1,0
MERCEDES-BENZ,GLS 450,3,2,66.7,0,0,0,1,2,0
MINI,COOPER ROADSTER,3,0,0.0,0,2,0,1,0,0
FORD,F-150 LIGHTNING BEV,3,0,0.0,1,0,0,2,0,0
GENESIS,GV80,3,0,0.0,2,0,1,0,0,0
TOYOTA,GRAND HIGHLANDER HYBRID,3,0,0.0,0,0,3,0,0,0
HONDA,CIVIC HATCHBACK,3,1,33.3,0,0,2,0,1,0
DODGE,CHARGER EV,3,1,33.3,2,0,0,0,1,0
AUDI,Q4 E-TRON,3,1,33.3,0,0,1,1,1,0
INFINITI,Q70L,3,0,0.0,0,2,0,1,0,0
FORD,SQUIRE,2,2,100.0,0,0,0,0,2,0
BMW,750,2,1,50.0,0,0,0,1,1,0
OPEL,OPEL,2,2,100.0,0,0,0,0,2,0
GMC,C15,2,2,100.0,0,0,0,0,2,0
CADILLAC,BROUGHAM,2,2,100.0,0,0,0,0,2,0
FORD,FESTIVA,2,0,0.0,0,0,0,2,0,0
DODGE,B SERIES,2,0,0.0,0,1,0,1,0,0
MAZDA,323,2,1,50.0,0,1,0,0,0,0
SUZUKI,SUZUKI,2,0,0.0,1,0,0,1,0,0
MERCEDES BENZ,380,2,0,0.0,0,0,0,2,0,0
JEEP,WRANGLER YJ,2,0,0.0,0,0,0,2,0,0
BMW,735,2,1,50.0,1,0,0,0,1,0
FORD,F250,2,1,50.0,0,0,0,1,1,0
MITSUBISHI CARIBBEAN,ECLIPSE,2,2,100.0,0,0,0,0,2,0
MERCEDES BENZ,SL320,2,1,50.0,0,1,0,0,0,0
VOLVO,V90,2,2,100.0,0,0,0,0,2,0
MERCEDES BENZ,S320,2,0,0.0,0,1,0,1,0,1
SATURN,COUPE,2,0,0.0,0,1,0,1,0,0
B.F.GOODRICH,B.F.GOODRICH,2,2,100.0,0,0,0,0,2,0
FIRESTONE,WILDERNESS AT,2,1,50.0,0,0,0,1,1,1
BRIDGESTONE,BRIDGESTONE,2,0,0.0,0,0,0,2,0,0
HANKOOK,HANKOOK,2,2,100.0,0,0,0,0,1,0
MERCEDES BENZ,E300,2,0,0.0,1,0,0,1,0,0
BMW,750IL,2,0,0.0,1,1,0,0,0,0
STOUGHTON,VAN TRAILER,2,0,0.0,0,0,0,2,0,0
CHRYSLER,GRAND VOYAGER,2,1,50.0,0,0,0,1,0,0
MERCEDES BENZ,400,2,1,50.0,1,0,0,0,1,0
VOLVO,V40,2,0,0.0,0,0,0,2,0,0
MERCEDES BENZ,S420,2,2,100.0,0,0,0,0,2,0
FORD,SUPERCAB,2,2,100.0,0,0,0,0,2,0
CHEVROLET,JIMMY,2,2,100.0,0,0,0,0,2,0
CHRYSLER,LEBARON CONVERTIBLE,2,0,0.0,0,0,0,2,0,0
THOMAS,SAF-T-LINER,2,0,0.0,0,0,0,2,0,0
VOLVO,VOLVO TRUCK,2,0,0.0,1,0,0,1,0,0
ISUZU,OASIS (VO),2,0,0.0,0,2,0,0,0,0
FORD,SUPER DUTY,2,2,100.0,0,0,0,0,2,0
GMC,BLAZER,2,2,100.0,0,0,0,0,2,0
MERCEDES BENZ,CLK430,2,0,0.0,0,0,1,1,0,0
FORD,NAVIGATOR,2,1,50.0,0,0,0,1,1,0
GMC,PASSENGER VEHICLE,2,1,50.0,0,1,0,0,1,0
PORSCHE,911 TURBO,2,1,50.0,0,1,0,0,1,0
HYUNDAI,XG300L,2,1,50.0,0,1,0,0,0,0
GMC,T PICKUP,2,2,100.0,0,0,0,0,2,0
ISUZU,ISUZU TRUCK,2,2,100.0,0,0,0,0,1,0
FORD,SUPERCREW,2,0,0.0,0,0,1,1,0,0
BMW,540IA,2,0,0.0,0,1,1,0,0,0
GMC,YUKON XL DENALI,2,2,100.0,0,0,0,0,2,0
GMC,PICKUP,2,1,50.0,0,1,0,0,1,0
SATURN,S-SERIES SEDAN,2,2,100.0,0,0,0,0,2,0
FORD,SUPER DUTY F SERIES,2,0,0.0,0,0,1,1,0,0
HYUNDAI,XG,2,1,50.0,0,1,0,0,1,0
FORD,FOCUS SVT,2,0,0.0,0,0,0,2,0,0
DAEWOO PUERTO RICO,NUBIRA,2,0,0.0,0,0,2,0,0,0
NISSAN,CREW,2,1,50.0,1,0,0,0,0,0
MERCEDES BENZ,CLK CLASS,2,0,0.0,0,0,1,1,0,0
VOLVO,C70 CONVERTIBLE,2,0,0.0,0,0,1,1,0,0
PLYMOUTH,PROWLER,2,0,0.0,0,2,0,0,0,0
FORD,MOUNTAINEER,2,0,0.0,1,0,1,0,0,0
LEXUS,SC 430,2,1,50.0,0,0,0,1,1,0
SPRINTER,2500,2,0,0.0,0,1,1,0,0,0
MERCEDES BENZ,M CLASS,2,1,50.0,0,1,0,0,1,0
MERCEDES BENZ,CL500,2,0,0.0,0,0,0,2,0,0
SATURN,RELAY,2,2,100.0,0,0,0,0,2,0
DODGE,CALIBER AWD,2,2,100.0,0,0,0,0,2,0
FORD,TAURUS SHO,2,1,50.0,0,0,0,1,1,0
MERCEDES-BENZ,AMG E55,2,0,0.0,0,2,0,0,0,0
JEEP,WRANGLER X RHD 4X4,2,0,0.0,0,2,0,0,0,0
CHEVROLET,SILVERADO 1500 HD,2,1,50.0,0,1,0,0,1,0
MERCEDES BENZ,C-CLASS,2,1,50.0,0,1,0,0,1,0
CHEVROLET,S10 PICKUP,2,1,50.0,0,0,0,1,1,0
GMC,ENVOY DENALI XL,2,0,0.0,0,0,0,2,0,0
CHRYSLER,PACIFICA AWD,2,0,0.0,0,2,0,0,0,0
JAGUAR,XJ SEDAN,2,1,50.0,0,0,0,1,1,0
GMC,S SERIES,2,0,0.0,1,0,0,1,0,0
LEXUS,LS 430,2,1,50.0,0,0,0,1,1,0
CHEVROLET,G2500,2,2,100.0,0,0,0,0,1,0
NISSAN,SAFETY BELT,2,0,0.0,0,1,0,1,0,0
BMW,328IC,2,1,50.0,0,0,1,0,1,0
CHEVROLET,S/T BLAZER,2,1,50.0,0,1,0,0,1,0
CHEVROLET,REDUNDANT SILVERADO 2500,2,1,50.0,0,0,0,1,1,0
MAZDA,TRIBUTE HYBRID,2,1,50.0,0,0,0,1,1,0
DYNAMAX,ISATA,2,0,0.0,0,0,1,1,0,0
MITSUBISHI,LANCER EVOLUTION,2,0,0.0,0,1,1,0,0,0
DODGE,VIPER COUPE,2,2,100.0,0,0,0,0,2,0
GMC,S/T JIMMY,2,2,100.0,0,0,0,0,2,0
JAGUAR,XJR,2,0,0.0,1,0,1,0,0,0
PONTIAC,G3,2,1,50.0,0,0,0,1,1,0
TOYOTA,SCION,2,1,50.0,1,0,0,0,1,0
CADILLAC,XLR,2,0,0.0,0,0,1,1,0,0
MERCEDES-BENZ,SL550,2,1,50.0,0,0,1,0,1,0
FORD,C-MAX ENERGI,2,0,0.0,0,0,0,2,0,0
MONACO COACH,CAYMAN,2,0,0.0,0,1,1,0,0,0
MITSUBISHI,I-MIEV,2,0,0.0,0,0,1,1,0,1
CAN-AM,SPYDER RT,2,0,0.0,1,0,0,1,0,0
INFINITI,Q50 HYBRID,2,0,0.0,0,0,2,0,0,0
DODGE,CHARGER AWD,2,1,50.0,0,0,0,1,0,0
NISSAN,PATHFINDER HYBRID,2,0,0.0,0,0,2,0,0,0
AMERIVAN,TOYOTA SIENNA,2,1,50.0,0,1,0,0,1,0
MASERATI,QUATTROPORTE,2,1,50.0,0,0,1,0,1,0
MASERATI,GHIBLI,2,1,50.0,0,0,0,1,1,0
BMW,325IT,2,0,0.0,0,0,2,0,0,0
MERCEDES BENZ,R500,2,1,50.0,0,0,1,0,1,0
BMW,760LI,2,0,0.0,0,1,0,1,0,0
INFINITI,M56,2,0,0.0,0,1,0,1,0,0
CHEVROLET,CORVETTE Z06,2,1,50.0,0,0,0,1,0,0
FORD,F-450,2,0,0.0,0,1,0,1,0,0
BMW,528IA,2,0,0.0,1,0,0,1,0,0
MERCEDES-BENZ,G63,2,0,0.0,0,2,0,0,0,0
PORSCHE,CAYENNE TURBO,2,0,0.0,1,1,0,0,0,0
HONDA,CB900F,2,0,0.0,0,0,1,1,0,0
MAZDA,UNKNOWN,2,0,0.0,0,1,1,0,0,0
AUDI,TT ROADSTER,2,0,0.0,0,0,1,1,0,0
ITASCA,NAVION,2,0,0.0,0,1,1,0,0,0
VOLKSWAGEN,GLI,2,0,0.0,1,0,0,1,0,0
CHRYSLER,POWER TRAIN,2,0,0.0,0,0,1,1,0,0
CHEVROLET TRUCK,M/L VAN,2,0,0.0,0,0,2,0,0,0
FERRARI,550,2,0,0.0,0,0,0,2,0,0
FORD,POWER TRAIN,2,2,100.0,0,0,0,0,2,0
MITSUBISHI,LANCER WAGON,2,0,0.0,0,1,1,0,0,0
GMC,YUKON XL 2500,2,0,0.0,0,0,1,1,0,0
SCION,SCION,2,0,0.0,0,0,2,0,0,0
WINNEBAGO,NAVION,2,0,0.0,0,0,2,0,0,0
BMW,535I GRAN TURISMO,2,0,0.0,0,1,0,1,0,0
AUDI,A3 ETRON,2,0,0.0,0,0,1,1,0,0
JAGUAR,F-TYPE,2,0,0.0,0,2,0,0,0,0
BMW,M235I,2,0,0.0,0,1,1,0,0,0
GENERAL MOTORS,GENERAL MOTORS,2,0,0.0,0,0,1,1,0,0
MERCEDES-BENZ,AMG C43,2,0,0.0,1,0,1,0,0,0
MERCEDES-BENZ,C63,2,0,0.0,0,0,2,0,0,0
ACURA,3.0L,2,0,0.0,0,0,1,1,0,0
MERCEDES-BENZ,C200,2,0,0.0,0,1,1,0,0,0
INFINITI,FX37,2,0,0.0,0,1,1,0,0,0
MCLAREN,MP4-12C SPIDER,2,1,50.0,0,0,1,0,1,0
MERCEDES-BENZ,B 250E,2,0,0.0,0,1,0,1,0,0
HONDA,ACCESSORY REAR TRUNK BASE,2,0,0.0,0,2,0,0,0,0
CADILLAC,ESCALADE EXT 1500,2,0,0.0,0,0,1,1,0,0
LEXUS,IS200T,2,0,0.0,0,0,0,2,0,0
BMW,640I,2,0,0.0,0,1,0,1,0,0
BENTLEY,CONTINENTAL FLYING SPUR,2,1,50.0,0,0,1,0,0,0
MERCEDES-BENZ,ALL-SEASON FLOOR MAT,2,0,0.0,2,0,0,0,0,0
SUBARU,SEAT BELT ASSEMBLY,2,0,0.0,0,0,0,2,0,0
MERCEDES-BENZ,M166,2,0,0.0,0,0,1,1,0,0
WINNEBAGO,ERA,2,0,0.0,0,0,1,1,0,0
LINCOLN,MKT,2,0,0.0,0,2,0,0,0,0
LEXUS,NX300,2,2,100.0,0,0,0,0,2,0
POLARIS,SLINGSHOT,2,1,50.0,0,0,0,1,1,0
MERCEDES-BENZ,E207,2,0,0.0,0,0,2,0,0,0
MERCEDES-BENZ,S550 4MATIC,2,1,50.0,0,0,1,0,1,0
HYUNDAI,ELANTRA GT,2,0,0.0,0,1,0,1,0,0
SUBARU,BRZ,2,0,0.0,0,1,0,1,0,0
MERCEDES-BENZ,AMG GLA45,2,0,0.0,0,0,2,0,0,0
CADILLAC,CT6,2,2,100.0,0,0,0,0,2,1
CADILLAC,CT4,2,1,50.0,0,0,0,1,1,0
KIA,OPTIMA PHEV,2,0,0.0,0,1,1,0,0,0
BMW,440I,2,2,100.0,0,0,0,0,2,0
JAYCO,SENECA,2,0,0.0,0,0,0,2,0,0
FORD,F-150 HYBRID,2,2,100.0,0,0,0,0,2,0
TOYOTA,MIRAI,2,0,0.0,0,2,0,0,0,0
VOLVO,V60CC,2,0,0.0,0,0,0,2,0,0
BMW,X2,2,1,50.0,0,1,0,0,1,0
BMW,I4,2,1,50.0,0,0,0,1,1,0
FORD,ESCAPE PHEV,2,0,0.0,0,1,0,1,0,0
HYUNDAI,SANTA FE PLUG-IN HYBRID,2,0,0.0,0,1,0,1,0,0
LAND ROVER,RANGE ROVER VELAR,2,1,50.0,0,1,0,0,1,0
LEXUS,UX,2,2,100.0,0,0,0,0,2,0
KIA,NIRO EV,2,2,100.0,0,0,0,0,2,0
BMW,230I,2,0,0.0,0,0,2,0,0,0
WINNEBAGO,REVEL,2,1,50.0,0,0,1,0,1,0
BMW,640XI,2,0,0.0,0,0,0,2,0,0
VOLKSWAGEN,ARTEON,2,0,0.0,0,2,0,0,0,0
VINFAST,VF 8,2,1,50.0,0,0,0,1,1,0
HONDA,CIVIC TYPE R,2,1,50.0,0,0,0,1,1,0
TOYOTA,BZ4X,2,1,50.0,0,0,0,1,1,0
NISSAN,PASSENGER AIRBAG,2,0,0.0,0,0,1,1,0,0
KIA,SORENTO HYBRID,2,0,0.0,0,0,1,1,0,0
KIA,EV9,2,0,0.0,0,0,0,2,0,0
TESLA,CYBERTRUCK,2,1,50.0,0,0,0,1,1,0
POLESTAR,POLESTAR 3,2,1,50.0,0,1,0,0,1,0
MAZDA,CX-70,2,1,50.0,1,0,0,0,1,0
VOLVO,EX90,2,1,50.0,0,0,0,1,0,0
VOLVO,VNL (4),2,2,100.0,0,0,0,0,2,1
AUDI,Q8,2,1,50.0,0,0,0,1,1,0
MERCEDES-BENZ,GLB 250 4MATIC,2,0,0.0,0,1,0,1,0,0
HYUNDAI,TUCSON PLUG-IN HYBRID,2,1,50.0,1,0,0,0,1,0
MERCEDES-BENZ,E 350 4MATIC,2,0,0.0,0,1,0,1,0,0
AUDI,Q6 E-TRON,2,1,50.0,0,0,0,1,1,0
PORSCHE,944,1,0,0.0,1,0,0,0,0,0
MITSUBISHI,TRUCK,1,1,100.0,0,0,0,0,1,0
FLEETWOOD,PACEARROW,1,1,100.0,0,0,0,0,0,0
DODGE,B150,1,0,0.0,0,0,0,1,0,0
CHEVROLET,G25,1,1,100.0,0,0,0,0,1,0
CHEVROLET,K25,1,1,100.0,0,0,0,0,1,0
PLYMOUTH,COLT VISTA,1,0,0.0,0,0,0,1,0,0
GMC,K15,1,1,100.0,0,0,0,0,1,0
ISUZU,STYLUS,1,1,100.0,0,0,0,0,1,0
BMW,635,1,0,0.0,0,0,0,1,0,0
GMC,G2500,1,1,100.0,0,0,0,0,1,0
AUDI,200,1,0,0.0,1,0,0,0,0,0
NISSAN,NISSAN TRUCK,1,1,100.0,0,0,0,0,1,0
AUDI,80,1,0,0.0,1,0,0,0,0,0
MAZDA,NAVAJO,1,1,100.0,0,0,0,0,1,0
FLEETWOOD,PACE ARROW,1,1,100.0,0,0,0,0,0,0
MERCEDES BENZ,SL SERIES,1,0,0.0,0,0,0,1,0,0
BMW,318TI,1,1,100.0,0,0,0,0,1,0
ALFA ROMEO,164,1,0,0.0,0,0,0,1,0,0
VOLVO,WIA,1,0,0.0,0,0,0,1,0,0
MERCEDES BENZ,190 SERIES,1,0,0.0,0,0,0,1,0,0
FLXIBLE,METRO,1,0,0.0,0,0,0,1,0,0
PLYMOUTH,COLT,1,0,0.0,0,0,0,1,0,0
KENWORTH,T2000,1,1,100.0,0,0,0,0,0,0
MERCEDES BENZ,600,1,0,0.0,1,0,0,0,0,0
PORSCHE,PORSCHE,1,0,0.0,0,0,0,1,0,0
OLDSMOBILE,CALAIS,1,1,100.0,0,0,0,0,1,0
UTILITY,TRAILER,1,1,100.0,0,0,0,0,0,0
GMC,VANDURA G2500,1,1,100.0,0,0,0,0,1,0
DODGE,B250,1,1,100.0,0,0,0,0,1,0
FORD,F150,1,1,100.0,0,0,0,0,1,0
OLDSMOBILE,TORONADO,1,0,0.0,0,0,0,1,0,0
TRANSCRAFT,TL2000,1,0,0.0,0,0,0,1,0,0
AIRSTREAM,LAND YACHT,1,0,0.0,0,0,0,1,0,0
BMW,318IS,1,1,100.0,0,0,0,0,1,0
RANGER,RANGER,1,1,100.0,0,0,0,0,1,0
DUTCH,DUTCH,1,1,100.0,0,0,0,0,1,0
VOLKSWAGEN,EUROVAN,1,1,100.0,0,0,0,0,1,0
DUNLOP,SP20FE,1,1,100.0,0,0,0,0,1,0
MERCEDES BENZ,SL,1,1,100.0,0,0,0,0,0,0
GMC,S15,1,0,0.0,0,0,0,1,0,0
DODGE,BR2500,1,0,0.0,0,0,0,1,0,0
BUICK,REATTA,1,1,100.0,0,0,0,0,1,0
ISUZU,PICKUP TRUCK,1,1,100.0,0,0,0,0,1,0
CHEVROLET,SIERRA PU,1,1,100.0,0,0,0,0,1,0
MITSUBISHI CARIBBEAN,GALANT,1,0,0.0,0,0,0,1,0,0
DAMON,DAMON,1,0,0.0,0,0,0,1,0,0
LINCOLN,MARK VII,1,0,0.0,0,0,0,1,0,0
WINNEBAGO,ITASCA,1,0,0.0,0,0,0,1,0,0
GMC,Z-71,1,1,100.0,0,0,0,0,1,0
FORD,SCHOOL BUS,1,0,0.0,1,0,0,0,0,0
VOLVO,855,1,1,100.0,0,0,0,0,1,0
LAND ROVER,ROVER,1,0,0.0,0,0,0,1,0,0
SUBARU,WAGON,1,1,100.0,0,0,0,0,1,0
FORD,LTD,1,0,0.0,0,0,0,1,0,0
MERCURY,COLONY PARK,1,0,0.0,0,0,0,1,0,0
GOODYEAR,WRANGLER,1,1,100.0,0,0,0,0,0,0
TOYOTA,MR2 SPYDER,1,1,100.0,0,0,0,0,1,0
JAGUAR,SEDAN RANGE,1,1,100.0,0,0,0,0,1,0
GENERAL,GENERAL,1,1,100.0,0,0,0,0,1,0
FIRESTONE,WILDERNESS,1,0,0.0,0,0,0,1,0,0
FIRESTONE,FIREHAWK,1,0,0.0,1,0,0,0,0,0
HOLIDAY RAMBLER,HOLIDAY RAMBLER,1,1,100.0,0,0,0,0,0,0
BRIDGESTONE,DUELER 684,1,0,0.0,0,0,0,1,0,0
VOLVO,VN770,1,0,0.0,0,0,0,1,0,0
INTERNATIONAL HARVESTER,9300,1,0,0.0,0,0,0,1,0,0
PONTIAC,PONTIAC TRUCK,1,0,0.0,0,0,0,1,0,0
DUNLOP,DUNLOP,1,1,100.0,0,0,0,0,1,0
B.F.GOODRICH,T/A,1,1,100.0,0,0,0,0,1,0
FLEETWOOD,SOUTHWIND,1,0,0.0,0,0,0,1,0,0
GENERAL,AMERI STEEL TIRE,1,0,0.0,0,1,0,0,0,0
GMC,EXPRESS,1,0,0.0,0,0,0,1,0,0
SAFARI,ZANZIBAR,1,0,0.0,0,0,0,1,0,0
CONTINENTAL,CONTINENTAL,1,0,0.0,0,0,0,1,0,0
INFINITI,M30,1,0,0.0,0,1,0,0,0,0
ATHEY,SWEEPER,1,1,100.0,0,0,0,0,1,0
GOODYEAR,REGATTA,1,0,0.0,0,0,0,1,0,0
BMW,325IC,1,1,100.0,0,0,0,0,1,0
BMW,318IC,1,0,0.0,0,0,0,1,0,0
GMC,VAN,1,1,100.0,0,0,0,0,1,0
BMW,635CSI,1,0,0.0,1,0,0,0,0,0
MICHELIN,MICHELIN,1,0,0.0,0,0,0,1,0,0
BMW,530,1,0,0.0,0,0,0,1,0,0
HONDA,CRX,1,1,100.0,0,0,0,0,1,0
FLEETWOOD,JAMBOREE,1,1,100.0,0,0,0,0,1,0
SUBARU,LOYALE,1,1,100.0,0,0,0,0,1,0
LEXUS,LX450,1,1,100.0,0,0,0,0,1,0
ACURA,SLX,1,0,0.0,0,0,0,1,0,0
AUDI,V8,1,0,0.0,1,0,0,0,0,0
MITSUBISHI,SPYDER,1,0,0.0,0,0,0,1,0,0
WINNEBAGO,WARRIOR,1,0,0.0,0,0,0,1,0,0
B.F.GOODRICH,TOURING T/A,1,0,0.0,0,0,0,1,0,0
WINNEBAGO,BRAVE,1,0,0.0,0,0,0,1,0,0
JAGUAR,XJV8,1,1,100.0,0,0,0,0,1,0
OLDSMOBILE,SUPREME,1,0,0.0,0,0,1,0,0,0
NISSAN,CREW CAB,1,1,100.0,0,0,0,0,0,0
HOLIDAY RAMBLER,ENDEAVOR,1,0,0.0,0,0,0,1,0,0
GULF TOYOTA,CAMRY,1,1,100.0,0,0,0,0,1,0
DODGE,1500,1,1,100.0,0,0,0,0,1,0
FIRESTONE,FR680,1,0,0.0,0,1,0,0,0,0
UNIROYAL,TIGERPAW,1,1,100.0,0,0,0,0,1,0
DODGE,LANCER,1,0,0.0,0,0,0,1,0,0
FORD,F350,1,1,100.0,0,0,0,0,1,0
CHRYSLER,LANDAU SALON,1,0,0.0,0,0,0,1,0,0
HOLIDAY RAMBLER,RAMBLER,1,0,0.0,0,0,0,1,0,0
FREIGHTLINER,FLC120,1,0,0.0,0,0,0,1,0,0
GMC,TAHOE,1,1,100.0,0,0,0,0,1,0
BMW,M COUPE,1,0,0.0,0,1,0,0,0,0
GMC,C/K PICKUP,1,1,100.0,0,0,0,0,1,0
ACURA,3.5RL,1,1,100.0,0,0,0,0,1,0
GULF TOYOTA,TUNDRA,1,1,100.0,0,0,0,0,0,0
CHEVROLET,C/K SERIES,1,1,100.0,0,0,0,0,1,0
FORD,F SERIES (HEAVY),1,0,0.0,0,0,0,1,0,0
DODGE,RAM VAN 2500,1,0,0.0,0,0,0,1,0,0
NISSAN DIESEL,UD TRUCK,1,1,100.0,0,0,0,0,1,0
HOME AND PARK,ROADTREK 190,1,0,0.0,0,0,0,1,0,0
FOUR WINDS,WINDSPORT,1,1,100.0,0,0,0,0,1,0
TOYOTA,TIOO,1,0,0.0,1,0,0,0,0,0
ASTON MARTIN,DB7,1,0,0.0,0,1,0,0,0,0
GMC,C3,1,1,100.0,0,0,0,0,1,0
GRACO,OTHER,1,1,100.0,0,0,0,0,1,0
GOODYEAR,EAGLE GA,1,1,100.0,0,0,0,0,1,0
PONTIAC,VENTURA,1,1,100.0,0,0,0,0,0,0
GULF TOYOTA,SIENNA,1,1,100.0,0,0,0,0,1,0
YAMAHA,ROAD STAR,1,0,0.0,1,0,0,0,0,0
GRACO,7499N2,1,0,0.0,0,0,0,1,0,0
CHEVROLET,DENALI,1,1,100.0,0,0,0,0,1,0
GMC,L SERIES,1,0,0.0,0,1,0,0,0,0
SATURN,S-SERIES COUPE,1,1,100.0,0,0,0,0,1,0
MITSUBISHI CARIBBEAN,ECLIPSE SPYDER,1,1,100.0,0,0,0,0,1,0
FLEETWOOD,TIOGA,1,0,0.0,0,0,1,0,0,0
THOR,CHATEAU,1,0,0.0,0,0,0,1,0,0
GIRARDIN,MBIV,1,0,0.0,0,0,0,1,0,0
MONACO COACH,HOLIDAY RAMBLER IMPERIAL,1,1,100.0,0,0,0,0,0,0
TOYOTA,CAVALIER,1,0,0.0,1,0,0,0,0,0
DODGE,SRT-4,1,1,100.0,0,0,0,0,1,0
BMW,528IT,1,0,0.0,0,0,0,1,0,0
FORD,PICKUP,1,0,0.0,0,0,0,1,0,0
FORD,TAURUS (SHO),1,0,0.0,0,0,0,1,0,0
UNKNOWN MANUFACTURER,UNKNOWN MANUFACTURER,1,0,0.0,0,0,0,1,0,0
CHEVROLET,P30,1,0,0.0,0,0,0,1,0,0
GMC,B6 MEDIUM DUTY,1,0,0.0,0,0,0,1,0,0
MICHELIN,ENERGY MXV4 PLUS,1,0,0.0,0,1,0,0,0,0
SPRINTER,3500,1,0,0.0,0,1,0,0,0,0
AIRSTREAM,CLASSIC,1,0,0.0,0,0,0,1,0,0
MITSUBISHI,RVR,1,1,100.0,0,0,0,0,1,0
ISUZU,N SERIES,1,1,100.0,0,0,0,0,1,0
MERCEDES BENZ,CLS CLASS,1,0,0.0,0,0,1,0,0,0
PORSCHE,CARRERA 4,1,0,0.0,0,1,0,0,0,0
FORD,AIR BAG SWITCH,1,0,0.0,0,1,0,0,0,0
TRAVEL SUPREME,D70,1,0,0.0,0,0,0,1,0,0
LINCOLN,BLACKWOOD,1,1,100.0,0,0,0,0,1,0
FOUR SEASONS,MICRO MINI MOTORHOME,1,0,0.0,0,0,0,1,0,0
GMC,SAVANA 2500,1,1,100.0,0,0,0,0,1,0
JAGUAR,XKR,1,1,100.0,0,0,0,0,1,0
PORSCHE,BOXSTER S,1,0,0.0,0,0,0,1,0,0
BMW,525IT,1,0,0.0,0,0,0,1,0,0
MERCEDES BENZ,R-CLASS,1,0,0.0,0,0,0,1,0,0
BMW,E36,1,1,100.0,0,0,0,0,1,0
FREIGHTLINER,CENTURY,1,0,0.0,0,1,0,0,0,0
POWERTRAIN,POWERTRAIN,1,1,100.0,0,0,0,0,1,0
ABI,MSV,1,0,0.0,0,0,0,1,0,0
AIRSTREAM,INTERNATIONAL CCD,1,0,0.0,0,0,0,1,0,0
CHEVROLET,W4500,1,1,100.0,0,0,0,0,1,0
GMC,C2500,1,1,100.0,0,0,0,0,1,0
SUZUKI,WHEEL,1,0,0.0,0,0,0,1,0,0
DODGE,WAGON,1,1,100.0,0,0,0,0,1,0
AIRSTREAM,AIRSTREAM,1,0,0.0,0,0,0,1,0,0
OPTIMA,OPUS,1,0,0.0,0,0,0,1,0,0
SAAB,952,1,0,0.0,0,1,0,0,0,0
SAAB,AERO,1,0,0.0,0,1,0,0,0,0
JAYCO,EAGLE,1,0,0.0,0,0,0,1,0,0
ISUZU,RODEO SPORT,1,1,100.0,0,0,0,0,1,0
MERCEDES BENZ,CLS,1,1,100.0,0,0,0,0,1,0
FREIGHTLINER,FREIGHTLINER,1,0,0.0,0,0,0,1,0,0
CHEVROLET,KODIAK,1,1,100.0,0,0,0,0,1,0
CADILLAC,V-SERIES,1,1,100.0,0,0,0,0,1,0
SATURN,SATURN L SERIES,1,0,0.0,0,0,0,1,0,0
KENWORTH,T600,1,1,100.0,0,0,0,0,1,0
MERCEDES BENZ,C,1,0,0.0,0,0,0,1,0,0
MITSUBISHI,LANCER RALIART,1,1,100.0,0,0,0,0,0,0
HOLIDAY RAMBLER,AMBASSADOR,1,0,0.0,0,0,0,1,0,0
BASIC COMFORT,GALAXY 2000 WITH BACKS,1,0,0.0,0,1,0,0,0,0
GMC,TOPKICK,1,0,0.0,0,0,0,1,0,0
MONACO COACH,SAFARI,1,0,0.0,0,0,1,0,0,0
FERRARI,F355,1,0,0.0,0,0,0,1,0,0
MERCEDES BENZ,SL600,1,0,0.0,0,0,0,1,0,0
FREIGHTLINER,CENTURY CLASS,1,0,0.0,0,0,0,1,0,0
JAGUAR,XK SPORTS,1,0,0.0,1,0,0,0,0,0
BENTLEY,CONTINENTAL GT CABRIO,1,0,0.0,0,1,0,0,0,0
MERCEDES BENZ,S SERIES,1,0,0.0,0,0,0,1,0,0
BMW,328I US,1,0,0.0,0,0,0,1,0,0
VOLVO,S40N,1,0,0.0,0,1,0,0,0,0
PORSCHE,CAYMAN S,1,0,0.0,0,0,0,1,0,0
SPARTAN,K224360-025,1,0,0.0,0,0,0,1,0,0
BLUE BIRD,BLUE BIRD,1,0,0.0,0,0,0,1,0,0
BMW,R 1200 GS,1,0,0.0,1,0,0,0,0,0
INFINITI,M,1,0,0.0,0,1,0,0,0,0
VOLVO,420,1,0,0.0,1,0,0,0,0,0
UNIMOG,U500NA,1,0,0.0,0,0,0,1,0,0
CHEVROLET,OPTRA,1,0,0.0,0,1,0,0,0,0
VOLVO,CROSS COUNTRY,1,1,100.0,0,0,0,0,1,0
JAGUAR,JX6,1,0,0.0,0,0,1,0,0,0
MITSUBISHI,LANCER EVO,1,0,0.0,0,1,0,0,0,0
DOLPHIN,MOTOR HOME,1,0,0.0,0,0,0,1,0,0
MERCEDES BENZ,CL600,1,1,100.0,0,0,0,0,0,0
GMC,SONOMA CREW,1,0,0.0,0,0,1,0,0,0
MINI,COOPER COUPE,1,0,0.0,0,1,0,0,0,0
MERCEDES BENZ,129,1,0,0.0,0,0,0,1,0,0
FORD,POLICE INTERCEPTOR SEDAN,1,0,0.0,0,0,0,1,0,0
UTILITY TRAILER,VS2DX,1,0,0.0,0,0,0,1,0,1
CHRYSLER,TOWN&COUNTRY LWB,1,1,100.0,0,0,0,0,0,0
LOTUS,EVORA,1,0,0.0,0,0,0,1,0,0
LEXUS,LS460L,1,0,0.0,0,0,0,1,0,0
DODGE,RAM SRT-10,1,0,0.0,0,1,0,0,0,0
MERCEDES BENZ,220,1,1,100.0,0,0,0,0,0,0
FORD,GT500,1,0,0.0,0,0,1,0,0,0
ISUZU,I-370,1,1,100.0,0,0,0,0,1,0
CHEVROLET,SILVERADO CLASSIC,1,0,0.0,0,0,1,0,0,0
FERRARI,F430,1,0,0.0,0,0,0,1,0,0
VOLVO,V50,1,0,0.0,0,1,0,0,0,0
CHEROKEE,TRAVEL TRAILER,1,0,0.0,0,0,0,1,0,0
INFINITI,QX60 HYBRID,1,0,0.0,0,1,0,0,0,0
PORSCHE,987 CAYMAN,1,1,100.0,0,0,0,0,1,0
GMC,C1500 SUBURBAN,1,0,0.0,0,1,0,0,0,0
LAND ROVER,NEW RANGE ROVER,1,1,100.0,0,0,0,0,1,0
AMERICAN VAN,FORD F150,1,0,0.0,0,1,0,0,0,0
BMW,I3 REX,1,0,0.0,0,0,0,1,0,0
MERCURY,MARINER HYBRID,1,1,100.0,0,0,0,0,1,0
TRAILBLAZER,T27S,1,1,100.0,0,0,0,0,1,0
NISSAN,ALTRA,1,0,0.0,0,0,1,0,0,0
GMC,SIERRA HD,1,1,100.0,0,0,0,0,1,0
WESTERN STAR,4900,1,1,100.0,0,0,0,0,1,2
INTERNATIONAL,4300,1,1,100.0,0,0,0,0,1,1
MERCEDES-BENZ,AMG E63,1,1,100.0,0,0,0,0,1,0
LOAD MAX,GL24,1,1,100.0,0,0,0,0,1,0
INFINITI,Q70 HYBRID,1,0,0.0,0,0,0,1,0,0
DODGEN,DAKOTA,1,0,0.0,0,0,1,0,0,0
MERCEDES-BENZ,SLK350,1,0,0.0,0,1,0,0,0,0
MERCEDES BENZ,SL550,1,1,100.0,0,0,0,0,0,0
ISUZU,I-280,1,0,0.0,0,1,0,0,0,0
FORD,FOCUS ELECTRIC,1,1,100.0,0,0,0,0,1,0
TOYOTA,AVENSIS,1,1,100.0,0,0,0,0,1,0
PORSCHE,911 CARRERA CABRIOLET,1,0,0.0,0,1,0,0,0,0
JAYCO,REDHAWK,1,0,0.0,0,1,0,0,0,0
CHRYSLER,STEERING LINKAGE,1,1,100.0,0,0,0,0,1,1
GMC,G1500,1,0,0.0,0,0,0,1,0,0
PORSCHE,911 CARRERA S CABRIOLET,1,0,0.0,0,0,0,1,0,0
RAM,C/V TRADESMAN,1,0,0.0,1,0,0,0,0,0
TOYOTA,PT908-32070,1,0,0.0,0,0,1,0,0,0
CHEVROLET,SILVERADO 2500 HD,1,0,0.0,0,0,1,0,0,0
EQUINOX,EQUINOX,1,0,0.0,0,1,0,0,0,0
TIFFIN,PHAETON,1,0,0.0,0,0,0,1,0,0
PORSCHE,BOXSTER (987),1,0,0.0,0,1,0,0,0,0
INFINITI,999R5-AR000,1,0,0.0,0,0,0,1,0,0
FREIGHTLINER,CARGO,1,0,0.0,0,0,1,0,0,0
VMI,HONDA ODYSSEY NORTHSTAR,1,1,100.0,0,0,0,0,1,0
4-STAR TRAILER,STOCK BUMPER PULL,1,1,100.0,0,0,0,0,1,0
SUZUKI,DR-Z400SM,1,0,0.0,0,1,0,0,0,0
MERCEDES BENZ,C230K,1,1,100.0,0,0,0,0,1,0
EXECUTIVE COACH,LINCOLN TOWN CAR,1,0,0.0,0,0,0,1,0,0
SMART,FORTWO CONVERTIBLE ELECTR,1,1,100.0,0,0,0,0,1,0
BLUECAR,SAS,1,0,0.0,0,0,0,1,0,0
MERCEDES-BENZ,GL63,1,1,100.0,0,0,0,0,1,0
SMART,FORTWO CABRIO,1,1,100.0,0,0,0,0,1,0
DAIMLER,SPRINTER BUS,1,0,0.0,0,0,1,0,0,0
FOREST RIVER,COACHMEN,1,0,0.0,0,0,1,0,0,0
CHEVROLET,SILVERADO HD,1,0,0.0,0,0,1,0,0,0
DODGE,MINI RAM VAN,1,1,100.0,0,0,0,0,1,0
EXTREME,28 FUSION,1,0,0.0,0,0,1,0,0,0
SUZUKI,KAZASHI,1,0,0.0,1,0,0,0,0,0
AUDI,RS 4,1,0,0.0,0,0,1,0,0,0
STOUGHTON,AVW-485T-S-C,1,0,0.0,0,0,1,0,0,0
HONDA,CB750,1,0,0.0,0,0,0,1,0,0
ASPEN,30RLBS,1,0,0.0,0,0,1,0,0,0
MERCEDES-BENZ,ML500,1,0,0.0,0,0,1,0,0,0
AZURE DYNAMICS,TRANSIT CONNECT ELECTRIC,1,0,0.0,0,0,0,1,0,0
BMW,X6 ACTIVEHYBRID SAC,1,0,0.0,0,0,1,0,0,0
3M,SERIES 963,1,0,0.0,0,0,0,1,0,0
LEXUS,GS460,1,0,0.0,0,0,1,0,0,0
VOLVO,V60,1,1,100.0,0,0,0,0,1,0
VOLKSWAGEN,POLO 1.6 COMFORTLINE,1,1,100.0,0,0,0,0,1,0
TOYOTA,SCION XB,1,0,0.0,0,0,1,0,0,0
SAAB,9-4X,1,0,0.0,0,0,0,1,0,0
CODA,CODA,1,0,0.0,0,0,0,1,0,0
BMW,M240I,1,0,0.0,0,0,0,1,0,0
STERLING,BULLET,1,0,0.0,0,0,1,0,0,0
CHRYSLER,ASPEN HYBRID,1,0,0.0,0,0,1,0,0,0
HUSQVARNA,TR650,1,1,100.0,0,0,0,0,0,0
BMW,340I,1,1,100.0,0,0,0,0,1,0
FRONTIER RV,EXPLORER,1,0,0.0,0,1,0,0,0,0
MERCEDES BENZ,E550,1,1,100.0,0,0,0,0,0,0
DODGE,CARGO VAN,1,0,0.0,0,0,1,0,0,0
LEXUS,NX HYBRID,1,1,100.0,0,0,0,0,1,0
MUSTANG,SHELBY GT 500,1,0,0.0,0,0,1,0,0,0
NISSAN,999R5-AR000,1,0,0.0,0,0,1,0,0,0
GMC,2500 HD,1,0,0.0,0,0,1,0,0,0
MERCEDES-BENZ,CLS218,1,0,0.0,0,0,0,1,0,0
GM,G3500,1,0,0.0,0,0,1,0,0,0
TAKATA,PSDI-5 INFLATOR,1,0,0.0,0,0,1,0,0,0
PORSCHE,PANAMERA 4S,1,0,0.0,0,0,1,0,0,0
CHEVROLET,T SERIES,1,0,0.0,0,0,1,0,0,0
CHEVROLET,B SERIES,1,0,0.0,0,1,0,0,0,0
4-STAR TRAILER,HORSE GOOSENECK,1,0,0.0,0,0,1,0,0,0
VOLKSWAGEN,PHAETON,1,1,100.0,0,0,0,0,1,0
MERCEDES BENZ,R320,1,0,0.0,0,0,1,0,0,0
FREIGHTLINER,122SD,1,0,0.0,0,0,1,0,0,0
MITSUBISHI,LANCER SPORTBACK,1,0,0.0,0,0,1,0,0,0
DODGE,SPORT UTILITY,1,0,0.0,0,0,1,0,0,0
HONDA,CB500X,1,0,0.0,0,0,1,0,0,0
RENEGADE,VILLAGIO,1,0,0.0,0,0,1,0,0,0
FORD,POLICE INTERCEPTOR UTILIT,1,1,100.0,0,0,0,0,1,0
SEAT BELT ASSEMBLY,SEAT BELT ASSEMBLY,1,0,0.0,0,1,0,0,0,0
FLEETWOOD,JAMBOREE GT,1,0,0.0,0,1,0,0,0,0
CONTINENTAL CARGO,CARGO TRAILER,1,0,0.0,0,0,0,1,0,0
MERCEDES BENZ,GL166,1,0,0.0,0,0,0,1,0,0
CHEVROLET,METRO,1,0,0.0,0,0,0,1,0,0
MERCEDES BENZ,B-CLASS ELECTRIC,1,0,0.0,0,0,1,0,0,0
LEXUS,RX 351,1,1,100.0,0,0,0,0,1,0
WINNEBAGO,TOUR,1,0,0.0,0,0,0,1,0,0
BMW,328D,1,0,0.0,0,0,0,1,0,0
MERCEDES BENZ,C180,1,0,0.0,0,0,1,0,0,0
ISUZU,NRR,1,0,0.0,0,0,0,1,0,1
MERCEDES-BENZ,GL320,1,0,0.0,0,0,1,0,0,0
FCCC,MCL,1,0,0.0,0,0,0,1,0,0
ASTON MARTIN,V8 VANTAGE S,1,0,0.0,0,0,0,1,0,0
AUDI,RS 7,1,0,0.0,0,0,1,0,0,0
LEXUS,RC F,1,0,0.0,0,0,1,0,0,0
E-ONE,F550,1,0,0.0,0,0,1,0,0,0
BMW,550I GRAN TURISMO,1,0,0.0,0,0,0,1,0,0
BMW,328XIT,1,0,0.0,0,0,1,0,0,0
VOLVO,S60I,1,0,0.0,0,0,0,1,0,0
WINNEBAGO,VIEW,1,0,0.0,0,0,1,0,0,0
MERCEDES BENZ,C 300 4MATIC,1,0,0.0,0,0,1,0,0,0
KIA,SOUL EV,1,1,100.0,0,0,0,0,1,0
MERCEDES BENZ,C63 AMG,1,0,0.0,0,0,1,0,0,0
ACURA,NSX,1,0,0.0,0,0,0,1,0,0
ADAPTIVE EQUIPMENT,ADAPTIVE EQUIPMENT,1,1,100.0,0,0,0,0,1,0
LEXUS,GS450H,1,0,0.0,0,0,0,1,0,0
MERCEDES-BENZ,CLS550,1,1,100.0,0,0,0,0,1,0
MCLAREN,650S,1,0,0.0,0,0,1,0,0,0
KIA,NIRO PHEV,1,1,100.0,0,0,0,0,1,0
MASERATI,GRANTURISMO,1,0,0.0,0,0,1,0,0,0
FERRARI,458,1,0,0.0,0,0,1,0,0,0
GENESIS,G90,1,0,0.0,0,1,0,0,0,0
FORD,F-53,1,1,100.0,0,0,0,0,1,0
FERRARI,CALIFORNIA T,1,0,0.0,0,0,1,0,0,0
CADILLAC,XT6,1,0,0.0,0,0,1,0,0,0
MERCEDES-BENZ,SPRINTER 906,1,0,0.0,0,0,1,0,0,0
VOLKSWAGEN,JETTA WAGON,1,0,0.0,0,0,0,1,0,0
SUBARU,WRX STI,1,1,100.0,0,0,0,0,1,0
FERRARI,GTC4LUSSO T,1,0,0.0,0,0,1,0,0,0
RAM,PROMASTER CITY,1,1,100.0,0,0,0,0,1,0
MERCEDES-BENZ,SLK172,1,0,0.0,0,1,0,0,0,0
FORD,ENGINE & ENGINE COOLING,1,0,0.0,0,0,0,1,0,0
MERCEDES-BENZ,B242,1,0,0.0,0,0,1,0,0,0
CHEVROLET,IMPALA (GMX 211),1,0,0.0,0,0,1,0,0,0
FERRARI,458 SPIDER,1,0,0.0,0,0,1,0,0,0
AC DELCO,18M857,1,0,0.0,0,0,0,1,0,0
MERCEDES-BENZ,C176,1,0,0.0,0,0,1,0,0,0
TOYOTA,TOWING HITCH KIT,1,0,0.0,0,0,0,1,0,1
MERCEDES-BENZ,GLB 200,1,0,0.0,0,1,0,0,0,0
CHEVROLET,CAPRICE POLICE PURSUIT,1,0,0.0,0,0,1,0,0,0
AMERICAN SAFETY,HELMET,1,0,0.0,0,0,0,1,0,0
MERCEDES-BENZ,C 350,1,0,0.0,0,0,1,0,0,0
HONDA,CLARITY ELECTRIC,1,0,0.0,0,0,0,1,0,0
APRILIA,TUONO,1,0,0.0,0,0,0,1,0,0
4-STAR TRAILER,HAYRACK,1,0,0.0,0,0,0,1,0,0
MARK III,DODGE TRUCK,1,0,0.0,0,0,0,1,0,0
FERRARI,GTC4LUSSO,1,0,0.0,0,0,1,0,0,0
NISSAN,GT-R,1,0,0.0,0,1,0,0,0,0
MERCEDES-BENZ,C180,1,0,0.0,0,0,0,1,0,0
FREIGHTLINER,MT55,1,0,0.0,0,0,1,0,0,0
MERCEDES-BENZ,GLS450,1,1,100.0,0,0,0,0,1,0
RAM,PROMASTER 3500,1,0,0.0,0,1,0,0,0,0
TOYOTA,"20"" ALLOY WHEEL",1,0,0.0,0,0,0,1,0,0
GMC,T SERIES,1,0,0.0,0,0,0,1,0,0
MINI,TURBOCORD PORTABLE CHARGE,1,0,0.0,0,0,1,0,0,0
ACURA,ILX HYBRID,1,0,0.0,0,1,0,0,0,0
BUICK,CASCADA,1,1,100.0,0,0,0,0,1,0
MERCEDES-BENZ,AMG GLC43,1,0,0.0,0,0,0,1,0,0
SPARTAN,METROSTAR,1,0,0.0,0,1,0,0,0,0
HYUNDAI,IONIQ PLUG-IN HYBRID,1,1,100.0,0,0,0,0,1,0
RAM,4500,1,1,100.0,0,0,0,0,1,0
MERCEDES-BENZ,GLS580,1,0,0.0,0,1,0,0,0,0
ALFA,ROMEO 4C,1,0,0.0,0,0,0,1,0,0
INTERNATIONAL,DURASTAR,1,1,100.0,0,0,0,0,1,0
LINCOLN,CORSAIR PHEV,1,1,100.0,0,0,0,0,1,0
THOR MOTOR COACH,FOUR WINDS,1,0,0.0,0,0,0,1,0,0
VOLKSWAGEN,TIGUAN LIMITED,1,0,0.0,0,1,0,0,0,0
FLEETWOOD,PULSE,1,0,0.0,0,0,1,0,0,0
THOR MOTOR COACH,SIESTA,1,0,0.0,0,1,0,0,0,0
THOR MOTOR COACH,DELANO,1,0,0.0,0,0,0,1,0,0
WESTERN STAR,4700,1,1,100.0,0,0,0,0,1,0
MERCEDES-BENZ,AMG EQS,1,0,0.0,0,1,0,0,0,0
JAYCO,MELBOURNE CLASS C,1,0,0.0,0,0,1,0,0,0
LINCOLN,AVIATOR PHEV,1,1,100.0,0,0,0,0,1,0
TOYOTA,GR86,1,0,0.0,0,0,0,1,0,0
NISSAN,REDUNDANT ALTIMA,1,1,100.0,0,0,0,0,1,0
CHEVROLET,ONIX,1,0,0.0,0,0,0,1,0,0
AUDI,Q5 SPORTBACK,1,1,100.0,0,0,0,0,1,0
MERCEDES BENZ,CL55,1,0,0.0,0,0,0,1,0,0
RIVIAN,EDV,1,0,0.0,0,0,0,1,0,0
MERCEDES-BENZ,SPRINTER 1500,1,0,0.0,0,1,0,0,0,0
MOPAR,SEATBELTS,1,1,100.0,0,0,0,0,1,0
CADILLAC,ESCALADE NA,1,0,0.0,0,0,0,1,0,0
AUTOLIV,SEATBELT/AIRBAG INITIATOR,1,0,0.0,0,1,0,0,0,0
OUTBACK CUSTOM,DODGE RAM RCA,1,0,0.0,0,0,1,0,0,0
KIA,SPORTAGE HYBRID,1,1,100.0,0,0,0,0,1,0
MERCEDES-BENZ,GLE 450,1,1,100.0,0,0,0,0,0,0
MERCEDES-BENZ,ML250,1,0,0.0,0,0,0,1,0,0
MERCEDES-BENZ,CLS 450,1,1,100.0,0,0,0,0,1,0
MERCEDES-BENZ,E 400,1,1,100.0,0,0,0,0,1,0
MERCEDES-BENZ,EQB 300 4MATIC,1,0,0.0,0,0,0,1,0,0
LEXUS,RZ,1,0,0.0,0,0,0,1,0,0
BMW,750E,1,0,0.0,1,0,0,0,0,0
BMW,540D,1,0,0.0,0,0,1,0,0,0
AUDI,R8,1,1,100.0,0,0,0,0,1,1
MERCEDES-BENZ,EQE500,1,1,100.0,0,0,0,0,1,0
MERCEDES-BENZ,AMG EQE,1,1,100.0,0,0,0,0,1,0
JEEP,WRANGLER 4XE,1,0,0.0,0,0,1,0,0,0
DODGE,HORNET PHEV,1,1,100.0,0,0,0,0,1,0
CHEVROLET,GMT-400,1,0,0.0,0,1,0,0,0,0
MV-1,MV-1,1,0,0.0,0,0,1,0,0,0
NISSAN,REDUNDANT KICKS,1,0,0.0,0,0,0,1,0,0
HINO,258,1,0,0.0,0,0,0,1,0,0
WINNEBAGO,VECTRA,1,0,0.0,0,0,0,1,0,0
FORD,AIR BAG,1,0,0.0,0,0,0,1,0,0
BMW,I5,1,0,0.0,0,0,0,1,0,0
MERCEDES-BENZ,AMG GLA 35,1,1,100.0,0,0,0,0,1,0
GENESIS,GV60,1,1,100.0,0,0,0,0,1,0
CHEVROLET,BLAZER EV,1,0,0.0,0,0,0,1,0,0
ASTON MARTIN,V8,1,0,0.0,0,1,0,0,0,0
KIA,STINGER,1,1,100.0,0,0,0,0,1,0
RIVIAN,R 1 T,1,0,0.0,0,0,0,1,0,0
RAM,3500 CAB CHASSIS,1,1,100.0,0,0,0,0,1,0
MERCEDES-BENZ,EQS 450,1,0,0.0,0,1,0,0,0,0
NISSAN,DRIVER SIDE AIRBAG,1,0,0.0,0,0,0,1,0,0
MERCEDES-BENZ,E250,1,0,0.0,0,0,1,0,0,0
NISSAN,REDUNDANT ARIYA,1,1,100.0,0,0,0,0,1,0
MERCEDES-BENZ,GLE 450E 4MATIC,1,1,100.0,0,0,0,0,1,0
MERCEDES-BENZ,AMG S63,1,0,0.0,0,0,0,1,0,0
HYUNDAI,KONA ELECTRIC,1,1,100.0,0,0,0,0,1,0
TOYOTA,86,1,0,0.0,0,1,0,0,0,0
BMW,M760I,1,0,0.0,0,0,0,1,0,0
MERCEDES-BENZ,S 560 E,1,0,0.0,0,0,0,1,0,0
MERCEDES-BENZ,EQS 450+,1,1,100.0,0,0,0,0,1,0
MERCEDES-BENZ,REDUNDANT EQS 450,1,0,0.0,0,0,0,1,0,0
MERCEDES-BENZ,AMG GLE43,1,1,100.0,0,0,0,0,1,0
MERCEDES BENZ,C205,1,0,0.0,0,0,1,0,0,0
CHEVROLET,3500HD,1,1,100.0,0,0,0,0,0,0
MERCEDES-MAYBACH,S 560 4MATIC,1,0,0.0,0,0,0,1,0,0
AUDI,Q6 SPORTBACK E-TRON,1,0,0.0,0,0,0,1,0,0
BAL,OTHER,1,0,0.0,0,0,1,0,0,0
TOYOTA,COROLLA HATCHBACK,1,1,100.0,0,0,0,0,0,0
TIFFIN,WAYFARER,1,0,0.0,0,0,1,0,0,0
MERCEDES-BENZ,C 300 4MATIC,1,0,0.0,0,0,0,1,0,0
MACK,ANTHEM (AN),1,0,0.0,0,1,0,0,0,0
GMC,HUMMER EV PICKUP,1,0,0.0,0,0,0,1,0,0
VOLVO,C40BEV,1,0,0.0,0,0,0,1,0,0
MERCEDES-BENZ,EQE 350+,1,1,100.0,0,0,0,0,1,0
LAND ROVER,RANGE ROVER PHEV,1,1,100.0,0,0,0,0,1,0
HORTON,FORD F-550,1,1,100.0,0,0,0,0,1,0
INEOS,GRENADIER,1,1,100.0,0,0,0,0,0,0
LINCOLN,NAUTILUS HYBRID,1,1,100.0,0,0,0,0,1,0
PORSCHE,CAYENNE E-HYBRID COUPE,1,0,0.0,1,0,0,0,0,0
BMW,M340I,1,1,100.0,0,0,0,0,0,0
BMW,I7,1,0,0.0,0,0,0,1,0,0
BMW,I8,1,0,0.0,0,0,0,1,0,0
MERCEDES BENZ,GLE 450E 4MATIC,1,0,0.0,0,0,1,0,0,0
MERCEDES-BENZ,EQS 450 4MATIC,1,0,0.0,1,0,0,0,0,0
MERCEDES-BENZ,E 450,1,1,100.0,0,0,0,0,1,0
DODGE,RAM WAGON,1,1,100.0,0,0,0,0,1,0
WINNEBAGO,WFJ38S,1,0,0.0,0,0,0,1,0,0
CHEVROLET,SILVERADO EV,1,1,100.0,0,0,0,0,1,0
MERCEDES-BENZ,SLK250,1,0,0.0,0,0,0,1,0,0
TOYOTA,RAV4 PLUG-IN HYBRID,1,0,0.0,0,1,0,0,0,0
CADILLAC,OPTIQ,1,1,100.0,0,0,0,0,1,0
FORD,EXPLORER HYBRID,1,1,100.0,0,0,0,0,1,0
NISSAN,Z,1,0,0.0,1,0,0,0,0,0
