make,model,complaints_distinct_odino
JEEP,CHEROKEE,1620
RAM,1500,1464
FORD,F-150,1312
FORD,F-250 SD,1161
HONDA,CR-V,1085
CHEVROLET,SILVERADO 1500,1067
SUBARU,OUTBACK,1032
HONDA,ODYSSEY,938
HONDA,PILOT,888
TOYOTA,RAV4,875
SUBARU,FORESTER,832
FORD,EDGE,751
JEEP,WRANGLER,732
HONDA,ACCORD,674
GMC,SIERRA 1500,630
TESLA,MODEL 3,609
FORD,ESCAPE,578
VOLKSWAGEN,JETTA,545
FORD,EXPEDITION,483
TOYOTA,HIGHLANDER,474
VOLKSWAGEN,ATLAS,473
FORD,F-350 SD,466
FORD,ECOSPORT,457
SUBARU,ASCENT,439
ACURA,RDX,434
HONDA,CIVIC,424
KIA,SORENTO,422
CHEVROLET,TRAVERSE,403
TOYOTA,CAMRY,392
GMC,ACADIA,381
HYUNDAI,TUCSON,374
JEEP,GRAND CHEROKEE,362
NISSAN,ROGUE,333
JEEP,COMPASS,327
FORD,FUSION,309
CHRYSLER,PACIFICA,304
CHEVROLET,EQUINOX,300
FORD,EXPLORER,291
SUBARU,CROSSTREK,284
HONDA,PASSPORT,274
MAZDA,CX-5,267
FORD,RANGER,264
NISSAN,LEAF,253
HYUNDAI,ELANTRA,247
FORD,FLEX,240
DODGE,GRAND CARAVAN,238
HONDA,RIDGELINE,233
HONDA,HR-V,230
NISSAN,ALTIMA,229
NISSAN,SENTRA,221
TOYOTA,TACOMA,215
KIA,OPTIMA,205
TOYOTA,COROLLA,200
HYUNDAI,SANTA FE,194
SUBARU,IMPREZA,193
RAM,2500,192
VOLKSWAGEN,TIGUAN,189
CHEVROLET,MALIBU,188
HYUNDAI,KONA,187
CHEVROLET,BLAZER,186
ACURA,MDX,185
BMW,X5,182
GMC,TERRAIN,181
VOLKSWAGEN,GTI,179
CHEVROLET,BOLT EV,175
BMW,X3,167
HYUNDAI,SONATA,159
CHEVROLET,COLORADO,149
JAGUAR,I-PACE,148
KIA,FORTE,147
CHEVROLET,CORVETTE,147
FORD,MUSTANG,146
DODGE,DURANGO,141
INFINITI,QX50,138
HONDA,FIT,136
KIA,SOUL,135
RAM,3500,134
NISSAN,KICKS,134
CHEVROLET,TRAX,133
SUBARU,LEGACY,123
FORD,FUSION ENERGI,120
DODGE,CHARGER,120
LINCOLN,MKC,115
AUDI,A6,114
AUDI,Q8,108
TOYOTA,C-HR,107
CHEVROLET,TAHOE,104
TESLA,MODEL X,100
LINCOLN,NAUTILUS,100
DODGE,JOURNEY,100
NISSAN,ROGUE SPORT,99
FORD,FIESTA,99
HONDA,INSIGHT,97
HONDA,ACCORD HYBRID,92
ACURA,TLX,91
BUICK,ENCORE,84
JEEP,RENEGADE,79
CHEVROLET,SUBURBAN,77
AUDI,E-TRON,77
LINCOLN,NAVIGATOR,76
NISSAN,PATHFINDER,75
MAZDA,MAZDA3,74
CHEVROLET,SILVERADO 2500,74
NISSAN,ARMADA,73
TOYOTA,TUNDRA,72
TOYOTA,AVALON,69
KIA,SPORTAGE,69
MERCEDES-BENZ,SPRINTER 2500,67
GMC,YUKON XL,67
MERCEDES-BENZ,C 300,66
TOYOTA,4RUNNER,64
VOLKSWAGEN,GOLF,62
AUDI,Q7,61
GENESIS,G70,60
CHRYSLER,300,60
DODGE,CHALLENGER,58
RAM,PROMASTER,57
KIA,NIRO,54
HYUNDAI,KONA ELECTRIC,54
GMC,YUKON,54
MAZDA,CX-9,53
CHEVROLET,CAMARO,52
FORD,TRANSIT CONNECT,51
AUDI,Q5,49
BMW,X7,47
NISSAN,TITAN,46
MERCEDES-BENZ,GLC 300,46
TOYOTA,SIENNA,45
MERCEDES-BENZ,A 220,45
CHRYSLER,PACIFICA PLUG-IN HYBRID,45
ALFA ROMEO,GIULIA,45
TESLA,MODEL S,44
KIA,STINGER,44
NISSAN,MURANO,43
AUDI,A7,43
PORSCHE,CAYENNE,42
HYUNDAI,VELOSTER,42
HONDA,CLARITY PLUG-IN HYBRID,42
BUICK,ENCLAVE,42
VOLVO,XC90,41
BMW,330I,41
CAN-AM,RYKER,39
LAND ROVER,DISCOVERY,38
INFINITI,QX60,37
FORD,TRANSIT,37
VOLVO,XC60,36
KIA,SEDONA,36
ALFA ROMEO,STELVIO,36
ACURA,ILX,36
FORD,FUSION HYBRID,35
LEXUS,RX,34
LEXUS,ES,34
CHEVROLET,VOLT,34
LINCOLN,CONTINENTAL,32
GMC,SIERRA 2500,32
CADILLAC,XT5,32
CADILLAC,ESCALADE ESV,32
LEXUS,RX350,31
VOLVO,XC40,30
TOYOTA,PRIUS,30
SUBARU,WRX,30
LEXUS,NX,30
INFINITI,Q50,30
MITSUBISHI,OUTLANDER,29
MERCEDES-BENZ,E 300,29
HYUNDAI,ACCENT,29
NISSAN,FRONTIER,28
MERCEDES-BENZ,GLA 250,28
FREIGHTLINER,CASCADIA,28
CHEVROLET,IMPALA,28
MERCEDES-BENZ,SPRINTER 3500,27
MAZDA,CX-3,27
LAND ROVER,RANGE ROVER VELAR,27
GENESIS,G80,27
TOYOTA,YARIS,26
MITSUBISHI,OUTLANDER SPORT,26
KIA,NIRO PHEV,26
GMC,SIERRA DENALI,26
VOLVO,S60,25
HYUNDAI,SANTA FE XL,25
CADILLAC,ESCALADE,25
NISSAN,VERSA,24
NEWMAR,DUTCH STAR,23
BUICK,ENVISION,23
TOYOTA,RAV4 HYBRID,22
MERCEDES-BENZ,CLA 250,22
MERCEDES-BENZ,AMG GLE43,22
LAND ROVER,RANGE ROVER SPORT,22
LAND ROVER,DISCOVERY SPORT,21
KIA,RIO,21
CHEVROLET,SILVERADO 3500,21
BMW,430I,21
INFINITI,QX80,20
CHEVROLET,CRUZE,20
CADILLAC,XT4,20
VOLKSWAGEN,GOLF ALLTRACK,19
PORSCHE,MACAN,19
MERCEDES-BENZ,GLS 450,19
LINCOLN,MKZ,19
FORD,F-450,19
WINNEBAGO,FORZA,18
NISSAN,MAXIMA,18
BUICK,REGAL,18
AUDI,SQ5,18
MERCEDES-BENZ,E 450,17
KIA,NIRO EV,17
JAGUAR,F-PACE,17
HYUNDAI,IONIQ HYBRID,16
GMC,CANYON,16
CADILLAC,CT6,16
LINCOLN,MKT,15
LAND ROVER,RANGE ROVER,15
FORD,TAURUS,15
BMW,R 1250 GS,15
BMW,530I,15
VOLKSWAGEN,BEETLE,14
MERCEDES-BENZ,CLS 450,14
LEXUS,NX300,14
JAYCO TRAVEL TRAILER,JAY FLIGHT,14
HONDA,CRF1000,14
GRAND DESIGN,MOMENTUM,14
FORD,F-550,14
CHEVROLET,SPARK,14
AUDI,A8,14
MITSUBISHI,ECLIPSE CROSS,13
HYUNDAI,ELANTRA GT,13
GMC,SIERRA 3500,13
BMW,I3,13
VOLKSWAGEN,PASSAT,12
RAM,5500,12
MINI,COOPER,12
KTM,790 ADVENTURE,12
BMW,530E,12
AUDI,A5,12
TOYOTA,CAMRY HYBRID,11
MINI,COUNTRYMAN,11
LAND ROVER,RANGE ROVER EVOQUE,11
BMW,X1,11
BMW,540I,11
TOYOTA,86,10
MITSUBISHI,MIRAGE G4,10
HYUNDAI,IONIQ PLUG-IN HYBRID,10
CADILLAC,CTS,10
BMW,X4,10
AUDI,Q3,10
AUDI,A4,10
AUDI,A3,10
VOLKSWAGEN,GOLF SPORTWAGEN,9
MERCEDES-BENZ,SPRINTER 4500,9
KEYSTONE,COUGAR,9
GRAND DESIGN,REFLECTION,9
FOREST RIVER,R-POD,9
FOREST RIVER,CHEROKEE,9
FIAT,124 SPIDER,9
BMW,R 1250 RT,9
VOLKSWAGEN,ARTEON,8
TOYOTA,PRIUS PRIME,8
MERCEDES-BENZ,SPRINTER 1500,8
MERCEDES-BENZ,METRIS,8
MERCEDES-BENZ,GLC350E,8
MAZDA,MX-5,8
LEXUS,GX,8
KTM,790 ADVENTURE R,8
KENWORTH,T680,8
JAYCO TRAVEL TRAILER,JAY FLIGHT SLX,8
HONDA,GL1800,8
HONDA,CIVIC SI,8
HARLEY-DAVIDSON,FLHTCUTG,8
FREIGHTLINER,M2 BUSINESS CLASS,8
FOREST RIVER,ROCKWOOD,8
CHEVROLET,SONIC,8
CHEVROLET,EXPRESS,8
BMW,M5,8
ACURA,MDX SPORT HYBRID,8
WINNEBAGO,MINNIE,7
TOYOTA,SEQUOIA,7
MERCEDES-BENZ,GLE 400,7
LEXUS,IS 300,7
HUSQVARNA,VITPILEN 701,7
FOREST RIVER,FLAGSTAFF,7
BMW,850I,7
VOLKSWAGEN,GOLF R,6
VOLKSWAGEN,E-GOLF,6
TOYOTA,HIGHLANDER HYBRID,6
RAM,4500,6
NISSAN,NV,6
MINI,CLUBMAN,6
MERCEDES-BENZ,AMG GLC43,6
MERCEDES-BENZ,AMG E53,6
MERCEDES-BENZ,AMG CLS53,6
MERCEDES-BENZ,AMG C43,6
MAZDA,MAZDA6,6
JAGUAR,XE,6
JAGUAR,E-PACE,6
HYUNDAI,IONIQ ELECTRIC,6
HONDA,CIVIC TYPE R,6
HEARTLAND,MALLARD,6
GRAND DESIGN,IMAGINE,6
GENESIS,G90,6
FOREST RIVER,BERKSHIRE,6
DUCATI,MULTISTRADA,6
CHEVROLET,5500HD,6
CAN-AM,SPYDER RT,6
BUICK,LACROSSE,6
AUDI,S5,6
RAM,PROMASTER CITY,5
NEWMAR,LONDON AIRE,5
MITSUBISHI,MIRAGE,5
MINI,COOPER S,5
MERCEDES-BENZ,S560,5
MERCEDES-BENZ,GLC 350,5
MERCEDES-BENZ,G 550,5
MASERATI,LEVANTE,5
LEXUS,ES350,5
LANCE CAMPER,LANCE CAMPER,5
KIA,CADENZA,5
HYUNDAI,SONATA PLUG-IN HYBRID,5
HARLEY-DAVIDSON,FLHCS,5
GRAND DESIGN,SOLITUDE,5
GMC,SAVANA,5
FOREST RIVER,WILDWOOD,5
FOREST RIVER,VIBE,5
FOREST RIVER,SALEM,5
FOREST RIVER,PUMA,5
FORD,E-450,5
ENTEGRA,ASPIRE,5
DYNAMAX,ISATA,5
CAN-AM,SPYDER F3,5
CADILLAC,XTS,5
BUICK,CASCADA,5
BMW,Z4,5
BMW,X6,5
AUDI,RS 3,5
WINNEBAGO,VIEW,4
VOLVO,VNL,4
TOYOTA,MIRAI,4
TIFFIN,PHAETON,4
POLARIS,SLINGSHOT,4
NEWMAR,NEW AIRE,4
NEWMAR,MOUNTAIN AIRE,4
MERCEDES-BENZ,SPRINTER (VS30),4
MERCEDES-BENZ,S 560 E,4
MERCEDES-BENZ,GLS450,4
JAYCO,PRECEPT,4
JAYCO TRAVEL TRAILER,WHITE HAWK,4
JAYCO FIFTH WHEEL,EAGLE,4
INFINITI,Q60,4
HYUNDAI,SONATA HYBRID,4
HEARTLAND,TRAIL RUNNER,4
HARLEY-DAVIDSON,FLHXS,4
HARLEY-DAVIDSON,FLHTK,4
FREIGHTLINER,SPRINTER 2500,4
FREEDOM TRAILERS,FREEDOM TRAILERS,4
FOREST RIVER,VENGEANCE,4
FOREST RIVER,SURVEYOR,4
FOREST RIVER,GEORGETOWN,4
FORD,F-650 SD,4
FORD,F-550 SD,4
ENTEGRA,ANTHEM,4
DUCATI,SUPERSPORT,4
DETROIT CHASSIS,FORD MOTORHOME CHASSIS,4
BMW,K1600B,4
BMW,740I,4
BMW,440I,4
AUDI,A3 CABRIOLET,4
WINNEBAGO,MINNIE WINNIE,3
VOLVO,S90,3
SPARTAN,K2,3
ROYAL ENFIELD,HIMALAYAN,3
PETERBILT,389,3
NISSAN,NV200,3
MERCEDES-BENZ,S 450,3
MERCEDES-BENZ,E 450 4MATIC,3
MERCEDES-BENZ,AMG S63,3
MERCEDES-BENZ,AMG GT53,3
MERCEDES-BENZ,AMG GT,3
MERCEDES-BENZ,AMG GLC63,3
MAZDA,!MX-5,3
LEXUS,UX200,3
LEXUS,UX HYBRID,3
LEXUS,RX HYBRID,3
LEXUS,RC 350,3
LEXUS,LS500,3
LEXUS,LS HYBRID,3
KIA,SOUL EV,3
KEYSTONE,MONTANA HIGH COUNTRY,3
JAYCO,SENECA,3
JAYCO TRAVEL TRAILER,JAY FEATHER,3
JAYCO FIFTH WHEEL,PINNACLE,3
JAYCO FIFTH WHEEL,EAGLE HT,3
JAGUAR,F-TYPE,3
INFINITI,QX30,3
INDIAN,CHIEFTAIN DARK HORSE,3
INDIAN,CHIEFTAIN,3
INDIAN,CHIEF ROADMASTER,3
HYUNDAI,VELOSTER N,3
HYUNDAI,NEXO,3
HONDA,CLARITY ELECTRIC,3
HONDA,CIVIC HATCHBACK,3
HONDA,CBR600RR,3
HONDA,CB300R,3
HIGHLAND RIDGE FW,OPEN RANGE,3
HARLEY-DAVIDSON,FLHT,3
GREENPOWER,EV STAR BUS,3
GMC,YUKON DENALI,3
FOREST RIVER,SUNSEEKER,3
FOREST RIVER,FREEDOM EXPRESS,3
FORD,F53,3
FORD,F-53,3
FORD,F-450 SD,3
FORD,E-350,3
FIAT,500X,3
DUCATI,SCRAMBLER,3
DUCATI,HYPERMOTARD,3
DRV,MOBILE SUITE,3
COACHMEN,FREEDOM EXPRESS,3
CHEVROLET,duplicate SILVERADO 5500,3
BMW,X2,3
BMW,R1250 GS ADVENTURE,3
BMW,K 1600 GTL,3
AUTOCAR,XPEDITOR,3
AUDI,RS 5,3
AUDI,A4 ALLROAD,3
WINNEBAGO,VISTA,2
WINNEBAGO,TRAVATO,2
WINNEBAGO,ADVENTURER,2
VANLEIGH,BEACON,2
VANDERHALL,VENICE,2
TRIUMPH,SPEED TWIN,2
TRIUMPH,SPEED TRIPLE RS,2
TRIUMPH,SCRAMBLER 1200 XC,2
TIFFIN,ALLEGRO,2
THOR MOTOR COACH,VENETIAN,2
THOR MOTOR COACH,OUTLAW,2
THOR MOTOR COACH,MIRAMAR,2
THOR MOTOR COACH,FOUR WINDS,2
THOR MOTOR COACH,ACE,2
STARCRAFT RV TT,AUTUMN RIDGE,2
PORSCHE,911,2
POLARIS,RANGER 900,2
PETERBILT,579,2
PACE,JOURNEY,2
OLIVER TRAVEL TRAILERS,LEGACY ELITE II,2
NEWMAR,VENTANA,2
NEWMAR,BAY STAR,2
MIRAGE,CARGO TRAILERS,2
MERCEDES-BENZ,GLS 550,2
MERCEDES-BENZ,AMG GLS63,2
MERCEDES-BENZ,AMG E63S,2
MASERATI,GHIBLI,2
MACK,GRANITE (GR),2
LINCOLN,MKZ HYBRID,2
LEXUS,IS,2
KZRV,SPORTSMEN,2
KTM,690 ENDURO R,2
KTM,1290 SUPER DUKE R,2
KIA,K900,2
KEYSTONE,SPRINTER,2
KEYSTONE,SPRINGDALE,2
KEYSTONE,RAPTOR,2
KEYSTONE,OUTBACK,2
KEYSTONE,MONTANA,2
KEYSTONE,KEYSTONE,2
KEYSTONE,BULLET,2
INTERNATIONAL,LT,2
INFINITI,Q70L,2
INFINITI,Q70,2
IC BUS,PB105,2
HOLIDAY HOUSE,18RB,2
HEARTLAND,SUNDANCE,2
HARLEY-DAVIDSON,XL883N,2
HARLEY-DAVIDSON,FLTRXS,2
HARLEY-DAVIDSON,FLHR,2
FOREST RIVER,SANDPIPER,2
FOREST RIVER,SABRE,2
FOREST RIVER,CEDAR CREEK,2
FLEETWOOD,FLAIR,2
FLEETWOOD,DISCOVERY,2
FCCC,S2RV,2
ENTEGRA,VISION,2
DUTCHMEN,COLEMAN,2
DUCATI,MONSTER 1200,2
CRUISER RV,SHADOW CRUISER,2
COACHMEN,LEPRECHAUN,2
COACHMEN,CATALINA,2
CHEVROLET,MALIBU HYBRID,2
CHEVROLET,EXPRESS 3500,2
CHEVROLET,3500,2
CARRY-ON,ENCLOSED CARGO TRAILER,2
CADILLAC,ATS,2
BMW,K 1600 GT,2
BMW,K 1600 B,2
BMW,640XI,2
BMW,640I,2
BLUE BIRD,BBCV,2
BLUE BIRD,ALL AMERICAN,2
AUDI,S4,2
AUDI,S3,2
4-STAR TRAILER,HORSE TRAILER,2
YAMAHA,YZFR3K,1
YAMAHA,XVS950,1
YACHT CLUB,1825B,1
WINNEBAGO,TREND,1
WINNEBAGO,SUNSTAR,1
WESTERN STAR,5700,1
WESTERN STAR,4900,1
WABASH NATIONAL,VAN,1
VOLVO,V90CC,1
VOLVO,V90,1
VOLVO,V60,1
VOLKSWAGEN,BEETLE CONVERTIBLE,1
VENTURE,SONIC,1
VANLEIGH,VILANO,1
VAN HOOL,CX45,1
URAL,TOURIST,1
TRIUMPH,TIGER 1200 XRX,1
TRIUMPH,THRUXTON,1
TRIUMPH,SPEED TRIPLE S,1
TRIUMPH,SPEED TRIPLE,1
TRIUMPH,SCRAMBLER,1
TRAVEL LITE,TRAVEL LITE,1
TRACKER MARINE,BASS TRACKER,1
TOYOTA,COROLLA HATCHBACK,1
TOYOTA,AVALON HYBRID,1
TIFFIN,BUS,1
TIFFIN,BREEZE,1
TIFFIN,ALLEGRO RED,1
THOR,PALAZZO,1
THOR MOTOR COACH,WINDSPORT,1
THOR MOTOR COACH,TUSCANY,1
THOR MOTOR COACH,PALAZZO,1
THOR MOTOR COACH,MAGNITUDE,1
THOR MOTOR COACH,FREEDOM TRAVELER,1
THOR MOTOR COACH,CHALLENGER,1
THOR MOTOR COACH,AXIS,1
THOR MOTOR COACH,ARIA,1
THOMAS BUILT BUSES,SAF-T-LINER HDX,1
SUBARU,WRX STI,1
SUBARU,BRZ,1
STONEWELL BODIES,MINI TRAILER,1
STARCRAFT RV TT,MOSSY OAK,1
STARCRAFT RV TT,LAUNCH,1
STARCRAFT RV TT,AUTUMN RIDGE OUTFITTER,1
STARCRAFT BUS,QUEST,1
SPARTAN TOOL,WARRIOR,1
SMART,FORTWO,1
ROUSH CLEANTECH,FORD E-450,1
ROSENBAUER,COMMERCIAL F-550,1
RIVERSIDE,TRAVEL TRAILER,1
RENEGADE,VALENCIA,1
PRIME TIME,TRACER,1
PRIME TIME,NAVI,1
PRIME TIME,LACROSSE,1
PORSCHE,718 CAYMAN,1
PLEASANT VALLEY,TEARDROP TRAILER,1
PIERCE,PUMPER,1
PETERBILT,567,1
PETERBILT,520,1
NORTHWOOD,ARCTIC FOX,1
NISSAN,VERSA NOTE,1
NISSAN,370Z,1
NEXUS,WRAITH,1
NEXUS,VIPER,1
NEWMAR,KING AIRE,1
NEWMAR,ESSEX,1
MITSUBISHI,OUTLANDER PHEV,1
MITSUBISHI FUSO,FE140G,1
MIDWEST AUTOMOTIVE DESIGN,WEEKENDER,1
MIDWEST AUTOMOTIVE DESIGN,PASSAGE,1
MERCEDES-MAYBACH,S 560 4MATIC,1
MERCEDES-BENZ,SLC 300,1
MERCEDES-BENZ,S 560 4MATIC,1
MERCEDES-BENZ,GLE 350,1
MERCEDES-BENZ,GLE,1
MERCEDES-BENZ,E 450 4MATIC COUPE,1
MERCEDES-BENZ,AMG GLE63,1
MERCEDES-BENZ,AMG GLA45,1
MERCEDES-BENZ,AMG G63,1
MERCEDES-BENZ,AMG C63 S,1
MERCEDES-BENZ,AMG C63,1
MERCEDES-BENZ,A 220 4MATIC,1
MERCEDES BENZ,C205,1
MCLAREN,720S,1
MCLAREN,570S,1
MACK,LR,1
MACK,ANTHEM (AN),1
MAC TRAILERS,WASTE TRAILER,1
LIVIN LITE,TRAIL TRAILER,1
LGS INDUSTRIES,LOOK,1
LEXUS,RC,1
LEXUS,LX570,1
LEXUS,LS,1
LEXUS,IS 350,1
LEXUS,GS,1
LEXUS,ES HYBRID,1
LAND ROVER,RANGE ROVER PHEV,1
LANCE,TRAVEL TRAILER,1
LANCE,1685,1
LANCE CAMPER,TRUCK CAMPER (1172),1
LAMBORGHINI,URUS,1
KZRV,SPREE,1
KZRV,DURANGO,1
KYMCO,LIKE 150I,1
KTM,790 DUKE,1
KTM,690 SMC R,1
KTM,1290 SUPER ADVENTURE S,1
KTM,1090 ADVENTURE R,1
KIA,OPTIMA PHEV,1
KEYSTONE,HIDEOUT,1
KEYSTONE,FUZION,1
KEYSTONE,ALPINE,1
KENWORTH,T370,1
KAWASAKI,NINJA ZX-6R,1
KAWASAKI,NINJA,1
KAWASAKI,KLX250,1
JOYSON SAFETY SYSTEMS,REAR SEATBELT,1
JAYCO,REDHAWK,1
JAYCO,MELBOURNE,1
JAYCO,GREYHAWK,1
JAYCO,ALANTE,1
JAYCO TRAVEL TRAILER,JAY FLIGHT BUNGALOW,1
JAYCO FIFTH WHEEL,NORTH POINT,1
JAGUAR,XJ,1
ITASCA,SUNSTAR,1
ISUZU,NPR,1
INTERNATIONAL,MV,1
INTERNATIONAL,LONESTAR,1
INTERNATIONAL,CV,1
INTERNATIONAL MOTORS,CHEVY SILVERADO MEDIUM DUTY,1
INDIAN,SPRINGFIELD DARK HORSE,1
INDIAN,SPRINGFIELD,1
INDIAN,SCOUT BOBBER,1
INDIAN,ROADMASTER ELITE,1
INDIAN,CHIEFTAN,1
INDIAN,CHIEFTAIN CLASSIC,1
ICEBEAR,CHAMPION,1
HYUNDAI TRANSLEAD,DRY VAN TRAILER,1
HYMER,CARADO BANFF,1
HULL PORTER,Trailer,1
HONDA,Z125M,1
HONDA,CRF450L,1
HONDA,CB500X,1
HME,RAM 5500,1
HINO,CONVENTIONAL MODELS,1
HINO,338,1
HINO,268,1
HIGHLAND RIDGE TT,ULTRA LITE,1
HIGHLAND RIDGE FW,HIGHLANDER,1
HEARTLAND,WILDERNESS,1
HEARTLAND,PIONEER,1
HEARTLAND,FUEL,1
HARLEY-DAVIDSON,XG500,1
HARLEY-DAVIDSON,FXFBS,1
HARLEY-DAVIDSON,FXDRS,1
HARLEY-DAVIDSON,FLTRX,1
HARLEY-DAVIDSON,FLTRU,1
HARLEY-DAVIDSON,FLSL,1
HARLEY-DAVIDSON,FLSB,1
HARLEY-DAVIDSON,FLRT,1
HARLEY-DAVIDSON,FLHXSE,1
HARLEY-DAVIDSON,FLHTCU,1
HARLEY-DAVIDSON,FLDE,1
GULF STREAM,CONQUEST,1
GMC,SAVANA CUTAWAY VAN,1
GILLIG,LOW FLOOR,1
GENESIS SUPREME,GENESIS SUPREME,1
FRONTIER,AMBASSADOR,1
FREIGHTLINER,SPRINTER 4500,1
FREIGHTLINER,M2,1
FOREST RIVER,XLR,1
FOREST RIVER,WORK AND PLAY,1
FOREST RIVER,SIERRA,1
FOREST RIVER,SHOCKWAVE,1
FOREST RIVER,SANDSTORM,1
FOREST RIVER,ROCKPORT,1
FOREST RIVER,PALOMINO,1
FOREST RIVER,NO BOUNDARIES,1
FOREST RIVER,IMPRESSION,1
FOREST RIVER,FORESTER,1
FOREST RIVER,CARDINAL LUXURY,1
FOREST RIVER,CARDINAL,1
FORD,F-750 SD,1
FORD,ECONOLINE,1
FLEETWOOD,PACE ARROW LXE,1
FLEETWOOD,PACE ARROW,1
FERRARI,488 GTB,1
EZ LOADER,T102,1
ESCAPE,ESCAPE,1
ESCAPE,E21C,1
ENTEGRA,CORNERSTONE,1
DUTCHMEN,KODIAK,1
DUCATI,MONSTER 821,1
DRV,FULL HOUSE,1
DIAMOND COACH,VIP,1
DELCO TRAILERS,BUMPER HORSE,1
CRUISER RV,FUN FINDER EXTREME LITE,1
CRUISE CAR,MOKE,1
CROSSROADS,REDWOOD,1
COACHMEN,VIKING,1
COACHMEN,SHASTA,1
COACHMEN,PRISM,1
CHEVROLET,6500HD,1
CHEVROLET,6500,1
CARRY-ON,OPEN BED TRAILER,1
CADILLAC,SRX,1
BRITAX,E1C20-GROW WITH YOU,1
BMW,R 1250 GS ADVENTURE,1
BMW,M850I,1
BMW,M760I,1
BMW,G310R,1
BMW,G310 GS,1
BMW,F850GS,1
BMW,C650 GT MAXI-SCOOTER,1
BMW,C 400 X,1
BMW,850GS,1
BMW,230I,1
BENTLEY,BENTAYGA,1
AUDI,E-TRON QUATTRO,1
AUDI,A3 ETRON,1
ALCOM,ALCOM,1
AIRSTREAM,TOMMY BAHAMA,1
AIRSTREAM,NEST,1
AIRSTREAM,FLYING CLOUD,1
ABS-ACT-35 3-PT LWM 12,12300000,1
