"# Zilocar analysis of NHTSA ODI COMPLAINTS_RECEIVED period files (2015-2019, 2020-2024, 2025-2026), static.nhtsa.gov/odi/ffdd/cmpl/. Retrieved/processed 2026-09-14. Newest filing (max LDATE)=2026-09-08. PROD_TYPE=V, deduped on ODINO. N=776,375 distinct vehicle complaints from 1,086,951 component rows."
# recall_referencing (loose) = CDESCR cites a campaign number (\d{2}[VES]\d{3}) OR a safety-recall context (recall+notice/notification/letter/campaign/repair/remedy/part/issued/received/under/subject to/part of) OR the word remedy OR a part-unavailable phrase. strict_recall_only = recall_referencing AND CDESCR describes no fault symptom.
# CAVEAT (definition-dependence, added pre-publish): the 'brakes' row is a COMPDESC PREFIX match that merges NHTSA's two separate top-level brake strings, SERVICE BRAKES (62,744 complaints, ~8% recall-referencing) and SERVICE BRAKES, HYDRAULIC (7,420, ~63%). Scored separately the hydraulic string is statistically level with fuel_gas (63.1%), so 'fuel is the most contaminated category' holds for the seven categories AS DEFINED HERE and does NOT survive splitting that prefix. Read fuel and hydraulic brakes as joint-highest.
# CAVEAT: strict_recall_only is NOT comparable with Zilocar's 2026-09-13 fuel-system study, which used a FUEL-SPECIFIC fault screen and read 3,047 (41.7%) on this same bucket where the category-agnostic screen here reads 121 (1.7%). Different definitions, neither supersedes the other. The comparable measure across the two studies is the LOOSE one: 58.9% there, 63.1% here.
# Independently re-derived from separately downloaded copies with a from-scratch classifier: bucket totals reproduce within 0.1% (fuel 7,308 vs 7,304; airbag 98,027 vs 97,894), both headline reversals reproduce identically, and the independent classifier read every bucket 2-6 points LOWER (fuel 61.2%, airbag 41.0%). Treat the rates as points in a range.
category,compdesc_definition,total_complaints,recall_referencing,recall_referencing_pct,strict_recall_only,strict_recall_only_pct,top_campaign,top_campaign_count,top_campaign_pct_of_bucket,volume_leader_raw,volume_leader_raw_n,volume_leader_after_strip,volume_leader_after_strip_n,volume_leader_flips
airbag,COMPDESC begins 'AIR BAGS',97894,46590,47.6,10820,11.1,16V384,2514,2.6,TOYOTA COROLLA,3880,FORD FUSION,1297,True
fuel_gas,"COMPDESC begins 'FUEL SYSTEM, GASOLINE'",7304,4608,63.1,121,1.7,23V858,1275,17.5,HONDA CR-V,429,FORD ESCAPE,93,True
electrical,COMPDESC begins 'ELECTRICAL SYSTEM',137512,26522,19.3,3319,2.4,14V373,2489,1.8,JEEP GRAND CHEROKEE,5549,JEEP GRAND CHEROKEE,2564,False
suspension,COMPDESC begins 'SUSPENSION',30910,5206,16.8,816,2.6,14V604,334,1.1,FORD F-250 SD,1806,FORD F-250 SD,1700,False
brakes,COMPDESC begins 'SERVICE BRAKES',70263,12759,18.2,1969,2.8,23V652,637,0.9,RAM 2500,2996,CHEVROLET SILVERADO 1500,1998,True
engine,COMPDESC begins 'ENGINE',157148,22925,14.6,2033,1.3,23V905,984,0.6,FORD ESCAPE,7133,FORD ESCAPE,6225,False
crash_injury,"CRASH=Y OR INJURED>0 OR DEATHS>0 (severity flag, any component)",40259,4195,10.4,648,1.6,15V313,77,0.2,JEEP GRAND CHEROKEE,960,JEEP GRAND CHEROKEE,812,False
