rank,make,model,total_complaints,engine_complaints,powertrain_complaints,engine_share,engine_plus_powertrain_share
1,FORD,ECOSPORT,1835,1586,215,0.8643,0.9815
2,KIA,SOUL,3086,2139,309,0.6931,0.7933
3,CADILLAC,ESCALADE ESV,351,228,71,0.6496,0.8519
4,HYUNDAI,SANTA FE SPORT,810,503,66,0.621,0.7025
5,KIA,SELTOS,526,326,82,0.6198,0.7757
6,CADILLAC,ESCALADE,609,372,107,0.6108,0.7865
7,KIA,OPTIMA,2584,1578,201,0.6107,0.6885
8,LINCOLN,MKC,579,345,48,0.5959,0.6788
9,HYUNDAI,VELOSTER,482,274,72,0.5685,0.7178
10,MAZDA,CX-9,455,252,39,0.5538,0.6396
11,HYUNDAI,KONA,762,407,94,0.5341,0.6575
12,HYUNDAI,SONATA,3684,1923,389,0.522,0.6276
13,HYUNDAI,SONATA HYBRID,397,189,41,0.4761,0.5793
14,FORD,ESCAPE,9488,4493,1711,0.4735,0.6539
15,HYUNDAI,SANTA FE,2767,1310,468,0.4734,0.6426
16,KIA,SPORTAGE,1459,682,114,0.4674,0.5456
17,KIA,SORENTO,4231,1972,510,0.4661,0.5866
18,VOLKSWAGEN,GTI,483,223,103,0.4617,0.6749
19,KIA,FORTE,1220,541,135,0.4434,0.5541
20,FORD,EDGE,5065,2246,1128,0.4434,0.6661
21,KIA,SEDONA,674,298,29,0.4421,0.4852
22,VOLKSWAGEN,TAOS,467,202,65,0.4325,0.5717
23,JEEP,COMPASS,2442,1054,351,0.4316,0.5753
24,JEEP,PATRIOT,830,353,139,0.4253,0.5928
25,GMC,YUKON XL,1444,602,252,0.4169,0.5914
26,FORD,FUSION,4622,1836,997,0.3972,0.6129
27,BUICK,ENCORE,486,192,59,0.3951,0.5165
28,JEEP,RENEGADE,2194,856,423,0.3902,0.583
29,HYUNDAI,TUCSON,4800,1853,1076,0.386,0.6102
30,NISSAN,TITAN,452,172,110,0.3805,0.6239
31,CHEVROLET,CRUZE,828,315,136,0.3804,0.5447
32,GMC,SIERRA 1500,4707,1766,1044,0.3752,0.597
33,HYUNDAI,ELANTRA,2480,925,219,0.373,0.4613
34,CHRYSLER,PACIFICA,3588,1305,971,0.3637,0.6343
35,ACURA,MDX,1545,559,329,0.3618,0.5748
36,TOYOTA,TUNDRA,1745,631,321,0.3616,0.5456
37,GMC,YUKON,1963,708,301,0.3607,0.514
38,JEEP,WAGONEER,347,125,55,0.3602,0.5187
39,HONDA,PILOT,5484,1963,611,0.358,0.4694
40,HYUNDAI,ACCENT,328,114,14,0.3476,0.3902
41,CHEVROLET,MALIBU,3165,1097,688,0.3466,0.564
42,CHRYSLER,PACIFICA PLUG-IN HYBRID,613,211,172,0.3442,0.6248
43,CHEVROLET,EQUINOX,2969,998,332,0.3361,0.448
44,LINCOLN,MKZ,330,110,40,0.3333,0.4545
45,MERCEDES-BENZ,C300,664,221,38,0.3328,0.3901
46,ACURA,TLX,874,289,257,0.3307,0.6247
47,CHRYSLER,200,2370,761,766,0.3211,0.6443
48,GMC,TERRAIN,1350,433,218,0.3207,0.4822
49,MERCEDES-BENZ,C 300,487,149,24,0.306,0.3552
50,MERCEDES-BENZ,GLC 300,408,124,32,0.3039,0.3824
51,CHEVROLET,TRAX,927,275,96,0.2967,0.4002
52,CHEVROLET,SILVERADO 1500,6980,2064,1821,0.2957,0.5566
53,FORD,MAVERICK HYBRID,840,246,274,0.2929,0.619
54,VOLKSWAGEN,TIGUAN,1381,390,149,0.2824,0.3903
55,VOLVO,XC90,551,155,33,0.2813,0.3412
56,FORD,FOCUS,3909,1097,1994,0.2806,0.7907
57,MAZDA,CX-5,1841,514,188,0.2792,0.3813
58,LAND ROVER,RANGE ROVER SPORT,354,97,25,0.274,0.3446
59,FORD,ESCAPE HYBRID,499,136,47,0.2725,0.3667
60,DODGE,DART,772,210,254,0.272,0.601
61,CHEVROLET,BLAZER,675,183,178,0.2711,0.5348
62,BMW,X3,880,236,63,0.2682,0.3398
63,CHEVROLET,SUBURBAN,1430,377,279,0.2636,0.4587
64,NISSAN,ROGUE SPORT,335,88,51,0.2627,0.4149
65,RAM,PROMASTER,549,142,91,0.2587,0.4244
66,KIA,NIRO,330,85,80,0.2576,0.5
67,NISSAN,VERSA,646,166,180,0.257,0.5356
68,BMW,X5,1043,267,152,0.256,0.4017
69,CHEVROLET,TAHOE,2261,572,397,0.253,0.4286
70,AUDI,Q5,681,171,45,0.2511,0.3172
71,CHEVROLET,VOLT,1162,290,375,0.2496,0.5723
72,RAM,1500,8402,2094,1126,0.2492,0.3832
73,NISSAN,PATHFINDER,1164,288,190,0.2474,0.4107
74,HYUNDAI,SANTA CRUZ,308,76,125,0.2468,0.6526
75,VOLKSWAGEN,JETTA,1352,326,249,0.2411,0.4253
76,FORD,BRONCO SPORT,1309,307,280,0.2345,0.4484
77,VOLKSWAGEN,GOLF,527,123,67,0.2334,0.3605
78,DODGE,JOURNEY,1526,352,221,0.2307,0.3755
79,JEEP,CHEROKEE,7292,1646,3611,0.2257,0.7209
80,HONDA,ODYSSEY,3599,812,448,0.2256,0.3501
81,FORD,FIESTA,640,143,258,0.2234,0.6266
82,NISSAN,ROGUE,4382,940,678,0.2145,0.3692
83,HONDA,RIDGELINE,1362,292,130,0.2144,0.3098
84,INFINITI,Q50,314,67,59,0.2134,0.4013
85,AUDI,Q7,710,150,35,0.2113,0.2606
86,HONDA,CR-V,8059,1692,495,0.21,0.2714
87,HONDA,ACCORD,5339,1104,325,0.2068,0.2677
88,JEEP,GRAND CHEROKEE,4801,979,840,0.2039,0.3789
89,INFINITI,QX60,369,75,73,0.2033,0.4011
90,HONDA,ACCORD HYBRID,668,134,46,0.2006,0.2695
91,MITSUBISHI,OUTLANDER SPORT,345,69,156,0.2,0.6522
92,CHEVROLET,TRAILBLAZER,411,81,94,0.1971,0.4258
93,FORD,EXPEDITION,2473,487,855,0.1969,0.5427
94,VOLKSWAGEN,ATLAS CROSS SPORT,460,90,20,0.1957,0.2391
95,JEEP,WRANGLER,6722,1309,889,0.1947,0.327
96,FORD,MUSTANG,1728,335,212,0.1939,0.3166
97,FORD,F-150,11642,2208,4203,0.1897,0.5507
98,NISSAN,KICKS,486,92,61,0.1893,0.3148
99,VOLKSWAGEN,ATLAS,1920,363,105,0.1891,0.2437
100,HYUNDAI,TUCSON HYBRID,315,59,37,0.1873,0.3048
101,HYUNDAI,GENESIS,388,72,32,0.1856,0.268
102,TOYOTA,RAV4,3591,665,249,0.1852,0.2545
103,VOLKSWAGEN,PASSAT,560,102,29,0.1821,0.2339
104,HONDA,PASSPORT,640,116,70,0.1812,0.2906
105,HONDA,CR-V HYBRID,469,83,34,0.177,0.2495
106,FORD,BRONCO,924,157,78,0.1699,0.2543
107,KIA,K5,466,79,57,0.1695,0.2918
108,TOYOTA,COROLLA,1686,276,218,0.1637,0.293
109,KIA,TELLURIDE,1919,309,165,0.161,0.247
110,MAZDA,CX-90,353,56,31,0.1586,0.2465
111,CHEVROLET,CAMARO,740,115,177,0.1554,0.3946
112,CHEVROLET,TRAVERSE,2607,402,580,0.1542,0.3767
113,TOYOTA,CAMRY,2308,349,420,0.1512,0.3332
114,NISSAN,ARMADA,326,49,34,0.1503,0.2546
115,FORD,TRANSIT,762,114,234,0.1496,0.4567
116,FORD,EXPLORER,8972,1318,1173,0.1469,0.2776
117,HONDA,FIT,729,107,55,0.1468,0.2222
118,DODGE,CHALLENGER,474,69,72,0.1456,0.2975
119,CHRYSLER,TOWN AND COUNTRY,904,131,299,0.1449,0.4757
120,LINCOLN,NAVIGATOR,312,45,73,0.1442,0.3782
121,MERCEDES-BENZ,SPRINTER 2500,326,46,52,0.1411,0.3006
122,LEXUS,RX,426,60,32,0.1408,0.216
123,LAND ROVER,RANGE ROVER,320,45,35,0.1406,0.25
124,BMW,X1,571,80,109,0.1401,0.331
125,CHEVROLET,SILVERADO 3500,336,47,69,0.1399,0.3452
126,GMC,SIERRA 2500,572,79,105,0.1381,0.3217
127,VOLVO,XC60,413,57,15,0.138,0.1743
128,NISSAN,SENTRA,1748,240,507,0.1373,0.4273
129,JEEP,GLADIATOR,976,130,153,0.1332,0.29
130,FORD,TAURUS,451,60,29,0.133,0.1973
131,FORD,RANGER,662,88,252,0.1329,0.5136
132,DODGE,CHARGER,816,108,102,0.1324,0.2574
133,HYUNDAI,PALISADE,2253,298,134,0.1323,0.1917
134,ACURA,RDX,1576,202,120,0.1282,0.2043
135,SUBARU,FORESTER,4020,513,306,0.1276,0.2037
136,TOYOTA,TACOMA,1577,199,397,0.1262,0.3779
137,CHEVROLET,SILVERADO 2500,962,119,198,0.1237,0.3295
138,MITSUBISHI,OUTLANDER,655,81,117,0.1237,0.3023
139,KIA,CARNIVAL,372,46,15,0.1237,0.164
140,NISSAN,ALTIMA,2672,323,591,0.1209,0.3421
141,DODGE,GRAND CARAVAN,2213,262,412,0.1184,0.3046
142,DODGE,DURANGO,1586,187,151,0.1179,0.2131
143,SUBARU,CROSSTREK,1116,129,103,0.1156,0.2079
144,GMC,ACADIA,2396,274,652,0.1144,0.3865
145,CHEVROLET,IMPALA,629,71,62,0.1129,0.2114
146,CHEVROLET,COLORADO,2197,243,456,0.1106,0.3182
147,NISSAN,MAXIMA,330,36,50,0.1091,0.2606
148,NISSAN,FRONTIER,407,44,82,0.1081,0.3096
149,FORD,F-150 HYBRID,593,64,240,0.1079,0.5126
150,BUICK,ENCLAVE,752,81,63,0.1077,0.1915
151,FORD,MAVERICK,316,34,78,0.1076,0.3544
152,TOYOTA,HIGHLANDER,2542,272,718,0.107,0.3895
153,TOYOTA,C-HR,509,54,322,0.1061,0.7387
154,SUBARU,ASCENT,1018,105,182,0.1031,0.2819
155,MAZDA,MAZDA3,633,65,43,0.1027,0.1706
156,RAM,3500,1958,200,268,0.1021,0.239
157,TOYOTA,PRIUS,572,54,42,0.0944,0.1678
158,FORD,TRANSIT CONNECT,316,29,68,0.0918,0.307
159,GMC,CANYON,1021,90,147,0.0881,0.2321
160,HYUNDAI,IONIQ 5,1295,112,248,0.0865,0.278
161,TOYOTA,SIENNA,606,49,84,0.0809,0.2195
162,NISSAN,MURANO,667,52,94,0.078,0.2189
163,FORD,F-350 SD,2139,163,162,0.0762,0.1519
164,SUBARU,IMPREZA,769,57,45,0.0741,0.1326
165,SUBARU,LEGACY,878,65,43,0.074,0.123
166,RAM,2500,4488,329,360,0.0733,0.1535
167,KIA,EV6,534,38,96,0.0712,0.2509
168,HONDA,CIVIC,4853,326,327,0.0672,0.1346
169,TOYOTA,4RUNNER,518,33,25,0.0637,0.112
170,FISKER,OCEAN,883,56,90,0.0634,0.1653
171,FORD,MUSTANG MACH E,643,39,109,0.0607,0.2302
172,HONDA,HR-V,1797,108,173,0.0601,0.1564
173,CHRYSLER,300,507,29,66,0.0572,0.1874
174,SUBARU,OUTBACK,5817,329,247,0.0566,0.099
175,FORD,F-250 SD,3932,220,248,0.056,0.119
176,FORD,FLEX,537,29,25,0.054,0.1006
177,NISSAN,LEAF,816,41,51,0.0502,0.1127
178,VOLKSWAGEN,ID.4,987,48,64,0.0486,0.1135
179,CHEVROLET,BOLT EV,962,45,85,0.0468,0.1351
180,CHEVROLET,CORVETTE,741,32,71,0.0432,0.139
181,TOYOTA,SIENNA HYBRID,451,10,10,0.0222,0.0443
182,HONDA,PROLOGUE,957,21,175,0.0219,0.2048
183,CADILLAC,SRX,611,12,23,0.0196,0.0573
184,TESLA,MODEL Y,3715,55,86,0.0148,0.038
185,TESLA,MODEL X,1523,22,54,0.0144,0.0499
186,TESLA,MODEL S,2493,30,79,0.012,0.0437
187,TESLA,MODEL 3,4238,44,90,0.0104,0.0316
188,POLESTAR,POLESTAR 2,589,3,9,0.0051,0.0204
