make,model,model_year,complaints,fire_flagged,crash_flagged,injured_floor,deaths_floor,fire_share_pct,crash_share_pct
TOYOTA,RAV4,2015,389,61,58,46,1,15.68,14.91
HYUNDAI,KONA,2018,114,17,12,20,0,14.91,10.53
JEEP,GLADIATOR,2022,168,25,5,15,0,14.88,2.98
KIA,RIO,2016,108,15,9,9,0,13.89,8.33
VOLVO,XC90,2017,117,14,5,12,0,11.97,4.27
TOYOTA,RAV4,2018,428,47,53,29,0,10.98,12.38
KIA,SPORTAGE,2015,195,21,9,9,0,10.77,4.62
LINCOLN,MKC,2016,105,11,1,1,0,10.48,0.95
TOYOTA,RAV4,2017,399,40,53,47,4,10.03,13.28
RAM,2500,2021,152,15,7,3,0,9.87,4.61
KIA,SORENTO,2020,184,18,15,28,1,9.78,8.15
BMW,X3,2015,156,15,12,5,0,9.62,7.69
KIA,SOUL,2015,1200,112,54,59,2,9.33,4.5
BMW,328I,2015,197,18,9,4,0,9.14,4.57
KIA,SPORTAGE,2020,203,18,16,11,0,8.87,7.88
CHRYSLER,PACIFICA PLUG-IN HYBRID,2017,124,11,2,7,0,8.87,1.61
BMW,X5,2020,145,12,6,7,0,8.28,4.14
HYUNDAI,SANTA FE SPORT,2015,109,9,3,0,0,8.26,2.75
KIA,OPTIMA,2015,1385,113,56,42,1,8.16,4.04
KIA,SPORTAGE,2017,552,45,24,34,0,8.15,4.35
KIA,SEDONA,2015,174,14,3,2,0,8.05,1.72
KIA,SPORTAGE,2019,100,8,5,8,0,8.0,5.0
BMW,528I,2016,103,8,2,4,0,7.77,1.94
JEEP,WRANGLER,2015,660,51,22,16,0,7.73,3.33
BMW,X3,2022,104,8,2,6,0,7.69,1.92
BMW,X3,2020,135,10,4,0,0,7.41,2.96
SUBARU,FORESTER,2022,137,10,11,7,0,7.3,8.03
JEEP,WRANGLER,2017,411,29,26,32,0,7.06,6.33
KIA,SOUL,2018,284,20,19,15,1,7.04,6.69
SUBARU,FORESTER,2023,103,7,11,6,0,6.8,10.68
BMW,528I,2015,104,7,0,2,0,6.73,0.0
KIA,FORTE,2015,320,21,21,17,3,6.56,6.56
GMC,SIERRA 2500,2020,107,7,1,1,0,6.54,0.93
KIA,FORTE,2016,199,13,20,13,0,6.53,10.05
KIA,SEDONA,2016,368,24,20,16,6,6.52,5.43
TOYOTA,RAV4,2016,292,19,43,34,0,6.51,14.73
RAM,3500,2020,154,10,8,8,0,6.49,5.19
CHEVROLET,BOLT EV,2019,235,15,2,5,0,6.38,0.85
KIA,NIRO,2017,110,7,4,4,0,6.36,3.64
KIA,SOUL,2019,193,12,20,20,0,6.22,10.36
BMW,428I,2015,115,7,11,9,0,6.09,9.57
RAM,2500,2019,263,16,14,7,0,6.08,5.32
KIA,SORENTO,2018,333,20,19,16,3,6.01,5.71
KIA,SPORTAGE,2018,220,13,11,7,0,5.91,5.0
RAM,3500,2015,204,12,3,4,0,5.88,1.47
NISSAN,MURANO,2018,170,10,5,3,0,5.88,2.94
HYUNDAI,ACCENT,2016,156,9,14,14,0,5.77,8.97
FORD,MUSTANG,2020,176,10,26,12,0,5.68,14.77
CHEVROLET,CAMARO,2018,110,6,6,6,0,5.45,5.45
KIA,SORENTO,2019,536,29,20,25,0,5.41,3.73
KIA,SOUL,2017,353,19,20,21,0,5.38,5.67
HYUNDAI,GENESIS,2016,131,7,5,5,0,5.34,3.82
KIA,SOUL,2016,1122,59,34,38,0,5.26,3.03
HYUNDAI,SANTA FE,2019,268,14,20,11,0,5.22,7.46
HYUNDAI,SANTA FE,2015,329,17,13,12,0,5.17,3.95
CHRYSLER,PACIFICA PLUG-IN HYBRID,2018,369,19,7,4,0,5.15,1.9
KIA,OPTIMA,2018,331,17,14,13,0,5.14,4.23
HYUNDAI,SANTA FE,2018,141,7,10,12,0,4.96,7.09
HYUNDAI,SONATA,2015,1627,80,60,58,4,4.92,3.69
HYUNDAI,SONATA HYBRID,2017,123,6,3,0,0,4.88,2.44
VOLVO,XC90,2016,308,15,10,12,0,4.87,3.25
HYUNDAI,VELOSTER,2015,185,9,0,4,0,4.86,0.0
TOYOTA,PRIUS,2017,125,6,20,13,0,4.8,16.0
FORD,F-350,2021,126,6,2,5,0,4.76,1.59
KIA,SORENTO,2016,1601,76,41,31,0,4.75,2.56
BMW,X5,2021,149,7,21,15,0,4.7,14.09
FORD,RANGER,2021,149,7,13,8,0,4.7,8.72
LINCOLN,MKZ,2017,175,8,13,4,0,4.57,7.43
RAM,1500,2015,1934,88,112,74,3,4.55,5.79
RAM,3500,2019,176,8,13,8,0,4.55,7.39
KIA,SPORTAGE,2016,177,8,13,15,0,4.52,7.34
MERCEDES-BENZ,GLK350,2015,133,6,10,8,3,4.51,7.52
TOYOTA,HIGHLANDER,2015,245,11,19,17,0,4.49,7.76
RAM,3500,2016,178,8,17,8,0,4.49,9.55
NISSAN,TITAN,2017,252,11,9,8,0,4.37,3.57
FORD,EXPEDITION,2015,229,10,12,6,0,4.37,5.24
HYUNDAI,SONATA,2016,973,42,37,35,3,4.32,3.8
FORD,BRONCO SPORT,2023,211,9,11,14,0,4.27,5.21
FORD,F-350 SD,2017,117,5,3,0,0,4.27,2.56
KIA,SORENTO,2017,1015,43,17,23,0,4.24,1.67
CHEVROLET,MALIBU,2015,380,16,31,19,2,4.21,8.16
BMW,X3,2016,120,5,11,2,0,4.17,9.17
PORSCHE,TAYCAN,2022,120,5,2,2,0,4.17,1.67
FORD,BRONCO SPORT,2022,483,20,21,28,0,4.14,4.35
GMC,SIERRA 1500,2016,436,18,14,16,0,4.13,3.21
BMW,X5,2015,195,8,12,14,1,4.1,6.15
CADILLAC,ESCALADE,2016,122,5,3,4,0,4.1,2.46
KIA,OPTIMA,2017,350,14,7,11,0,4.0,2.0
FORD,EXPEDITION,2016,275,11,12,9,0,4.0,4.36
TOYOTA,SIENNA,2017,200,8,23,15,0,4.0,11.5
CHEVROLET,IMPALA,2016,177,7,15,19,0,3.95,8.47
CHEVROLET,IMPALA,2015,432,17,13,10,0,3.94,3.01
HYUNDAI,TUCSON,2019,510,20,19,12,0,3.92,3.73
CHEVROLET,SILVERADO 2500,2015,204,8,10,4,0,3.92,4.9
VOLKSWAGEN,GOLF,2015,179,7,15,25,0,3.91,8.38
KIA,K5,2022,205,8,27,35,6,3.9,13.17
HYUNDAI,SONATA,2019,206,8,11,7,0,3.88,5.34
FORD,F-250 SD,2022,155,6,4,6,0,3.87,2.58
CHEVROLET,SILVERADO 2500,2020,130,5,3,6,0,3.85,2.31
JEEP,WRANGLER,2016,631,24,37,50,0,3.8,5.86
RAM,2500,2022,265,10,15,6,0,3.77,5.66
BMW,X3,2017,134,5,18,5,0,3.73,13.43
BUICK,ENCORE,2017,134,5,21,34,0,3.73,15.67
DODGE,CHARGER,2019,162,6,9,13,0,3.7,5.56
CHEVROLET,COLORADO,2019,193,7,7,15,1,3.63,3.63
JEEP,CHEROKEE,2021,194,7,16,10,0,3.61,8.25
NISSAN,MAXIMA,2016,224,8,16,13,0,3.57,7.14
DODGE,CHALLENGER,2018,113,4,16,10,0,3.54,14.16
HYUNDAI,SONATA,2018,540,19,26,28,1,3.52,4.81
SUBARU,FORESTER,2021,284,10,28,18,0,3.52,9.86
CADILLAC,ESCALADE,2015,142,5,7,13,0,3.52,4.93
KIA,OPTIMA,2016,1057,37,45,36,2,3.5,4.26
HYUNDAI,KONA,2021,144,5,2,3,0,3.47,1.39
TOYOTA,CAMRY,2017,203,7,40,44,0,3.45,19.7
HONDA,RIDGELINE,2022,146,5,3,2,0,3.42,2.05
HYUNDAI,ELANTRA,2020,324,11,29,22,2,3.4,8.95
RAM,3500,2022,238,8,7,10,0,3.36,2.94
FORD,FLEX,2015,119,4,0,1,0,3.36,0.0
CHEVROLET,EQUINOX,2022,209,7,21,12,0,3.35,10.05
FORD,ECOSPORT,2020,510,17,7,8,0,3.33,1.37
HYUNDAI,SANTA FE,2020,270,9,18,21,0,3.33,6.67
CHEVROLET,SILVERADO 2500,2022,120,4,5,0,0,3.33,4.17
HYUNDAI,SANTA FE,2017,1236,41,20,26,0,3.32,1.62
FORD,ESCAPE,2023,151,5,4,3,0,3.31,2.65
HYUNDAI,TUCSON,2015,303,10,14,16,0,3.3,4.62
NISSAN,MAXIMA,2017,153,5,11,9,0,3.27,7.19
KIA,FORTE,2017,430,14,38,36,6,3.26,8.84
VOLKSWAGEN,JETTA,2016,246,8,32,25,0,3.25,13.01
TOYOTA,TACOMA,2017,309,10,20,13,0,3.24,6.47
DODGE,CHALLENGER,2015,185,6,23,17,0,3.24,12.43
FORD,BRONCO SPORT,2021,996,32,30,19,0,3.21,3.01
HYUNDAI,ELANTRA,2015,345,11,45,36,0,3.19,13.04
FORD,ESCAPE,2021,442,14,17,8,0,3.17,3.85
TOYOTA,RAV4,2021,506,16,70,69,0,3.16,13.83
TESLA,MODEL S,2018,286,9,65,43,0,3.15,22.73
CHEVROLET,CAMARO,2016,192,6,3,1,0,3.12,1.56
NISSAN,ALTIMA,2020,257,8,28,17,1,3.11,10.89
TOYOTA,COROLLA,2018,193,6,33,23,1,3.11,17.1
SUBARU,IMPREZA,2017,161,5,15,10,0,3.11,9.32
HONDA,RIDGELINE,2023,162,5,1,0,0,3.09,0.62
CHEVROLET,CRUZE,2018,163,5,27,12,1,3.07,16.56
FORD,MUSTANG,2017,328,10,18,13,0,3.05,5.49
CHEVROLET,CRUZE,2017,295,9,11,8,0,3.05,3.73
SUBARU,CROSSTREK,2016,164,5,6,1,0,3.05,3.66
SUBARU,CROSSTREK,2017,131,4,11,12,0,3.05,8.4
JEEP,GRAND CHEROKEE,2016,430,13,45,24,0,3.02,10.47
NISSAN,ROGUE,2020,232,7,18,6,0,3.02,7.76
SUBARU,IMPREZA,2020,100,3,3,2,0,3.0,3.0
TOYOTA,TUNDRA,2019,102,3,5,8,0,2.94,4.9
ACURA,MDX,2018,275,8,6,3,0,2.91,2.18
RAM,1500,2016,2037,59,124,100,7,2.9,6.09
JEEP,WRANGLER,2021,1485,43,39,15,0,2.9,2.63
AUDI,Q5,2016,104,3,15,9,0,2.88,14.42
KIA,OPTIMA,2019,315,9,29,20,0,2.86,9.21
JEEP,GRAND WAGONEER,2022,105,3,3,18,0,2.86,2.86
RAM,2500,2015,281,8,17,13,0,2.85,6.05
CHEVROLET,CRUZE,2016,387,11,28,19,0,2.84,7.24
BMW,X3,2021,141,4,5,1,0,2.84,3.55
VOLKSWAGEN,TIGUAN,2015,106,3,1,4,0,2.83,0.94
HYUNDAI,TUCSON,2021,106,3,3,8,0,2.83,2.83
RAM,PROMASTER,2021,142,4,2,0,0,2.82,1.41
HYUNDAI,SANTA CRUZ,2023,107,3,3,1,0,2.8,2.8
GMC,TERRAIN,2017,179,5,20,11,0,2.79,11.17
TOYOTA,SIENNA,2015,288,8,21,28,0,2.78,7.29
CHEVROLET,TRAX,2017,180,5,13,6,0,2.78,7.22
AUDI,E-TRON,2019,108,3,7,1,0,2.78,6.48
HYUNDAI,ELANTRA,2018,397,11,16,8,1,2.77,4.03
JEEP,WRANGLER,2022,621,17,30,14,0,2.74,4.83
HYUNDAI,SANTA FE SPORT,2018,405,11,8,10,0,2.72,1.98
FORD,EXPLORER,2023,147,4,12,12,0,2.72,8.16
HONDA,ODYSSEY,2023,148,4,4,14,0,2.7,2.7
NISSAN,SENTRA,2017,335,9,42,31,0,2.69,12.54
HYUNDAI,TUCSON,2018,529,14,22,15,0,2.65,4.16
CHEVROLET,TRAX,2020,151,4,9,6,0,2.65,5.96
BUICK,ENVISION,2017,113,3,2,5,0,2.65,1.77
HYUNDAI,TUCSON,2017,1403,37,21,24,2,2.64,1.5
HYUNDAI,SANTA FE SPORT,2017,454,12,7,9,0,2.64,1.54
HONDA,CR-V HYBRID,2022,114,3,17,4,0,2.63,14.91
MAZDA,CX-5,2016,613,16,52,27,0,2.61,8.48
FORD,EXPEDITION,2020,498,13,7,33,0,2.61,1.41
NISSAN,LEAF,2018,115,3,19,4,0,2.61,16.52
CHEVROLET,SILVERADO,2017,154,4,15,4,0,2.6,9.74
CHRYSLER,200,2016,581,15,32,26,0,2.58,5.51
NISSAN,MURANO,2017,155,4,14,20,0,2.58,9.03
FORD,F-350,2016,313,8,8,13,0,2.56,2.56
DODGE,CHARGER,2017,195,5,8,6,0,2.56,4.1
SUBARU,CROSSTREK,2021,156,4,14,12,0,2.56,8.97
CHEVROLET,EQUINOX,2020,473,12,35,19,1,2.54,7.4
DODGE,DART,2016,354,9,21,14,0,2.54,5.93
DODGE,JOURNEY,2017,315,8,16,16,0,2.54,5.08
KIA,OPTIMA,2020,200,5,9,8,0,2.5,4.5
TESLA,MODEL X,2022,200,5,21,3,0,2.5,10.5
NISSAN,ALTIMA,2021,120,3,17,11,0,2.5,14.17
HYUNDAI,KONA,2019,241,6,18,14,0,2.49,7.47
CHEVROLET,BOLT EV,2020,242,6,12,0,0,2.48,4.96
FORD,TRANSIT,2016,202,5,10,13,3,2.48,4.95
NISSAN,PATHFINDER,2019,121,3,6,4,0,2.48,4.96
SUBARU,OUTBACK,2023,121,3,16,5,0,2.48,13.22
FORD,ESCAPE,2015,1295,32,40,45,0,2.47,3.09
FORD,EXPEDITION,2021,283,7,7,8,0,2.47,2.47
DODGE,DURANGO,2019,203,5,4,8,0,2.46,1.97
MERCEDES-BENZ,GLC 300,2018,122,3,8,4,0,2.46,6.56
FORD,F-350,2015,286,7,5,1,0,2.45,1.75
SUBARU,FORESTER,2019,1066,26,63,30,1,2.44,5.91
FORD,MUSTANG,2015,578,14,41,34,0,2.42,7.09
SUBARU,ASCENT,2019,541,13,17,11,0,2.4,3.14
FORD,F-150 HYBRID,2022,292,7,9,11,0,2.4,3.08
ALFA ROMEO,STELVIO,2018,208,5,3,3,0,2.4,1.44
JEEP,COMPASS,2015,167,4,7,11,0,2.4,4.19
TESLA,MODEL X,2019,168,4,27,11,0,2.38,16.07
FORD,FUSION,2020,253,6,13,7,0,2.37,5.14
KIA,SORENTO,2015,934,22,30,35,0,2.36,3.21
JEEP,GRAND CHEROKEE,2020,340,8,43,15,0,2.35,12.65
TESLA,MODEL S,2016,984,23,153,113,12,2.34,15.55
HONDA,RIDGELINE,2017,428,10,3,2,0,2.34,0.7
CHEVROLET,SONIC,2015,171,4,18,19,1,2.34,10.53
MERCEDES-BENZ,GLE 350,2020,128,3,7,6,0,2.34,5.47
ALFA ROMEO,GIULIA,2018,129,3,12,10,0,2.33,9.3
JEEP,WRANGLER,2020,776,18,25,10,0,2.32,3.22
HYUNDAI,SANTA FE,2023,302,7,24,23,0,2.32,7.95
NISSAN,VERSA NOTE,2015,131,3,17,4,0,2.29,12.98
NISSAN,MURANO,2015,263,6,13,8,0,2.28,4.94
TOYOTA,REDUNDANT SIENNA,2021,219,5,19,13,0,2.28,8.68
TOYOTA,RAV4 PRIME,2021,134,3,29,12,0,2.24,21.64
CHEVROLET,EQUINOX,2019,406,9,31,8,0,2.22,7.64
MERCEDES-BENZ,GLC300,2017,135,3,6,3,0,2.22,4.44
INFINITI,Q50,2015,181,4,22,14,0,2.21,12.15
FORD,EDGE,2021,136,3,4,1,0,2.21,2.94
SUBARU,LEGACY,2015,227,5,32,22,0,2.2,14.1
MERCEDES-BENZ,E300,2017,182,4,2,10,0,2.2,1.1
HYUNDAI,SONATA HYBRID,2016,183,4,5,1,0,2.19,2.73
HONDA,PILOT,2015,137,3,10,12,0,2.19,7.3
RAM,2500,2020,229,5,9,7,0,2.18,3.93
MERCEDES-BENZ,C300,2016,368,8,14,13,0,2.17,3.8
PORSCHE,TAYCAN,2020,139,3,2,0,0,2.16,1.44
FORD,F-250,2018,609,13,10,5,0,2.13,1.64
FORD,F-250,2015,423,9,7,7,0,2.13,1.65
KIA,FORTE,2018,188,4,20,13,0,2.13,10.64
FIAT,500,2015,141,3,8,4,0,2.13,5.67
KIA,SORENTO,2023,189,4,4,6,0,2.12,2.12
HONDA,ACCORD,2017,757,16,60,40,5,2.11,7.93
CHEVROLET,TRAX,2019,190,4,12,10,0,2.11,6.32
JEEP,WRANGLER,2023,572,12,16,9,0,2.1,2.8
CHEVROLET,CRUZE,2015,382,8,30,17,0,2.09,7.85
HONDA,CIVIC,2021,192,4,9,2,0,2.08,4.69
CHEVROLET,COLORADO,2018,242,5,3,7,0,2.07,1.24
HONDA,ACCORD,2023,145,3,12,7,0,2.07,8.28
FORD,ESCAPE HYBRID,2021,146,3,2,2,0,2.05,1.37
JEEP,GRAND CHEROKEE,2015,1723,35,174,108,0,2.03,10.1
GMC,CANYON,2015,395,8,15,12,0,2.03,3.8
VOLKSWAGEN,JETTA,2017,246,5,27,11,1,2.03,10.98
FORD,FUSION ENERGI,2019,148,3,0,1,0,2.03,0.0
NISSAN,ALTIMA,2019,349,7,40,17,0,2.01,11.46
MAZDA,MAZDA3,2015,149,3,11,11,0,2.01,7.38
DODGE,DURANGO,2021,250,5,18,7,0,2.0,7.2
FORD,TAURUS,2016,100,2,10,7,0,2.0,10.0
BMW,X3,2018,100,2,7,4,0,2.0,7.0
FORD,F-350,2018,302,6,2,10,0,1.99,0.66
ACURA,MDX,2022,201,4,11,7,0,1.99,5.47
CHEVROLET,TRAX,2018,151,3,3,4,0,1.99,1.99
FORD,ESCAPE,2022,303,6,10,11,0,1.98,3.3
FORD,F-150,2018,2744,54,105,84,4,1.97,3.83
CHEVROLET,SILVERADO 1500,2023,507,10,19,4,0,1.97,3.75
FORD,BRONCO,2023,254,5,8,1,0,1.97,3.15
FIAT,500X,2016,255,5,3,4,0,1.96,1.18
TOYOTA,4RUNNER,2016,102,2,10,12,0,1.96,9.8
CADILLAC,ESCALADE,2022,102,2,8,7,0,1.96,7.84
CHEVROLET,EQUINOX,2017,360,7,29,30,0,1.94,8.06
LINCOLN,MKX,2016,206,4,13,8,0,1.94,6.31
ACURA,RDX,2017,103,2,9,7,2,1.94,8.74
JEEP,GLADIATOR,2020,623,12,16,11,0,1.93,2.57
CHEVROLET,SILVERADO 2500,2016,156,3,7,4,0,1.92,4.49
CHEVROLET,SILVERADO,2015,104,2,9,11,0,1.92,8.65
FORD,FIESTA,2017,104,2,12,21,3,1.92,11.54
CHEVROLET,SILVERADO 1500,2017,944,18,50,28,0,1.91,5.3
HONDA,ODYSSEY,2015,262,5,10,10,0,1.91,3.82
JEEP,GRAND CHEROKEE 4XE,2023,157,3,1,6,0,1.91,0.64
FORD,EXPEDITION,2017,476,9,33,50,0,1.89,6.93
SUBARU,LEGACY,2018,160,3,14,1,0,1.88,8.75
KIA,SOUL,2020,481,9,12,7,16,1.87,2.49
CHEVROLET,TRAILBLAZER,2021,268,5,17,11,0,1.87,6.34
VOLKSWAGEN,ATLAS,2022,267,5,8,2,0,1.87,3.0
KIA,FORTE,2019,214,4,22,11,0,1.87,10.28
DODGE,CHALLENGER,2016,107,2,15,14,0,1.87,14.02
ACURA,TLX,2017,107,2,6,3,0,1.87,5.61
HONDA,HR-V,2020,107,2,9,2,0,1.87,8.41
JAGUAR,I-PACE,2019,215,4,6,0,0,1.86,2.79
HYUNDAI,TUCSON,2016,2105,39,23,12,0,1.85,1.09
JEEP,RENEGADE,2016,651,12,17,35,0,1.84,2.61
VOLKSWAGEN,ATLAS CROSS SPORT,2022,110,2,1,0,0,1.82,0.91
JEEP,GRAND CHEROKEE L,2023,110,2,4,0,0,1.82,3.64
JEEP,CHEROKEE,2015,2596,47,80,49,0,1.81,3.08
JEEP,WRANGLER,2018,2538,46,35,24,0,1.81,1.38
AUDI,A3,2016,111,2,5,3,0,1.8,4.5
HONDA,ACCORD HYBRID,2018,168,3,6,2,0,1.79,3.57
CHRYSLER,PACIFICA,2018,1293,23,53,21,0,1.78,4.1
MERCEDES-BENZ,GLC300,2016,169,3,14,8,0,1.78,8.28
MERCEDES-BENZ,C300,2017,283,5,17,22,0,1.77,6.01
DODGE,JOURNEY,2015,857,15,50,70,0,1.75,5.83
HONDA,CIVIC,2017,747,13,32,22,0,1.74,4.28
JEEP,RENEGADE,2018,688,12,23,18,0,1.74,3.34
TOYOTA,TACOMA,2016,402,7,4,2,0,1.74,1.0
KIA,SEDONA,2017,176,3,4,12,0,1.7,2.27
GMC,SIERRA 1500,2021,708,12,7,2,0,1.69,0.99
CHEVROLET,TRAVERSE,2015,413,7,15,15,0,1.69,3.63
TOYOTA,CAMRY,2015,355,6,48,26,2,1.69,13.52
JEEP,GRAND CHEROKEE,2021,656,11,36,23,0,1.68,5.49
KIA,SELTOS,2021,476,8,20,12,0,1.68,4.2
HYUNDAI,VELOSTER,2016,298,5,25,17,0,1.68,8.39
FORD,MUSTANG,2016,480,8,23,22,6,1.67,4.79
JEEP,CHEROKEE,2020,359,6,11,9,0,1.67,3.06
HYUNDAI,SONATA,2017,971,16,46,18,1,1.65,4.74
GMC,SIERRA 1500,2015,908,15,30,13,0,1.65,3.3
NISSAN,SENTRA,2015,489,8,32,31,0,1.64,6.54
ACURA,MDX,2019,304,5,8,8,0,1.64,2.63
RAM,1500,2017,1166,19,109,108,1,1.63,9.35
NISSAN,TITAN,2018,123,2,5,1,0,1.63,4.07
JEEP,PATRIOT,2016,743,12,43,27,0,1.62,5.79
CHEVROLET,SUBURBAN,2017,185,3,8,9,0,1.62,4.32
JEEP,PATRIOT,2015,498,8,20,29,3,1.61,4.02
DODGE,GRAND CARAVAN,2019,312,5,9,21,0,1.6,2.88
HYUNDAI,KONA,2020,187,3,12,16,1,1.6,6.42
FORD,F-250,2016,440,7,9,7,0,1.59,2.05
JEEP,COMPASS,2021,126,2,9,0,0,1.59,7.14
BUICK,ENCORE,2015,190,3,11,12,0,1.58,5.79
NISSAN,FRONTIER,2022,190,3,19,7,0,1.58,10.0
FORD,F-150,2016,2478,39,73,74,0,1.57,2.95
HYUNDAI,ELANTRA,2019,318,5,19,8,1,1.57,5.97
CHEVROLET,SILVERADO 1500,2021,1024,16,31,18,0,1.56,3.03
FORD,F-150,2022,769,12,32,49,0,1.56,4.16
NISSAN,ALTIMA,2017,512,8,31,31,0,1.56,6.05
JEEP,WAGONEER,2022,385,6,19,8,0,1.56,4.94
LINCOLN,MKC,2019,128,2,3,0,0,1.56,2.34
CHEVROLET,SUBURBAN,2015,582,9,29,40,4,1.55,4.98
CHRYSLER,PACIFICA,2019,452,7,15,5,0,1.55,3.32
FORD,F-150 HYBRID,2021,322,5,6,8,1,1.55,1.86
CHEVROLET,BLAZER,2021,193,3,6,7,0,1.55,3.11
NISSAN,ARMADA,2017,129,2,3,5,0,1.55,2.33
KIA,TELLURIDE,2020,908,14,11,15,1,1.54,1.21
DODGE,DART,2015,781,12,54,29,0,1.54,6.91
JEEP,RENEGADE,2015,778,12,15,3,0,1.54,1.93
HYUNDAI,ELANTRA,2016,389,6,30,22,0,1.54,7.71
NISSAN,PATHFINDER,2022,196,3,7,3,0,1.53,3.57
CHEVROLET,SILVERADO 1500,2020,1005,15,20,18,0,1.49,1.99
AUDI,Q7,2017,404,6,9,14,0,1.49,2.23
MITSUBISHI,OUTLANDER,2016,202,3,19,13,0,1.49,9.41
HONDA,ODYSSEY,2021,202,3,3,4,0,1.49,1.49
SUBARU,OUTBACK,2022,546,8,18,12,0,1.47,3.3
MAZDA,MAZDA3,2016,136,2,12,6,0,1.47,8.82
KIA,TELLURIDE,2022,410,6,15,17,0,1.46,3.66
TOYOTA,TACOMA,2015,138,2,23,16,0,1.45,16.67
MAZDA,CX-9,2016,138,2,6,8,0,1.45,4.35
SUBARU,ASCENT,2021,138,2,4,4,0,1.45,2.9
JEEP,WRANGLER,2019,1050,15,16,12,0,1.43,1.52
SUBARU,LEGACY,2017,140,2,13,8,0,1.43,9.29
CHEVROLET,SILVERADO 1500,2015,1407,20,82,42,2,1.42,5.83
FORD,F-150,2023,562,8,29,23,0,1.42,5.16
GMC,CANYON,2016,353,5,13,4,0,1.42,3.68
SUBARU,CROSSTREK,2019,353,5,8,7,0,1.42,2.27
CHRYSLER,300,2015,141,2,17,12,0,1.42,12.06
TESLA,MODEL S,2015,993,14,114,41,6,1.41,11.48
CHEVROLET,TRAX,2015,142,2,19,6,1,1.41,13.38
HONDA,CR-V HYBRID,2023,142,2,1,1,0,1.41,0.7
NISSAN,SENTRA,2018,286,4,29,15,1,1.4,10.14
DODGE,DURANGO,2016,215,3,30,12,0,1.4,13.95
SUBARU,LEGACY,2020,143,2,1,1,0,1.4,0.7
FORD,F-150,2017,1730,24,51,51,0,1.39,2.95
HONDA,RIDGELINE,2019,288,4,16,16,0,1.39,5.56
SUBARU,FORESTER,2020,795,11,44,35,0,1.38,5.53
NISSAN,ROGUE,2015,724,10,44,51,0,1.38,6.08
GMC,TERRAIN,2020,289,4,9,10,0,1.38,3.11
HONDA,ACCORD,2015,801,11,54,46,0,1.37,6.74
VOLKSWAGEN,TIGUAN,2016,146,2,6,5,0,1.37,4.11
SUBARU,FORESTER,2015,883,12,87,51,0,1.36,9.85
TESLA,MODEL X,2018,294,4,57,22,0,1.36,19.39
RAM,1500,2018,887,12,34,43,0,1.35,3.83
RAM,2500,2016,370,5,19,16,1,1.35,5.14
KIA,SOUL,2021,297,4,24,12,0,1.35,8.08
CHEVROLET,SUBURBAN,2022,148,2,7,6,0,1.35,4.73
FORD,F-250,2017,1787,24,18,21,0,1.34,1.01
TOYOTA,TUNDRA,2023,595,8,12,6,0,1.34,2.02
HONDA,HR-V,2022,149,2,16,15,0,1.34,10.74
CHEVROLET,BOLT EV,2017,451,6,18,8,0,1.33,3.99
ACURA,MDX,2017,376,5,12,10,0,1.33,3.19
HYUNDAI,TUCSON,2020,225,3,6,6,0,1.33,2.67
TOYOTA,TUNDRA,2018,150,2,7,6,0,1.33,4.67
MERCEDES-BENZ,METRIS,2016,151,2,0,1,0,1.32,0.0
DODGE,JOURNEY,2016,610,8,34,23,0,1.31,5.57
FORD,EXPLORER,2021,541,7,21,21,0,1.29,3.88
FORD,BRONCO,2022,466,6,10,4,0,1.29,2.15
FORD,MUSTANG,2018,232,3,11,7,0,1.29,4.74
JEEP,GRAND CHEROKEE,2017,548,7,35,26,0,1.28,6.39
FORD,F-350,2020,237,3,9,3,0,1.27,3.8
CHEVROLET,TAHOE,2022,237,3,4,8,0,1.27,1.69
VOLKSWAGEN,ID.4,2022,237,3,30,16,0,1.27,12.66
JEEP,GRAND CHEROKEE,2018,1190,15,76,46,0,1.26,6.39
KIA,K5,2021,239,3,8,9,1,1.26,3.35
FORD,F-350,2019,725,9,16,12,0,1.24,2.21
VOLKSWAGEN,ID.4,2023,811,10,125,65,0,1.23,15.41
CHEVROLET,EQUINOX,2018,569,7,32,38,0,1.23,5.62
CHEVROLET,EQUINOX,2016,487,6,20,31,0,1.23,4.11
NISSAN,ROGUE,2021,407,5,33,17,0,1.23,8.11
CHEVROLET,SUBURBAN,2021,244,3,12,13,0,1.23,4.92
TESLA,MODEL Y,2022,1487,18,155,97,6,1.21,10.42
DODGE,DURANGO,2015,660,8,36,43,0,1.21,5.45
TOYOTA,RAV4,2023,248,3,36,26,0,1.21,14.52
CHEVROLET,VOLT,2017,1167,14,18,18,0,1.2,1.54
JEEP,RENEGADE,2017,914,11,40,25,0,1.2,4.38
TOYOTA,CAMRY,2016,250,3,63,64,0,1.2,25.2
JEEP,COMPASS,2020,249,3,5,3,0,1.2,2.01
TOYOTA,COROLLA,2021,249,3,31,22,0,1.2,12.45
CHRYSLER,PACIFICA,2022,336,4,12,22,1,1.19,3.57
CHEVROLET,CAMARO,2017,255,3,28,18,0,1.18,10.98
NISSAN,VERSA,2015,254,3,29,39,2,1.18,11.42
CHRYSLER,PACIFICA,2020,254,3,10,13,0,1.18,3.94
HYUNDAI,SONATA,2020,256,3,8,7,0,1.17,3.12
CHEVROLET,SILVERADO 1500,2016,1037,12,65,24,1,1.16,6.27
NISSAN,ROGUE,2017,865,10,89,82,0,1.16,10.29
JEEP,CHEROKEE,2019,2342,27,66,56,0,1.15,2.82
JEEP,CHEROKEE,2016,2008,23,54,35,0,1.15,2.69
GMC,SIERRA 1500,2022,696,8,12,4,0,1.15,1.72
MAZDA,CX-5,2019,350,4,11,9,0,1.14,3.14
JEEP,GRAND CHEROKEE,2019,530,6,25,15,0,1.13,4.72
TOYOTA,COROLLA,2017,266,3,65,60,0,1.13,24.44
FORD,F-150,2015,2139,24,70,98,3,1.12,3.27
HONDA,ACCORD,2016,802,9,49,45,0,1.12,6.11
HONDA,ODYSSEY,2022,179,2,8,25,0,1.12,4.47
FORD,ESCAPE,2016,1267,14,49,31,0,1.1,3.87
SUBARU,OUTBACK,2015,634,7,36,30,0,1.1,5.68
GMC,TERRAIN,2019,274,3,7,12,0,1.09,2.55
CHEVROLET,TRAX,2016,183,2,12,6,0,1.09,6.56
FORD,F-150 LIGHTNING BEV,2023,186,2,14,3,0,1.08,7.53
GMC,SIERRA 1500,2017,467,5,22,7,0,1.07,4.71
TOYOTA,COROLLA,2019,281,3,38,23,1,1.07,13.52
GMC,YUKON,2015,661,7,17,19,0,1.06,2.57
VOLKSWAGEN,PASSAT,2015,376,4,19,16,0,1.06,5.05
VOLKSWAGEN,JETTA,2015,282,3,11,15,0,1.06,3.9
TESLA,MODEL X,2016,665,7,117,63,1,1.05,17.59
JEEP,COMPASS,2017,381,4,15,3,0,1.05,3.94
HYUNDAI,SANTA FE,2016,287,3,8,10,0,1.05,2.79
FORD,BRONCO,2021,287,3,11,11,0,1.05,3.83
NISSAN,TITAN,2016,285,3,9,2,0,1.05,3.16
TESLA,MODEL 3,2019,957,10,99,36,10,1.04,10.34
GMC,SIERRA 1500,2019,865,9,19,17,0,1.04,2.2
AUDI,A6,2019,192,2,5,5,0,1.04,2.6
RAM,1500,2020,877,9,36,20,1,1.03,4.1
HYUNDAI,PALISADE,2020,681,7,23,24,0,1.03,3.38
HONDA,CIVIC,2020,292,3,23,18,0,1.03,7.88
TOYOTA,CAMRY,2021,194,2,31,19,1,1.03,15.98
DODGE,CHARGER,2015,196,2,13,4,0,1.02,6.63
NISSAN,SENTRA,2016,398,4,29,20,0,1.01,7.29
FORD,MAVERICK,2022,198,2,8,4,0,1.01,4.04
CHRYSLER,200,2015,3288,33,195,109,0,1.0,5.93
SUBARU,FORESTER,2016,600,6,77,37,0,1.0,12.83
GMC,YUKON XL,2015,401,4,9,10,0,1.0,2.24
TOYOTA,COROLLA,2015,299,3,104,79,0,1.0,34.78
SUBARU,OUTBACK,2020,1115,11,37,5,0,0.99,3.32
SUBARU,XV CROSSTREK,2015,101,1,8,3,0,0.99,7.92
BMW,X5,2022,101,1,17,4,0,0.99,16.83
FORD,EXPLORER,2020,1638,16,54,47,0,0.98,3.3
CHEVROLET,COLORADO,2015,615,6,24,14,0,0.98,3.9
TOYOTA,COROLLA,2016,305,3,103,90,0,0.98,33.77
CHRYSLER,300,2016,102,1,11,9,0,0.98,10.78
CHEVROLET,EQUINOX,2015,829,8,37,32,0,0.97,4.46
HYUNDAI,GENESIS,2015,413,4,14,15,0,0.97,3.39
GMC,ACADIA,2015,308,3,8,6,0,0.97,2.6
GMC,SIERRA 1500,2020,626,6,15,15,0,0.96,2.4
NISSAN,LEAF,2019,312,3,8,13,0,0.96,2.56
CHEVROLET,SILVERADO 1500,2018,740,7,16,13,2,0.95,2.16
CHEVROLET,SILVERADO 2500,2021,105,1,3,4,0,0.95,2.86
TOYOTA,CAMRY,2018,1069,10,81,74,0,0.94,7.58
NISSAN,ROGUE,2016,743,7,45,49,5,0.94,6.06
CADILLAC,SRX,2015,534,5,20,15,0,0.94,3.75
KIA,TELLURIDE,2021,426,4,13,15,0,0.94,3.05
CHEVROLET,TRAVERSE,2017,424,4,20,15,7,0.94,4.72
HYUNDAI,TUCSON,2023,212,2,27,6,0,0.94,12.74
NISSAN,ALTIMA,2015,1188,11,61,37,0,0.93,5.13
FORD,EXPLORER,2018,858,8,28,24,0,0.93,3.26
HONDA,CR-V,2016,541,5,61,62,0,0.92,11.28
NISSAN,VERSA,2016,109,1,16,19,1,0.92,14.68
HONDA,PILOT,2020,766,7,15,21,0,0.91,1.96
CHEVROLET,CORVETTE,2016,110,1,1,1,0,0.91,0.91
HYUNDAI,TUCSON,2022,554,5,44,61,0,0.9,7.94
FORD,RANGER,2019,335,3,20,9,0,0.9,5.97
LINCOLN,MKC,2017,224,2,12,2,0,0.89,5.36
FORD,EXPLORER,2022,341,3,25,34,0,0.88,7.33
FORD,FIESTA,2019,114,1,16,10,0,0.88,14.04
DODGE,GRAND CARAVAN,2015,346,3,11,23,0,0.87,3.18
BUICK,ENCORE,2016,115,1,8,18,0,0.87,6.96
TOYOTA,COROLLA,2023,115,1,16,4,0,0.87,13.91
FORD,F-250,2019,1860,16,25,20,0,0.86,1.34
FORD,EXPEDITION,2018,465,4,14,42,0,0.86,3.01
HONDA,ODYSSEY,2016,350,3,15,12,0,0.86,4.29
FORD,F-250,2020,347,3,4,5,0,0.86,1.15
CHEVROLET,MALIBU,2021,116,1,0,1,0,0.86,0.0
HONDA,PILOT,2017,1287,11,10,6,0,0.85,0.78
HYUNDAI,ELANTRA,2017,1054,9,57,35,0,0.85,5.41
CHEVROLET,BOLT EV,2018,118,1,2,2,0,0.85,1.69
TOYOTA,HIGHLANDER,2021,598,5,29,31,0,0.84,4.85
CHEVROLET,TAHOE,2021,596,5,18,18,0,0.84,3.02
FORD,EXPEDITION,2019,595,5,9,37,0,0.84,1.51
HONDA,CIVIC,2015,481,4,61,40,0,0.83,12.68
FORD,ESCAPE HYBRID,2020,362,3,3,8,0,0.83,0.83
AUDI,Q5,2015,121,1,3,4,0,0.83,2.48
JEEP,GRAND CHEROKEE L,2021,120,1,4,1,0,0.83,3.33
JEEP,CHEROKEE,2018,981,8,18,7,0,0.82,1.83
VOLKSWAGEN,GTI,2015,122,1,3,28,0,0.82,2.46
RAM,1500,2019,2091,17,110,98,1,0.81,5.26
CHEVROLET,SILVERADO 1500,2019,1509,12,46,25,0,0.8,3.05
SUBARU,OUTBACK,2016,751,6,38,18,0,0.8,5.06
NISSAN,PATHFINDER,2017,251,2,13,9,0,0.8,5.18
FORD,FIESTA,2016,253,2,18,18,3,0.79,7.11
BUICK,ENCORE,2019,127,1,16,14,3,0.79,12.6
ACURA,MDX,2016,514,4,17,11,0,0.78,3.31
HYUNDAI,PALISADE,2022,383,3,8,8,0,0.78,2.09
TESLA,MODEL X,2023,258,2,32,17,0,0.78,12.4
INFINITI,QX60,2015,129,1,6,1,0,0.78,4.65
FORD,TRANSIT,2017,128,1,5,9,0,0.78,3.91
HONDA,INSIGHT,2019,128,1,21,8,0,0.78,16.41
TESLA,MODEL 3,2021,1173,9,80,38,12,0.77,6.82
DODGE,CHARGER,2016,259,2,11,28,0,0.77,4.25
TESLA,MODEL Y,2021,1842,14,167,47,7,0.76,9.07
TOYOTA,RAV4,2020,794,6,30,30,0,0.76,3.78
MERCEDES-BENZ,SPRINTER 2500,2020,132,1,5,0,0,0.76,3.79
HYUNDAI,ELANTRA,2022,132,1,6,4,0,0.76,4.55
ACURA,TLX,2019,131,1,13,7,0,0.76,9.92
KIA,SOUL,2022,131,1,5,10,3,0.76,3.82
FORD,EXPLORER,2017,1995,15,54,64,0,0.75,2.71
VOLKSWAGEN,ATLAS CROSS SPORT,2021,268,2,12,9,0,0.75,4.48
FORD,TRANSIT,2015,267,2,10,38,0,0.75,3.75
GMC,YUKON XL,2016,266,2,13,3,0,0.75,4.89
MERCEDES-BENZ,GLA 250,2015,133,1,9,18,0,0.75,6.77
NISSAN,MURANO,2016,136,1,3,3,0,0.74,2.21
TOYOTA,HIGHLANDER,2016,135,1,21,17,0,0.74,15.56
FORD,FOCUS,2018,1096,8,24,16,0,0.73,2.19
GMC,SIERRA 1500,2023,547,4,9,2,0,0.73,1.65
FORD,EDGE,2020,412,3,21,25,0,0.73,5.1
JEEP,GLADIATOR,2021,410,3,15,16,0,0.73,3.66
GMC,SIERRA 1500,2018,409,3,16,8,0,0.73,3.91
DODGE,GRAND CARAVAN,2016,1255,9,20,14,0,0.72,1.59
FORD,F-150,2021,1243,9,19,10,0,0.72,1.53
GMC,YUKON XL,2021,279,2,2,5,0,0.72,0.72
TESLA,MODEL S,2021,277,2,30,5,2,0.72,10.83
KIA,SORENTO,2022,277,2,4,5,0,0.72,1.44
FORD,EXPLORER,2016,2956,21,57,84,0,0.71,1.93
CHEVROLET,TRAVERSE,2019,567,4,20,18,0,0.71,3.53
ACURA,RDX,2020,421,3,10,8,0,0.71,2.38
GMC,ACADIA,2016,280,2,10,16,0,0.71,3.57
RAM,2500,2017,1001,7,13,12,0,0.7,1.3
RAM,1500,2022,997,7,39,20,6,0.7,3.91
JEEP,COMPASS,2019,569,4,23,4,0,0.7,4.04
NISSAN,PATHFINDER,2015,430,3,19,11,0,0.7,4.42
VOLKSWAGEN,TIGUAN,2019,285,2,11,9,0,0.7,3.86
FORD,TRANSIT CONNECT,2016,143,1,1,4,0,0.7,0.7
SUBARU,LEGACY,2019,143,1,6,0,0,0.7,4.2
FORD,ESCAPE,2017,3177,22,50,67,0,0.69,1.57
FORD,F-350,2017,728,5,7,3,0,0.69,0.96
FORD,ECOSPORT,2019,578,4,12,10,3,0.69,2.08
VOLKSWAGEN,TIGUAN,2018,437,3,8,18,0,0.69,1.83
TOYOTA,TACOMA,2019,289,2,17,8,0,0.69,5.88
CHEVROLET,TRAVERSE,2020,289,2,19,12,0,0.69,6.57
TOYOTA,HIGHLANDER,2022,289,2,22,16,3,0.69,7.61
NISSAN,ROGUE SPORT,2019,148,1,4,1,0,0.68,2.7
FORD,RANGER,2020,148,1,10,9,0,0.68,6.76
FORD,F-150,2019,1638,11,30,46,0,0.67,1.83
TESLA,MODEL 3,2020,742,5,96,53,5,0.67,12.94
KIA,TELLURIDE,2023,300,2,11,4,0,0.67,3.67
ACURA,TLX,2018,150,1,4,3,0,0.67,2.67
FORD,FUSION,2017,1363,9,55,40,0,0.66,4.04
KIA,SPORTAGE,2023,305,2,44,25,0,0.66,14.43
DODGE,DURANGO,2017,304,2,15,14,0,0.66,4.93
CHEVROLET,CAMARO,2015,302,2,23,10,1,0.66,7.62
MAZDA,CX-5,2018,464,3,30,7,0,0.65,6.47
RAM,1500,2021,1094,7,40,41,0,0.64,3.66
VOLKSWAGEN,JETTA,2019,783,5,41,60,0,0.64,5.24
VOLKSWAGEN,ATLAS CROSS SPORT,2020,156,1,4,1,0,0.64,2.56
HONDA,CR-V,2015,950,6,58,33,0,0.63,6.11
GMC,TERRAIN,2018,318,2,22,17,0,0.63,6.92
SUBARU,OUTBACK,2018,968,6,48,23,0,0.62,4.96
CHEVROLET,SILVERADO 1500,2022,800,5,14,21,0,0.62,1.75
JEEP,GRAND CHEROKEE,2023,648,4,25,27,2,0.62,3.86
LINCOLN,MKC,2015,162,1,9,2,0,0.62,5.56
CHRYSLER,PACIFICA,2017,2299,14,71,61,0,0.61,3.09
HONDA,PILOT,2016,2288,14,40,43,0,0.61,1.75
CHEVROLET,MALIBU,2017,1156,7,25,23,0,0.61,2.16
TESLA,MODEL S,2017,658,4,92,42,0,0.61,13.98
HONDA,HR-V,2019,328,2,28,6,0,0.61,8.54
MAZDA,CX-9,2018,165,1,6,4,0,0.61,3.64
FORD,F-350 SD,2022,163,1,3,0,0,0.61,1.84
DODGE,CHARGER,2018,166,1,9,10,0,0.6,5.42
CHEVROLET,BOLT EUV,2023,166,1,22,11,0,0.6,13.25
FORD,F-150,2020,864,5,31,26,0,0.58,3.59
GMC,ACADIA,2019,521,3,8,4,0,0.58,1.54
NISSAN,ROGUE,2019,519,3,45,46,0,0.58,8.67
JEEP,COMPASS,2018,1583,9,46,28,0,0.57,2.91
HYUNDAI,PALISADE,2021,528,3,15,31,0,0.57,2.84
VOLKSWAGEN,PASSAT,2017,174,1,13,6,0,0.57,7.47
FORD,ESCAPE,2019,715,4,37,41,0,0.56,5.17
DODGE,GRAND CARAVAN,2017,539,3,12,8,0,0.56,2.23
NISSAN,SENTRA,2019,358,2,27,34,0,0.56,7.54
SUBARU,IMPREZA,2018,180,1,13,7,1,0.56,7.22
TOYOTA,HIGHLANDER,2017,361,2,34,38,0,0.55,9.42
FORD,MUSTANG,2019,183,1,8,3,0,0.55,4.37
FORD,FOCUS,2015,1305,7,42,43,0,0.54,3.22
TOYOTA,CAMRY,2020,368,2,20,29,0,0.54,5.43
BMW,X1,2016,186,1,3,4,0,0.54,1.61
HONDA,CIVIC,2016,1332,7,53,24,0,0.53,3.98
HONDA,CIVIC,2022,1126,6,65,41,0,0.53,5.77
INFINITI,QX50,2019,189,1,7,5,0,0.53,3.7
TOYOTA,COROLLA,2020,386,2,35,43,1,0.52,9.07
HONDA,RIDGELINE,2018,194,1,4,2,0,0.52,2.06
HONDA,FIT,2019,192,1,14,4,0,0.52,7.29
HONDA,ODYSSEY,2019,1557,8,24,28,0,0.51,1.54
CHEVROLET,MALIBU,2018,1187,6,35,26,0,0.51,2.95
NISSAN,ALTIMA,2016,777,4,43,53,1,0.51,5.53
HONDA,CLARITY PLUG-IN HYBRID,2018,198,1,17,9,0,0.51,8.59
NISSAN,ROGUE,2018,991,5,64,75,0,0.5,6.46
SUBARU,OUTBACK,2021,404,2,21,7,0,0.5,5.2
SUBARU,ASCENT,2020,400,2,14,11,0,0.5,3.5
FORD,FUSION,2016,2029,10,90,35,0,0.49,4.44
NISSAN,SENTRA,2021,204,1,23,15,0,0.49,11.27
FORD,MUSTANG MACH E,2023,203,1,18,5,0,0.49,8.87
TOYOTA,PRIUS,2015,209,1,53,30,3,0.48,25.36
CADILLAC,SRX,2016,207,1,18,17,3,0.48,8.7
HYUNDAI,ELANTRA,2021,207,1,11,3,1,0.48,5.31
HONDA,CIVIC,2018,856,4,41,27,1,0.47,4.79
HONDA,CR-V,2023,637,3,34,30,0,0.47,5.34
SUBARU,OUTBACK,2017,1090,5,56,45,0,0.46,5.14
FORD,EDGE,2016,1083,5,25,29,0,0.46,2.31
CHEVROLET,TAHOE,2015,863,4,39,23,2,0.46,4.52
FISKER,OCEAN,2023,1568,7,29,19,0,0.45,1.85
RAM,3500,2018,1121,5,21,10,1,0.45,1.87
CHRYSLER,TOWN AND COUNTRY,2016,660,3,19,14,0,0.45,2.88
JEEP,COMPASS,2016,449,2,16,25,0,0.45,3.56
HONDA,CR-V,2020,444,2,34,28,0,0.45,7.66
SUBARU,IMPREZA,2019,221,1,6,5,0,0.45,2.71
HONDA,ODYSSEY,2018,1594,7,22,42,9,0.44,1.38
TOYOTA,RAV4,2019,1147,5,40,33,0,0.44,3.49
HONDA,PILOT,2021,680,3,24,13,0,0.44,3.53
CHEVROLET,TAHOE,2017,229,1,3,6,0,0.44,1.31
HYUNDAI,SANTA FE,2021,228,1,4,2,0,0.44,1.75
TESLA,MODEL 3,2018,1620,7,202,69,0,0.43,12.47
FORD,EDGE,2015,940,4,22,21,0,0.43,2.34
JEEP,CHEROKEE,2017,1884,8,42,44,0,0.42,2.23
FORD,EDGE,2018,947,4,25,31,0,0.42,2.64
GMC,ACADIA,2017,946,4,13,20,0,0.42,1.37
NISSAN,ROGUE,2023,944,4,36,25,0,0.42,3.81
TESLA,MODEL 3,2023,715,3,150,97,3,0.42,20.98
FORD,FUSION,2015,1250,5,41,22,0,0.4,3.28
GMC,YUKON,2017,251,1,13,4,0,0.4,5.18
FORD,ESCAPE,2020,2030,8,32,43,0,0.39,1.58
HONDA,ACCORD,2020,513,2,25,18,1,0.39,4.87
SUBARU,CROSSTREK,2018,254,1,17,1,0,0.39,6.69
GMC,ACADIA,2018,526,2,19,32,0,0.38,3.61
BMW,X5,2019,261,1,9,0,0,0.38,3.45
HYUNDAI,SANTA CRUZ,2022,268,1,5,5,0,0.37,1.87
HONDA,PILOT,2019,1379,5,21,27,0,0.36,1.52
MITSUBISHI,OUTLANDER SPORT,2015,275,1,2,2,0,0.36,0.73
TESLA,MODEL 3,2022,1427,5,100,74,1,0.35,7.01
CHEVROLET,VOLT,2016,285,1,6,3,0,0.35,2.11
FORD,FOCUS,2017,1163,4,28,26,0,0.34,2.41
HYUNDAI,SANTA FE,2022,296,1,15,3,0,0.34,5.07
RAM,1500,2023,295,1,20,6,0,0.34,6.78
CHEVROLET,SUBURBAN,2016,294,1,13,14,0,0.34,4.42
FORD,ESCAPE,2018,2096,7,38,51,0,0.33,1.81
HYUNDAI,IONIQ 5,2023,610,2,32,12,0,0.33,5.25
MITSUBISHI,OUTLANDER,2022,307,1,25,8,0,0.33,8.14
CHEVROLET,MALIBU,2019,306,1,15,11,0,0.33,4.9
TESLA,MODEL Y,2023,1890,6,306,150,1,0.32,16.19
FORD,FOCUS,2016,1550,5,42,31,0,0.32,2.71
FORD,ECOSPORT,2018,942,3,33,20,0,0.32,3.5
HONDA,PILOT,2018,631,2,15,20,0,0.32,2.38
HYUNDAI,IONIQ 5,2022,645,2,10,2,0,0.31,1.55
HONDA,HR-V,2016,319,1,20,18,0,0.31,6.27
CHEVROLET,TRAVERSE,2018,665,2,14,13,0,0.3,2.11
FORD,TAURUS,2015,335,1,15,7,0,0.3,4.48
DODGE,JOURNEY,2018,333,1,11,9,0,0.3,3.3
HONDA,ACCORD,2021,333,1,25,14,0,0.3,7.51
HONDA,ACCORD,2019,1038,3,54,49,0,0.29,5.2
HONDA,FIT,2015,347,1,14,19,0,0.29,4.03
CHEVROLET,TAHOE,2016,347,1,25,19,0,0.29,7.2
TOYOTA,HIGHLANDER,2018,347,1,38,37,0,0.29,10.95
KIA,SORENTO,2021,341,1,9,1,0,0.29,2.64
FORD,MAVERICK HYBRID,2022,717,2,9,7,0,0.28,1.26
FORD,ECOSPORT,2021,355,1,10,6,2,0.28,2.82
GMC,TERRAIN,2015,377,1,13,8,0,0.27,3.45
CHEVROLET,TRAVERSE,2016,375,1,16,17,1,0.27,4.27
TESLA,MODEL X,2017,405,1,36,65,6,0.25,8.89
SUBARU,OUTBACK,2019,1270,3,50,36,0,0.24,3.94
RAM,3500,2017,420,1,11,2,0,0.24,2.62
HONDA,CR-V,2021,441,1,18,13,0,0.23,4.08
CHEVROLET,COLORADO,2016,905,2,23,9,0,0.22,2.54
JEEP,GRAND CHEROKEE,2022,457,1,13,0,0,0.22,2.84
CHEVROLET,MALIBU,2016,1430,3,39,29,3,0.21,2.73
FORD,MAVERICK HYBRID,2023,468,1,9,3,1,0.21,1.92
MERCEDES-BENZ,C300,2015,502,1,13,9,0,0.2,2.59
CHRYSLER,TOWN AND COUNTRY,2015,496,1,19,30,4,0.2,3.83
HONDA,CR-V,2017,2569,5,74,59,0,0.19,2.88
VOLKSWAGEN,ID.4,2021,532,1,66,46,0,0.19,12.41
HONDA,CIVIC,2019,520,1,36,20,0,0.19,6.92
HONDA,ACCORD,2018,2741,5,67,64,0,0.18,2.44
FORD,FUSION,2018,561,1,10,7,0,0.18,1.78
TOYOTA,CAMRY,2019,553,1,38,28,0,0.18,6.87
FORD,MUSTANG MACH E,2021,642,1,19,12,0,0.16,2.96
TOYOTA,HIGHLANDER,2019,608,1,38,28,0,0.16,6.25
SUBARU,FORESTER,2018,660,1,51,17,0,0.15,7.73
CHRYSLER,PACIFICA,2021,651,1,19,18,0,0.15,2.92
VOLKSWAGEN,ATLAS,2021,724,1,13,13,0,0.14,1.8
HONDA,CR-V,2019,1499,2,53,50,1,0.13,3.54
SUBARU,FORESTER,2017,776,1,63,35,0,0.13,8.12
RAM,2500,2018,3605,4,52,15,2,0.11,1.44
FORD,EDGE,2019,891,1,13,4,0,0.11,1.46
HONDA,ODYSSEY,2020,879,1,6,25,0,0.11,0.68
HONDA,CR-V,2018,2895,2,67,64,0,0.07,2.31
FORD,EDGE,2017,1601,1,38,35,0,0.06,2.37
FORD,EXPLORER,2015,2144,1,53,140,0,0.05,2.47
HONDA,HR-V,2023,775,0,12,5,0,0.0,1.55
VOLKSWAGEN,ATLAS,2019,697,0,13,17,0,0.0,1.87
VOLKSWAGEN,ATLAS,2018,646,0,9,27,0,0.0,1.39
TOYOTA,TUNDRA,2022,590,0,7,8,0,0.0,1.19
ACURA,RDX,2019,562,0,4,6,0,0.0,0.71
HYUNDAI,PALISADE,2023,539,0,10,4,0,0.0,1.86
ACURA,TLX,2015,514,0,18,15,0,0.0,3.5
VOLKSWAGEN,TAOS,2022,485,0,8,2,0,0.0,1.65
TESLA,MODEL Y,2020,481,0,90,40,0,0.0,18.71
VOLKSWAGEN,TIGUAN,2022,437,0,5,5,0,0.0,1.14
ACURA,RDX,2015,431,0,9,5,0,0.0,2.09
GMC,YUKON,2021,426,0,16,15,0,0.0,3.76
KIA,EV6,2022,416,0,25,10,3,0.0,6.01
HONDA,PASSPORT,2019,414,0,12,12,0,0.0,2.9
FORD,FUSION,2019,403,0,5,7,0,0.0,1.24
JEEP,COMPASS,2022,382,0,17,12,0,0.0,4.45
GMC,YUKON,2016,367,0,4,6,0,0.0,1.09
TOYOTA,C-HR,2018,364,0,10,8,0,0.0,2.75
FORD,FIESTA,2015,363,0,26,42,0,0.0,7.16
DODGE,GRAND CARAVAN,2018,353,0,11,13,2,0.0,3.12
TOYOTA,HIGHLANDER,2020,353,0,25,26,0,0.0,7.08
CHEVROLET,VOLT,2018,348,0,7,2,0,0.0,2.01
ACURA,MDX,2020,346,0,6,2,0,0.0,1.73
POLESTAR,POLESTAR 2,2022,341,0,2,0,0,0.0,0.59
CHEVROLET,BLAZER,2020,340,0,9,14,0,0.0,2.65
HONDA,ACCORD,2022,340,0,8,7,0,0.0,2.35
FORD,EXPLORER,2019,333,0,2,9,0,0.0,0.6
HONDA,CIVIC,2023,331,0,33,19,0,0.0,9.97
NISSAN,ROGUE,2022,330,0,7,1,0,0.0,2.12
DODGE,DURANGO,2018,321,0,16,10,0,0.0,4.98
TOYOTA,COROLLA CROSS,2023,321,0,8,4,0,0.0,2.49
NISSAN,ALTIMA,2018,318,0,16,6,0,0.0,5.03
NISSAN,SENTRA,2020,317,0,17,3,0,0.0,5.36
CHEVROLET,MALIBU,2020,313,0,16,10,1,0.0,5.11
AUDI,Q5,2018,312,0,16,7,0,0.0,5.13
HONDA,CR-V,2022,298,0,9,11,0,0.0,3.02
CHEVROLET,TAHOE,2023,292,0,8,2,0,0.0,2.74
GMC,YUKON,2023,291,0,2,2,0,0.0,0.69
FORD,FLEX,2019,288,0,6,3,0,0.0,2.08
CHEVROLET,BLAZER,2019,287,0,5,3,0,0.0,1.74
VOLKSWAGEN,GTI,2019,284,0,0,0,0,0.0,0.0
CHEVROLET,COLORADO,2017,280,0,10,16,0,0.0,3.57
HONDA,ACCORD HYBRID,2023,273,0,10,6,0,0.0,3.66
GMC,YUKON XL,2023,272,0,1,23,0,0.0,0.37
TOYOTA,TACOMA,2018,269,0,10,3,0,0.0,3.72
CHEVROLET,CORVETTE,2017,266,0,5,4,0,0.0,1.88
JEEP,GRAND CHEROKEE 4XE,2022,242,0,18,12,0,0.0,7.44
NISSAN,KICKS,2019,237,0,9,5,0,0.0,3.8
FORD,MUSTANG MACH E,2022,236,0,31,7,0,0.0,13.14
TOYOTA,VENZA,2021,234,0,27,22,0,0.0,11.54
GMC,YUKON,2022,234,0,2,0,0,0.0,0.85
HONDA,PILOT,2022,230,0,15,5,0,0.0,6.52
CHRYSLER,PACIFICA,2023,230,0,3,0,0,0.0,1.3
BMW,X3,2019,224,0,9,6,0,0.0,4.02
ACURA,INTEGRA,2023,224,0,9,7,0,0.0,4.02
HONDA,RIDGELINE,2020,222,0,2,2,0,0.0,0.9
AUDI,A4,2020,221,0,1,0,0,0.0,0.45
TOYOTA,HIGHLANDER,2023,220,0,21,19,0,0.0,9.55
BUICK,ENCLAVE,2015,219,0,10,9,0,0.0,4.57
CHRYSLER,PACIFICA PLUG-IN HYBRID,2022,219,0,4,0,0,0.0,1.83
TOYOTA,PRIUS,2016,212,0,8,6,0,0.0,3.77
GMC,ACADIA,2021,212,0,13,6,0,0.0,6.13
NISSAN,LEAF,2020,210,0,3,0,0,0.0,1.43
FORD,F-250,2021,210,0,4,0,0,0.0,1.9
TESLA,MODEL X,2020,209,0,34,15,0,0.0,16.27
HONDA,PASSPORT,2021,206,0,21,5,0,0.0,10.19
CHEVROLET,COLORADO,2023,206,0,4,16,0,0.0,1.94
BMW,X1,2017,205,0,3,13,0,0.0,1.46
TOYOTA,RAV4,2022,205,0,21,19,2,0.0,10.24
CHRYSLER,300,2018,204,0,8,8,0,0.0,3.92
GMC,YUKON XL,2022,203,0,5,12,0,0.0,2.46
BUICK,ENCLAVE,2017,199,0,11,7,0,0.0,5.53
VOLKSWAGEN,TIGUAN,2020,199,0,8,11,0,0.0,4.02
KIA,EV6,2023,199,0,2,0,0,0.0,1.01
GMC,YUKON XL,2017,198,0,10,3,0,0.0,5.05
HONDA,HR-V,2018,198,0,19,10,0,0.0,9.6
TESLA,MODEL S,2022,197,0,4,0,0,0.0,2.03
SUBARU,LEGACY,2016,191,0,12,3,0,0.0,6.28
MAZDA,CX-5,2021,191,0,21,20,0,0.0,10.99
MAZDA,CX-5,2017,189,0,11,5,0,0.0,5.82
CADILLAC,XT5,2017,185,0,10,3,0,0.0,5.41
HYUNDAI,TUCSON HYBRID,2022,185,0,12,6,0,0.0,6.49
HONDA,PILOT,2023,184,0,5,3,0,0.0,2.72
POLESTAR,POLESTAR 2,2021,181,0,6,0,0,0.0,3.31
GMC,TERRAIN,2016,179,0,12,12,0,0.0,6.7
AUDI,Q7,2018,179,0,8,4,0,0.0,4.47
VOLKSWAGEN,PASSAT,2016,178,0,9,4,0,0.0,5.06
NISSAN,KICKS,2020,178,0,14,6,0,0.0,7.87
VOLKSWAGEN,TIGUAN,2021,175,0,6,4,0,0.0,3.43
KIA,CARNIVAL,2022,175,0,7,41,0,0.0,4.0
AUDI,Q8,2019,173,0,2,3,0,0.0,1.16
CADILLAC,ESCALADE,2023,171,0,4,4,0,0.0,2.34
HYUNDAI,SONATA,2021,170,0,11,24,0,0.0,6.47
VOLKSWAGEN,ATLAS,2023,169,0,6,8,0,0.0,3.55
HONDA,HR-V,2017,168,0,21,12,0,0.0,12.5
JEEP,WAGONEER,2023,168,0,8,4,0,0.0,4.76
CHEVROLET,TRAILBLAZER,2022,164,0,4,4,0,0.0,2.44
ACURA,TLX,2016,163,0,8,7,0,0.0,4.91
HONDA,FIT,2018,162,0,8,22,0,0.0,4.94
FORD,EXPEDITION,2022,162,0,7,16,0,0.0,4.32
VOLKSWAGEN,TAOS,2023,161,0,3,1,0,0.0,1.86
ALFA ROMEO,GIULIA,2017,160,0,17,6,0,0.0,10.62
FORD,EDGE,2022,160,0,10,17,0,0.0,6.25
LINCOLN,AVIATOR,2020,159,0,3,0,0,0.0,1.89
GMC,ACADIA,2020,159,0,10,4,0,0.0,6.29
KIA,SPORTAGE HYBRID,2023,158,0,5,4,0,0.0,3.16
TOYOTA,REDUNDANT SIENNA,2022,157,0,8,3,0,0.0,5.1
TOYOTA,TUNDRA,2016,155,0,4,3,0,0.0,2.58
TESLA,MODEL S,2023,155,0,11,0,0,0.0,7.1
BUICK,ENCLAVE,2016,153,0,3,8,0,0.0,1.96
ACURA,RDX,2021,153,0,5,2,0,0.0,3.27
NISSAN,PATHFINDER,2023,153,0,7,2,0,0.0,4.58
MAZDA,CX-5,2020,152,0,16,9,0,0.0,10.53
HONDA,CR-V HYBRID,2021,151,0,10,10,0,0.0,6.62
MAZDA,CX-5,2015,150,0,19,9,0,0.0,12.67
CHEVROLET,CORVETTE,2019,148,0,0,2,0,0.0,0.0
HONDA,FIT,2016,147,0,6,3,0,0.0,4.08
NISSAN,KICKS,2018,145,0,2,0,0,0.0,1.38
CHEVROLET,MALIBU,2022,145,0,6,1,0,0.0,4.14
HYUNDAI,ELANTRA,2023,145,0,11,8,0,0.0,7.59
KIA,K5,2023,145,0,10,24,0,0.0,6.9
CHEVROLET,SUBURBAN,2023,145,0,2,5,0,0.0,1.38
GENESIS,GV70,2022,143,0,11,3,2,0.0,7.69
FORD,F-150 HYBRID,2023,142,0,2,0,0,0.0,1.41
NISSAN,LEAF,2015,140,0,9,3,0,0.0,6.43
VOLKSWAGEN,GOLF,2017,140,0,4,6,0,0.0,2.86
HONDA,ACCORD HYBRID,2019,140,0,7,1,0,0.0,5.0
NISSAN,SENTRA,2022,140,0,3,18,0,0.0,2.14
CHEVROLET,TAHOE,2019,139,0,11,9,0,0.0,7.91
CHEVROLET,IMPALA,2017,138,0,6,10,0,0.0,4.35
MAZDA,MAZDA3,2018,138,0,9,7,2,0.0,6.52
HONDA,RIDGELINE,2021,138,0,5,2,0,0.0,3.62
HYUNDAI,SONATA,2022,138,0,17,10,0,0.0,12.32
FORD,F-150 LIGHTNING BEV,2022,137,0,8,3,0,0.0,5.84
HYUNDAI,SONATA,2023,136,0,12,0,0,0.0,8.82
POLESTAR,POLESTAR 2,2023,136,0,3,6,0,0.0,2.21
MAZDA,CX-30,2021,135,0,15,14,0,0.0,11.11
NISSAN,ROGUE SPORT,2018,133,0,15,25,0,0.0,11.28
HONDA,PASSPORT,2020,132,0,3,0,0,0.0,2.27
HYUNDAI,KONA,2022,132,0,5,3,0,0.0,3.79
NISSAN,LEAF,2022,132,0,13,7,0,0.0,9.85
AUDI,A3,2015,131,0,0,0,0,0.0,0.0
CHEVROLET,TAHOE,2018,130,0,9,6,1,0.0,6.92
TOYOTA,C-HR,2019,130,0,3,5,0,0.0,2.31
CHEVROLET,TRAVERSE,2022,129,0,6,10,0,0.0,4.65
NISSAN,PATHFINDER,2016,128,0,14,8,0,0.0,10.94
MERCEDES-BENZ,C 300,2018,128,0,9,2,0,0.0,7.03
VOLKSWAGEN,GOLF,2022,128,0,0,0,0,0.0,0.0
FORD,FLEX,2016,127,0,5,3,0,0.0,3.94
LINCOLN,NAUTILUS,2019,126,0,3,0,0,0.0,2.38
TOYOTA,COROLLA,2022,125,0,18,16,0,0.0,14.4
RIVIAN,R1S,2023,125,0,22,7,0,0.0,17.6
DODGE,JOURNEY,2019,124,0,11,5,0,0.0,8.87
TESLA,MODEL S,2020,123,0,25,8,0,0.0,20.33
CHEVROLET,EQUINOX,2023,123,0,8,7,0,0.0,6.5
TOYOTA,TACOMA,2020,122,0,10,13,0,0.0,8.2
CHEVROLET,EQUINOX,2021,122,0,6,8,0,0.0,4.92
NISSAN,PATHFINDER,2018,121,0,5,3,0,0.0,4.13
JEEP,GRAND CHEROKEE L,2022,119,0,3,0,0,0.0,2.52
MAZDA,MAZDA3,2019,116,0,7,2,0,0.0,6.03
NISSAN,VERSA,2020,116,0,10,7,0,0.0,8.62
NISSAN,ARMADA,2018,115,0,3,2,0,0.0,2.61
GENESIS,G80,2018,115,0,13,5,0,0.0,11.3
TOYOTA,TACOMA,2021,114,0,14,22,2,0.0,12.28
BMW,X1,2023,113,0,5,0,0,0.0,4.42
CHEVROLET,TRAVERSE,2023,113,0,9,12,0,0.0,7.96
TOYOTA,4RUNNER,2015,112,0,15,14,0,0.0,13.39
TOYOTA,TUNDRA,2017,112,0,3,2,0,0.0,2.68
HYUNDAI,SANTA FE HYBRID,2023,112,0,1,2,0,0.0,0.89
MAZDA,MAZDA6,2016,111,0,19,23,0,0.0,17.12
VOLKSWAGEN,GOLF,2016,111,0,1,2,0,0.0,0.9
CHEVROLET,SUBURBAN,2018,111,0,3,4,0,0.0,2.7
JEEP,RENEGADE,2019,111,0,16,9,0,0.0,14.41
NISSAN,ARMADA,2019,111,0,6,1,0,0.0,5.41
CHEVROLET,TRAVERSE,2021,111,0,8,12,0,0.0,7.21
VOLKSWAGEN,GOLF ALLTRACK,2017,110,0,0,3,0,0.0,0.0
AUDI,Q7,2021,110,0,9,7,0,0.0,8.18
CADILLAC,ESCALADE ESV,2023,110,0,5,0,0,0.0,4.55
FORD,MAVERICK,2023,110,0,6,2,0,0.0,5.45
AUDI,Q3,2020,109,0,3,0,0,0.0,2.75
VOLVO,XC60,2022,109,0,8,5,0,0.0,7.34
SUBARU,IMPREZA,2016,108,0,14,2,0,0.0,12.96
BMW,X5,2016,108,0,3,2,0,0.0,2.78
HONDA,CR-V HYBRID,2020,107,0,7,5,0,0.0,6.54
CHRYSLER,PACIFICA PLUG-IN HYBRID,2020,107,0,4,2,0,0.0,3.74
BUICK,ENCORE GX,2020,107,0,7,3,0,0.0,6.54
AUDI,Q5,2021,107,0,4,4,0,0.0,3.74
BUICK,ENCORE,2018,106,0,14,10,0,0.0,13.21
BMW,X5,2017,105,0,6,8,2,0.0,5.71
FORD,ESCAPE PHEV,2022,105,0,2,1,0,0.0,1.9
AUDI,A3 CABRIOLET,2015,103,0,3,0,0,0.0,2.91
MAZDA,MAZDA3,2017,103,0,11,3,0,0.0,10.68
LAND ROVER,DEFENDER,2023,103,0,0,0,0,0.0,0.0
GRAND DESIGN,MOMENTUM,2021,103,0,1,0,0,0.0,0.97
HARLEY-DAVIDSON,XG750,2015,102,0,14,7,0,0.0,13.73
VOLKSWAGEN,BEETLE,2015,102,0,4,1,0,0.0,3.92
LAND ROVER,RANGE ROVER,2015,102,0,8,7,0,0.0,7.84
CHRYSLER,300,2017,102,0,2,2,0,0.0,1.96
INFINITI,QX60,2017,101,0,9,9,0,0.0,8.91
ACURA,RDX,2018,101,0,8,3,0,0.0,7.92
LINCOLN,MKZ,2015,100,0,5,0,0,0.0,5.0
