make,model,transmission_complaints,narrative_confirmed_complaints,total_complaints,transmission_share_pct
FORD,F-150,8616,6755,47816,18.0
FORD,FOCUS,6625,5695,29816,22.2
JEEP,CHEROKEE,5442,3382,21026,25.9
FORD,EXPLORER,4870,3817,43358,11.2
FORD,ESCAPE,4618,2876,36273,12.7
JEEP,GRAND CHEROKEE,4323,3192,40046,10.8
HONDA,ACCORD,3757,3158,32069,11.7
FORD,FUSION,3125,1991,28750,10.9
HONDA,ODYSSEY,3064,2740,17051,18.0
FORD,TAURUS,2870,2248,24033,11.9
NISSAN,PATHFINDER,2479,2188,10305,24.1
FORD,WINDSTAR,2461,1880,19493,12.6
NISSAN,MAXIMA,2439,2275,8861,27.5
CHEVROLET,SILVERADO 1500,2358,1767,23467,10.0
DODGE,RAM 1500,2160,767,16092,13.4
NISSAN,ALTIMA,2157,1705,20247,10.7
JEEP,WRANGLER,2108,1184,22923,9.2
FORD,EDGE,2096,1306,17982,11.7
MAZDA,626,2016,1841,3892,51.8
FORD,FREESTAR,1847,1634,3223,57.3
NISSAN,ROGUE,1819,1322,10331,17.6
HONDA,CIVIC,1727,1409,20283,8.5
TOYOTA,CAMRY,1708,1216,23417,7.3
CHEVROLET,MALIBU,1647,1080,29433,5.6
DODGE,GRAND CARAVAN,1584,1305,18883,8.4
VOLKSWAGEN,JETTA,1520,1216,14200,10.7
FORD,FIESTA,1484,1297,4344,34.2
FORD,EXPEDITION,1464,1166,11947,12.3
RAM,1500,1410,750,16541,8.5
CHRYSLER,PACIFICA,1391,857,10669,13.0
TOYOTA,RAV4,1385,1069,12174,11.4
DODGE,CARAVAN,1366,1196,14236,9.6
GMC,ACADIA,1359,1191,7767,17.5
HONDA,PILOT,1309,977,13085,10.0
FORD,FREESTYLE,1296,778,5155,25.1
NISSAN,SENTRA,1271,1064,8319,15.3
GMC,SIERRA 1500,1258,857,11400,11.0
CHRYSLER,TOWN AND COUNTRY,1244,993,19068,6.5
HYUNDAI,TUCSON,1207,731,8596,14.0
DODGE,DURANGO,1186,794,19342,6.1
KIA,SORENTO,1127,637,14003,8.0
FORD,MUSTANG,1066,860,11743,9.1
HYUNDAI,SONATA,1063,567,22268,4.8
CHEVROLET,EQUINOX,1042,495,12689,8.2
NISSAN,XTERRA,1019,958,4199,24.3
HONDA,CR-V,985,504,21253,4.6
DODGE,DART,972,751,3703,26.2
ACURA,MDX,971,816,4643,20.9
TOYOTA,HIGHLANDER,969,800,7130,13.6
CHRYSLER,300,956,800,6476,14.8
NISSAN,FRONTIER,946,840,4485,21.1
CHRYSLER,200,938,656,6952,13.5
CHEVROLET,IMPALA,923,607,15245,6.1
SUBARU,OUTBACK,923,677,12386,7.5
ACURA,TL,908,820,4055,22.4
CHEVROLET,TRAVERSE,898,659,7919,11.3
HYUNDAI,SANTA FE,890,486,10400,8.6
NISSAN,MURANO,861,595,7478,11.5
TOYOTA,TACOMA,853,488,10756,7.9
DODGE,DAKOTA,845,654,9253,9.1
DODGE,CHARGER,799,584,8167,9.8
MERCURY,SABLE,792,640,7213,11.0
DODGE,INTREPID,760,650,8096,9.4
CHEVROLET,TAHOE,746,550,12911,5.8
TOYOTA,TUNDRA,731,313,9447,7.7
NISSAN,TITAN,727,240,4163,17.5
PLYMOUTH,VOYAGER,719,648,6868,10.5
CHEVROLET,BLAZER,693,525,11260,6.2
FORD,RANGER,677,553,10531,6.4
CHEVROLET,CRUZE,673,369,5776,11.7
HYUNDAI,ELANTRA,648,434,12099,5.4
TOYOTA,COROLLA,646,453,14574,4.4
SATURN,VUE,619,544,3283,18.9
CHEVROLET,TRAILBLAZER,611,484,9351,6.5
CHEVROLET,SILVERADO,604,477,10964,5.5
VOLKSWAGEN,BEETLE,587,540,3637,16.1
CHEVROLET,SUBURBAN,585,471,10597,5.5
DODGE,RAM,583,482,5521,10.6
DODGE,RAM 2500,574,449,8415,6.8
NISSAN,VERSA,560,454,4513,12.4
TOYOTA,SIENNA,543,380,10838,5.0
CHEVROLET,COLORADO,527,382,4909,10.7
JEEP,COMPASS,523,302,6124,8.5
SUBARU,FORESTER,504,305,8712,5.8
KIA,OPTIMA,493,232,10369,4.8
DODGE,JOURNEY,488,274,7994,6.1
JEEP,COMMANDER,473,319,3926,12.0
GMC,TERRAIN,455,214,4362,10.4
PLYMOUTH,GRAND VOYAGER,455,392,3388,13.4
RAM,2500,447,222,7438,6.0
GMC,YUKON,442,284,6479,6.8
VOLKSWAGEN,PASSAT,439,298,10529,4.2
JEEP,LIBERTY,437,305,11711,3.7
LEXUS,RX300,433,417,853,50.8
JEEP,PATRIOT,431,277,4387,9.8
CHEVROLET,VOLT,428,282,2964,14.4
JEEP,RENEGADE,423,295,3491,12.1
KIA,SOUL,422,190,7533,5.6
BMW,X5,412,141,4537,9.1
DODGE,AVENGER,412,310,4737,8.7
FORD,F-250 SD,408,257,9506,4.3
TOYOTA,PRIUS,406,209,15583,2.6
PONTIAC,GRAND PRIX,400,338,7321,5.5
FORD,CONTOUR,390,312,4592,8.5
SATURN,AURA,385,334,2227,17.3
CHEVROLET,SILVERADO 2500,379,277,4995,7.6
FIAT,500,379,267,1118,33.9
PONTIAC,G6,375,281,8448,4.4
CHEVROLET,CAMARO,373,285,4345,8.6
KIA,SPORTAGE,365,187,6804,5.4
SUZUKI,FORENZA,365,339,1360,26.8
CHEVROLET,CORVETTE,358,294,6343,5.6
BUICK,ENCLAVE,355,249,3307,10.7
MERCURY,MOUNTAINEER,355,310,2657,13.4
CHEVROLET,COBALT,348,243,10115,3.4
FORD,AEROSTAR,348,248,3116,11.2
MERCURY,MONTEREY,348,314,550,63.3
CHRYSLER,SEBRING,336,267,4101,8.2
DODGE,RAM 3500,334,269,4042,8.3
RAM,3500,332,194,3364,9.9
SUBARU,LEGACY,331,254,4170,7.9
ACURA,CL,328,308,731,44.9
CADILLAC,CTS,326,137,3104,10.5
TOYOTA,C-HR,323,304,671,48.1
DODGE,NEON,302,237,4963,6.1
VOLVO,XC90,300,255,2257,13.3
FORD,FIVE HUNDRED,298,211,1527,19.5
FORD,F-250,297,228,5734,5.2
SATURN,SL,291,241,2891,10.1
VOLKSWAGEN,GTI,290,235,1950,14.9
GMC,YUKON XL,288,208,3137,9.2
CHEVROLET,S10,287,231,7361,3.9
FORD,ESCORT,287,221,5063,5.7
DODGE,STRATUS,283,230,3621,7.8
FORD,BRONCO SPORT,278,140,1978,14.1
MAZDA,CX-5,277,144,3269,8.5
MINI,COOPER,276,235,2862,9.6
FORD,MAVERICK HYBRID,274,104,1413,19.4
SATURN,OUTLOOK,273,242,1939,14.1
CHEVROLET,CAVALIER,271,209,6469,4.2
GMC,SIERRA,271,215,4904,5.5
BMW,323I,270,227,676,39.9
TOYOTA,4RUNNER,270,128,6499,4.2
KIA,SEPHIA,260,214,3091,8.4
ACURA,TLX,259,205,1341,19.3
FORD,F-350 SD,253,160,5142,4.9
SUBARU,IMPREZA,251,204,3458,7.3
HYUNDAI,IONIQ 5,248,39,2126,11.7
BUICK,LESABRE,247,196,4873,5.1
YAMAHA,ROAD STAR,246,201,326,75.5
MAZDA,MAZDA3,244,192,4006,6.1
SUBARU,SVX,244,185,379,64.4
MERCURY,MILAN,243,95,3220,7.5
PONTIAC,GRAND AM,243,186,8116,3.0
CHRYSLER,CONCORDE,239,207,3001,8.0
FORD,F-150 HYBRID,239,94,884,27.0
DODGE,MAGNUM,235,202,1580,14.9
MERCURY,MARINER,233,129,1722,13.5
FORD,THUNDERBIRD,232,193,3088,7.5
CHEVROLET,SONIC,231,182,1423,16.2
MITSUBISHI,ECLIPSE,231,169,2789,8.3
CADILLAC,SRX,229,126,4169,5.5
FORD,TRANSIT,225,92,1065,21.1
NISSAN,QUEST,225,179,2920,7.7
UNKNOWN,UNKNOWN,222,163,12870,1.7
MITSUBISHI,GALANT,221,146,2435,9.1
DODGE,CALIBER,220,141,2919,7.5
MERCURY,GRAND MARQUIS,219,181,4965,4.4
FORD,ECOSPORT,216,62,2449,8.8
MAZDA,TRIBUTE,216,149,2831,7.6
FORD,CROWN VICTORIA,213,165,4031,5.3
KIA,FORTE,213,122,3598,5.9
CHRYSLER,300C,212,164,1763,12.0
CHEVROLET,ASTRO,209,171,3777,5.5
FORD,F-350,208,160,3845,5.4
TOYOTA,AVALON,203,129,4262,4.8
HYUNDAI,ACCENT,200,161,2767,7.2
BUICK,REGAL,199,141,4466,4.5
VOLKSWAGEN,TIGUAN,198,88,3476,5.7
CHRYSLER,PT CRUISER,195,137,3426,5.7
MAZDA,MPV,194,183,1157,16.8
SATURN,ION,192,144,5471,3.5
MAZDA,MAZDA6,191,155,2937,6.5
HONDA,FIT,190,87,2743,6.9
MAZDA,RX-8,187,178,1004,18.6
CHEVROLET,HHR,185,135,4753,3.9
DODGE,CHALLENGER,185,117,2382,7.8
BMW,X3,182,64,2802,6.5
SUBARU,ASCENT,182,127,1331,13.7
AUDI,A4,181,139,3689,4.9
MITSUBISHI,OUTLANDER,178,134,1875,9.5
MITSUBISHI,OUTLANDER SPORT,178,128,737,24.2
GMC,SIERRA 2500,175,140,2284,7.7
HONDA,HR-V,174,152,2438,7.1
CHRYSLER,PACIFICA PLUG-IN HYBRID,172,101,1077,16.0
INFINITI,QX60,172,118,827,20.8
GMC,CANYON,171,130,1948,8.8
HONDA,PROLOGUE,171,6,1592,10.7
MITSUBISHI,3000GT,171,119,536,31.9
HONDA,RIDGELINE,170,124,2732,6.2
CHEVROLET,LUMINA,169,136,4023,4.2
KIA,TELLURIDE,168,66,2600,6.5
CADILLAC,ESCALADE,166,106,2313,7.2
MERCURY,COUGAR,164,139,2652,6.2
LINCOLN,NAVIGATOR,163,136,1797,9.1
BUICK,CENTURY,162,138,2397,6.8
SUBARU,WRX,162,148,1232,13.1
BMW,328I,160,59,3782,4.2
GMC,JIMMY,159,122,3791,4.2
MAZDA,CX-9,159,58,1827,8.7
PONTIAC,BONNEVILLE,159,125,2583,6.2
EAGLE,TALON,157,63,791,19.8
CHEVROLET,MONTE CARLO,154,122,2965,5.2
FORD,ESCAPE HYBRID,154,39,2267,6.8
CHEVROLET,VENTURE,152,125,3078,4.9
JEEP,GLADIATOR,151,83,1396,10.8
LINCOLN,CONTINENTAL,150,125,2575,5.8
LINCOLN,TOWN CAR,150,114,4352,3.4
FORD,FUSION HYBRID,149,76,1580,9.4
GMC,ENVOY,149,117,3282,4.5
ISUZU,RODEO,149,120,3314,4.5
TOYOTA,SEQUOIA,149,79,4813,3.1
HYUNDAI,PALISADE,147,53,3244,4.5
CHRYSLER,LHS,144,120,1434,10.0
TESLA,MODEL S,144,26,5284,2.7
HYUNDAI,TIBURON,142,134,1058,13.4
CADILLAC,DEVILLE,141,92,3663,3.8
HYUNDAI,VELOSTER,141,93,1768,8.0
VOLKSWAGEN,GOLF,141,110,2102,6.7
ACURA,RDX,140,75,2655,5.3
BMW,750LI,139,107,696,20.0
LINCOLN,MKX,138,74,1759,7.8
BUICK,LACROSSE,137,82,2921,4.7
MERCURY,MYSTIQUE,137,109,1514,9.0
MAZDA,PROTEGE,136,117,1380,9.9
TOYOTA,MATRIX,136,116,1422,9.6
HONDA,PASSPORT,135,108,2296,5.9
LEXUS,RX,131,104,1271,10.3
FIAT,500L,130,115,301,43.2
HYUNDAI,SANTA CRUZ,128,88,469,27.3
MITSUBISHI,LANCER,127,106,1139,11.2
AUDI,A3,126,98,945,13.3
FORD,BRONCO,126,84,2171,5.8
FORD,EXPLORER SPORT TRAC,125,116,935,13.4
LAND ROVER,FREELANDER,125,109,799,15.6
CHEVROLET,SPARK,124,98,759,16.3
CHRYSLER,CIRRUS,123,103,1232,10.0
LINCOLN,LS,123,100,1369,9.0
MERCEDES-BENZ,E350,122,86,2686,4.5
LEXUS,ES300,121,88,869,13.9
CHRYSLER,LEBARON,120,102,837,14.3
LAND ROVER,RANGE ROVER,120,69,1374,8.7
MERCEDES BENZ,C230,119,89,884,13.5
PONTIAC,VIBE,119,88,2135,5.6
HYUNDAI,GENESIS,115,71,1725,6.7
BMW,X1,114,80,954,11.9
SUBARU,CROSSTREK,114,65,1553,7.3
BMW,M3,113,95,556,20.3
CHEVROLET,SILVERADO 3500,113,93,1454,7.8
KIA,SEDONA,112,61,3411,3.3
CHEVROLET,AVEO,111,69,1930,5.8
CHRYSLER,NEW YORKER,111,94,1035,10.7
AUDI,A6,110,80,2209,5.0
PORSCHE,CAYENNE,110,46,702,15.7
FORD,MUSTANG MACH E,109,24,1236,8.8
MINI,COOPER S,109,65,2184,5.0
VOLKSWAGEN,ATLAS,108,64,2993,3.6
LINCOLN,AVIATOR,107,83,719,14.9
DODGE,DYNASTY,105,93,628,16.7
JEEP,COMMANDER 4X4,105,72,696,15.1
FORD,FLEX,104,52,2511,4.1
FORD,PROBE,104,91,1490,7.0
HONDA,CIVIC HYBRID,104,69,596,17.4
RAM,PROMASTER,104,73,915,11.4
NISSAN,350Z,103,93,815,12.6
SUZUKI,BOULEVARD M109R,103,100,146,70.5
AUDI,S4,102,89,721,14.1
BMW,528I,102,47,1239,8.2
VOLKSWAGEN,EOS,102,88,550,18.5
CADILLAC,ATS,100,64,557,18.0
EAGLE,VISION,100,84,681,14.7
DODGE,NITRO,99,45,1635,6.1
FORD,TRANSIT CONNECT,98,83,742,13.2
NISSAN,370Z,98,92,499,19.6
HONDA,PRELUDE,97,87,464,20.9
PLYMOUTH,NEON,97,81,2020,4.8
HYUNDAI,SONATA HYBRID,96,43,1162,8.3
KIA,EV6,96,22,845,11.4
BUICK,RENDEZVOUS,95,69,1799,5.3
CHEVROLET,TRAX,95,38,1446,6.6
HYUNDAI,KONA,95,51,1089,8.7
GMC,SUBURBAN,94,72,2329,4.0
LEXUS,RX330,94,73,659,14.3
LINCOLN,MKZ,94,62,2025,4.6
VOLVO,V70,94,78,1181,8.0
NISSAN,VERSA NOTE,93,70,400,23.2
OLDSMOBILE,CUTLASS,93,81,2253,4.1
PONTIAC,MONTANA,93,79,1455,6.4
YAMAHA,ROAD STAR WARRIOR,93,57,125,74.4
DODGE,STEALTH,92,73,300,30.7
OLDSMOBILE,BRAVADA,92,59,1350,6.8
TESLA,MODEL Y,92,22,7376,1.2
JAGUAR,S-TYPE,91,83,678,13.4
MERCURY,VILLAGER,91,74,2223,4.1
BUICK,PARK AVENUE,90,67,1886,4.8
FISKER,OCEAN,90,30,1838,4.9
HYUNDAI,SANTA FE SPORT,90,22,1559,5.8
NISSAN,ARMADA,90,66,2540,3.5
TESLA,MODEL 3,90,21,7587,1.2
CADILLAC,ESCALADE ESV,88,42,759,11.6
GMC,SIERRA 3500,87,70,769,11.3
KIA,RIO,87,55,1818,4.8
SUZUKI,VZR1800,87,87,173,50.3
CHEVROLET,BOLT EV,86,40,1361,6.3
MERCURY,MONTEGO,86,71,360,23.9
CHRYSLER,300M,84,71,1148,7.3
KIA,SPECTRA,84,71,1219,6.9
VOLKSWAGEN,R32,84,75,152,55.3
AUDI,Q5,83,35,1860,4.5
CHEVROLET,TRAILBLAZER EXT,83,74,1070,7.8
FORD,EXPLORER SPORT,82,70,939,8.7
INFINITI,G35,82,57,1862,4.4
JEEP,WRANGLER 4-DR 4X4,82,69,1812,4.5
KIA,SELTOS,82,44,768,10.7
MAZDA,CX-7,82,20,1546,5.3
VOLVO,S60,82,63,1681,4.9
CHEVROLET,AVALANCHE,80,66,2474,3.2
INFINITI,JX35,80,67,361,22.2
JAGUAR,X-TYPE,80,66,472,16.9
KIA,NIRO,80,34,503,15.9
PLYMOUTH,BREEZE,80,69,872,9.2
VOLKSWAGEN,CC,79,58,1359,5.8
VOLVO,S80,79,60,1322,6.0
FORD,FOCUS ELECTRIC,78,18,312,25.0
INFINITI,Q50,78,49,740,10.5
MITSUBISHI,LANCER EVOLUTION,78,25,314,24.8
FORD,MAVERICK,76,26,466,16.3
OLDSMOBILE,88,76,58,1228,6.2
OLDSMOBILE,ALERO,76,55,2939,2.6
PONTIAC,TRANS SPORT,76,63,1277,6.0
BUICK,ENCORE,75,22,905,8.3
GMC,SAFARI,75,66,1541,4.9
NISSAN,JUKE,75,41,659,11.4
LAND ROVER,LR2,74,15,236,31.4
GMC,SONOMA,73,54,1743,4.2
VICTORY,V92,73,69,83,88.0
JEEP,LAREDO,72,57,790,9.1
MERCEDES-BENZ,C300,72,23,2856,2.5
OLDSMOBILE,SILHOUETTE,72,60,1287,5.6
VOLKSWAGEN,JETTA HYBRID,72,64,138,52.2
SMART,FORTWO,71,62,475,14.9
VOLKSWAGEN,TOUAREG,71,42,945,7.5
CHEVROLET,SUBURBAN 1500,70,51,1753,4.0
FORD,C-MAX,70,52,458,15.3
MERCEDES BENZ,ML350,70,49,651,10.8
VOLKSWAGEN,ROUTAN,70,50,1249,5.6
FORD,E-150,69,54,1311,5.3
JEEP,WRANGLER 2-DR 4X4,69,54,951,7.3
SAAB,9-3,68,49,1692,4.0
VOLVO,XC70,68,60,516,13.2
SUZUKI,RENO,67,62,261,25.7
CHRYSLER,SEBRING CONVERTIBLE,66,55,987,6.7
LAND ROVER,RANGE ROVER EVOQUE,66,41,575,11.5
LEXUS,RX350,65,36,1065,6.1
VOLKSWAGEN,ID.4,65,20,1781,3.6
VOLKSWAGEN,TAOS,65,15,764,8.5
VOLVO,850,65,54,732,8.9
BMW,3 SERIES,64,40,1157,5.5
YAMAHA,ROAD STAR SILVERADO,64,49,80,80.0
BMW,325I,63,50,1811,3.5
DODGE,SPIRIT,63,52,603,10.4
SATURN,LS,63,29,1885,3.3
BMW,K1200LT,62,26,213,29.1
FORD,TEMPO,62,48,1655,3.7
HYUNDAI,EXCEL,62,61,429,14.5
MERCEDES BENZ,E320,62,49,1516,4.1
NISSAN,KICKS,62,43,878,7.1
PONTIAC,SUNFIRE,62,49,1643,3.8
CHEVROLET,EXPRESS,61,46,856,7.1
FORD,E-350,61,48,1361,4.5
LEXUS,ES 330,61,53,188,32.4
JEEP,WAGONEER,60,32,782,7.7
FORD,500,59,40,303,19.5
HONDA,GL1800,59,43,780,7.6
ISUZU,TROOPER,59,54,718,8.2
NISSAN,LEAF,59,11,1499,3.9
OLDSMOBILE,INTRIGUE,59,50,1608,3.7
CADILLAC,XT5,58,39,442,13.1
HYUNDAI,SANTA FE HYBRID,58,21,451,12.9
MITSUBISHI,MIRAGE,58,49,942,6.2
TOYOTA,FJ CRUISER,58,32,1219,4.8
KIA,K5,57,29,748,7.6
LEXUS,ES,57,34,862,6.6
TOYOTA,GRAND HIGHLANDER,57,17,439,13.0
VOLVO,V70XC,57,53,524,10.9
LINCOLN,NAUTILUS,56,41,309,18.1
MITSUBISHI,DIAMANTE,56,49,657,8.5
OLDSMOBILE,AURORA,56,48,1038,5.4
TOYOTA,CAMRY SOLARA,56,28,1108,5.1
BMW,X3 SAV,55,39,343,16.0
FIAT,500X,55,45,319,17.2
MERCEDES-BENZ,SPRINTER 2500,55,26,596,9.2
CHEVROLET,AVALANCHE 1500,54,40,1115,4.8
LEXUS,ES330,54,37,282,19.1
VICTORY,V92C,54,50,75,72.0
AUDI,Q7,53,23,1405,3.8
TESLA,MODEL X,53,10,2401,2.2
BUICK,VERANO,52,34,670,7.8
SAAB,900,52,46,552,9.4
SUBARU,XV CROSSTREK,52,32,368,14.1
HONDA,ACCORD HYBRID,51,11,1191,4.3
LAND ROVER,DISCOVERY,51,28,785,6.5
NISSAN,ROGUE SPORT,51,36,498,10.2
AUDI,Q8,50,13,310,16.1
CHEVROLET,C1500,50,45,969,5.2
FORD,EXCURSION,50,34,1389,3.6
JEEP,PATRIOT 4X4,50,39,602,8.3
MERCEDES BENZ,ML320,50,36,1089,4.6
PLYMOUTH,ACCLAIM,50,40,538,9.3
NISSAN,CUBE,49,43,302,16.2
LINCOLN,MKC,48,27,729,6.6
BMW,750I,47,35,239,19.7
BUICK,ENCORE GX,47,44,325,14.5
GENESIS,GV70,47,15,375,12.5
AUDI,TT,46,43,418,11.0
BMW,335I,46,25,1136,4.0
HONDA,ELEMENT,46,32,1533,3.0
INFINITI,G37,46,35,721,6.4
PORSCHE,TAYCAN,46,20,414,11.1
RAM,5500,46,33,211,21.8
UNKNOWN,UNKNOWN1,46,30,1595,2.9
BMW,535I,45,11,723,6.2
MAZDA,B-SERIES TRUCK,45,38,888,5.1
MERCEDES-BENZ,GLA 250,45,30,438,10.3
TOYOTA,4 RUNNER,45,35,1234,3.6
ACURA,RSX,44,42,214,20.6
ACURA,TLX TYPE S,44,22,56,78.6
CHEVROLET,CHEVROLET TRUCK,44,35,656,6.7
FORD,TAURUS X,44,35,227,19.4
GMC,ENVOY XL,44,37,769,5.7
HARLEY-DAVIDSON,FLHTCU,44,24,333,13.2
MITSUBISHI,MONTERO,44,35,994,4.4
TOYOTA,CAMRY HYBRID,44,8,2046,2.2
BMW,330I,43,26,1076,4.0
GMC,YUKON DENALI,43,32,1173,3.7
LAND ROVER,DISCOVERY SPORT,43,31,276,15.6
MAZDA,MAZDASPEED3,43,37,155,27.7
NISSAN,TITAN XD,43,16,289,14.9
VICTORY,V92SC SPORTCRUISER,43,41,50,86.0
DODGE,DODGE TRUCK,42,34,468,9.0
HYUNDAI,VERACRUZ,42,23,956,4.4
BMW,5 SERIES,41,24,557,7.4
CHEVROLET,MALIBU MAXX,41,20,1389,3.0
DODGE,SHADOW,41,39,601,6.8
FORD,FORD,41,30,561,7.3
MAZDA,MILLENIA,41,34,338,12.1
PONTIAC,AZTEK,41,37,829,4.9
FORD,F-450 SD,40,25,630,6.3
YAMAHA,YAMAHA,40,36,225,17.8
CHEVROLET,UPLANDER,39,29,923,4.2
HYUNDAI,TUCSON HYBRID,39,12,593,6.6
JEEP,GRAND CHEROKEE 4XE,39,23,463,8.4
ACURA,TSX,38,23,855,4.4
BMW,530I,38,33,809,4.7
BMW,X7,38,4,476,8.0
CADILLAC,CT6,38,29,93,40.9
FORD,MUSTANG GT,38,31,836,4.5
ISUZU,AXIOM,38,36,238,16.0
KIA,AMANTI,38,22,353,10.8
LAND ROVER,RANGE ROVER SPORT,38,18,888,4.3
ACURA,RL,37,24,525,7.0
BMW,745I,37,31,187,19.8
BMW,X6,37,12,300,12.3
FORD,F-550 SD,37,26,613,6.0
JEEP,GRAND CHEROKEE L,37,21,547,6.8
LEXUS,ES350,37,31,1531,2.4
MITSUBISHI,MONTERO SPORT,37,33,453,8.2
SATURN,SC1,37,30,554,6.7
TOYOTA,HIGHLANDER HYBRID,37,10,1104,3.4
BUICK,SKYLARK,36,32,755,4.8
GEO,METRO,36,28,810,4.4
HUMMER,H3,36,19,1064,3.4
PONTIAC,FIREBIRD,36,26,804,4.5
SUZUKI,GRAND VITARA,36,22,880,4.1
TOYOTA,CELICA,36,32,521,6.9
BUICK,RIVIERA,35,18,439,8.0
CHEVROLET,CAPRICE,35,28,918,3.8
FORD,F-150 LIGHTNING BEV,35,7,395,8.9
FORD,FORD TRUCK,35,34,412,8.5
HYUNDAI,GENESIS COUPE,35,25,305,11.5
MERCEDES-BENZ,CLA250,35,21,519,6.7
ACURA,LEGEND,34,26,508,6.7
BMW,328XI,34,14,672,5.1
BMW,528XI,34,10,239,14.2
CAN-AM,SPYDER RT,34,16,399,8.5
FORD,ECONOLINE,34,28,1161,2.9
HONDA,CR-V HYBRID,34,16,697,4.9
PONTIAC,SOLSTICE,34,19,874,3.9
TBD_TEST,TBD_TEST,34,31,863,3.9
BMW,745LI,33,30,225,14.7
CADILLAC,STS,33,13,610,5.4
CHEVROLET,CAPTIVA,33,11,465,7.1
DODGE,JOURNEY AWD,33,18,410,8.0
INFINITI,Q45,33,28,307,10.7
MAZDA,CX-90,33,11,542,6.1
ACURA,INTEGRA,32,28,769,4.2
BMW,550I,32,14,386,8.3
MERCEDES-BENZ,GLC 300,32,16,612,5.2
OLDSMOBILE,ACHIEVA,32,25,627,5.1
SUZUKI,GSXR750,32,30,41,78.0
BMW,I3,31,9,293,10.6
BUICK,LUCERNE,31,21,1332,2.3
JAGUAR,XF,31,22,528,5.9
KIA,OPTIMA HYBRID,31,12,407,7.6
MERCEDES-BENZ,SPRINTER 3500,31,24,482,6.4
SCION,TC,31,21,874,3.5
SUZUKI,VERONA,31,23,339,9.1
TOYOTA,COROLLA CROSS,31,15,562,5.5
BMW,525I,30,26,663,4.5
BUICK,ENVISION,30,18,359,8.4
CHEVROLET,BERETTA,30,28,784,3.8
CHEVROLET,CORSICA,30,22,1164,2.6
FORD,F SUPER DUTY,30,20,558,5.4
FORD,FUSION ENERGI,30,17,403,7.4
HARLEY-DAVIDSON,FLHTK,30,20,210,14.3
HARLEY-DAVIDSON,FLHX,30,21,238,12.6
HYUNDAI,AZERA,30,21,995,3.0
INFINITI,QX50,30,18,394,7.6
CADILLAC,SEVILLE,29,21,1049,2.8
GMC,SAVANA,29,25,449,6.5
HONDA,CROSSTOUR,29,6,204,14.2
INFINITI,QX56,29,13,706,4.1
JAGUAR,XJ8,29,27,235,12.3
MAZDA,MX-5,29,24,202,14.4
MAZDA,MX-6,29,23,241,12.0
MERCEDES-BENZ,ML350,29,16,603,4.8
TOYOTA,VENZA,29,16,623,4.7
BMW,X5 SAV,28,13,293,9.6
CADILLAC,CATERA,28,18,826,3.4
EAGLE,PREMIER,28,20,415,6.7
GMC,SIERRA DENALI,28,22,332,8.4
MERCURY,TRACER,28,17,755,3.7
MITSUBISHI,LANCER RALLIART,28,11,45,62.2
ACURA,MDX TYPE S,27,17,34,79.4
AUDI,S5,27,23,211,12.8
DODGE,RAM VAN,27,24,304,8.9
FORD,E-250,27,23,421,6.4
GMC,YUKON DENALI XL,27,16,684,3.9
MERCEDES-BENZ,C250,27,7,902,3.0
MERCURY,MARINER HYBRID,27,6,314,8.6
SUZUKI,INTRUDER,27,26,109,24.8
TOYOTA,T100,27,19,390,6.9
YAMAHA,XVS1100,27,17,52,51.9
FORD,F150,26,26,1029,2.5
KIA,NIRO PHEV,26,13,96,27.1
LEXUS,GS300,26,16,448,5.8
LEXUS,IS,26,18,808,3.2
MERCURY,TOPAZ,26,21,581,4.5
SATURN,SATURN,26,24,334,7.8
YAMAHA,MIDNIGHT STAR,26,20,29,89.7
EAGLE,SUMMIT,25,22,259,9.7
FORD,ASPIRE,25,18,289,8.7
FORD,E-450,25,20,546,4.6
HONDA,CLARITY PLUG-IN HYBRID,25,5,293,8.5
HONDA,INSIGHT,25,11,682,3.7
MERCEDES BENZ,B-CLASS ELECTRIC,25,11,90,27.8
MERCEDES BENZ,E500,25,17,546,4.6
MERCURY,MARQUIS,25,20,504,5.0
NISSAN,D21,25,16,466,5.4
OLDSMOBILE,98,25,22,417,6.0
OLDSMOBILE,CIERA,25,22,355,7.0
RAM,PROMASTER CITY,25,15,139,18.0
TOYOTA,YARIS,25,17,1096,2.3
AUDI,A8,24,12,362,6.6
BMW,330CI,24,23,326,7.4
BMW,R1200 GS,24,6,186,12.9
BMW,R1200 RT,24,10,162,14.8
CADILLAC,ELDORADO,24,18,700,3.4
DODGE,RAM QUAD CAB,24,16,561,4.3
GEO,PRIZM,24,22,800,3.0
JEEP,PATRIOT FWD,24,20,263,9.1
KIA,SORENTO HYBRID,24,7,179,13.4
LAND ROVER,LR3,24,13,259,9.3
LINCOLN,MARK VIII,24,18,986,2.4
LINCOLN,MKS,24,6,492,4.9
MERCEDES-BENZ,C 300,24,4,669,3.6
MITSUBISHI,ECLIPSE SPYDER,24,19,285,8.4
MITSUBISHI,EXPO,24,22,92,26.1
NISSAN,300ZX,24,21,389,6.2
POLARIS,VICTORY,24,22,42,57.1
SAAB,9000,24,11,197,12.2
SCION,FR-S,24,13,236,10.2
VOLVO,S40,24,18,677,3.5
ACURA,ACURA,23,19,131,17.6
ACURA,ILX,23,11,360,6.4
BMW,545I,23,20,198,11.6
BUICK,ROADMASTER,23,21,453,5.1
CHEVROLET,TRACKER,23,15,588,3.9
CHRYSLER,ASPEN,23,10,288,8.0
CHRYSLER,FIFTH AVENUE,23,20,221,10.4
INFINITI,M37,23,13,117,19.7
LEXUS,RX HYBRID,23,7,474,4.9
MAZDA,MAZDA5,23,17,535,4.3
PORSCHE,CAYENNE S,23,9,135,17.0
AUDI,E-TRON,22,9,226,9.7
BMW,540I,22,12,340,6.5
BUICK,RAINIER,22,12,525,4.2
CADILLAC,CT5,22,20,139,15.8
CHEVROLET,MALIBU HYBRID,22,12,150,14.7
CHRYSLER,CHRYSLER,22,17,328,6.7
CHRYSLER,SEBRING CONV,22,15,308,7.1
CHRYSLER,VOYAGER,22,21,324,6.8
JEEP,WRANGLER 4XE,22,12,400,5.5
MAZDA,MX-5 MIATA,22,18,391,5.6
MERCEDES-BENZ,GLE 350,22,15,339,6.5
MERCEDES-BENZ,GLK350,22,18,1046,2.1
SUZUKI,SUZUKI MOTORCYCLE,22,21,121,18.2
BMW,328D,21,6,275,7.6
CADILLAC,XT6,21,12,143,14.7
CHEVROLET,LUMINA APV,21,17,598,3.5
DODGE,NITRO 4X4,21,15,342,6.1
HONDA,HONDA,21,19,205,10.2
KIA,SPORTAGE HYBRID,21,6,231,9.1
MAZDA,CX-50,21,6,214,9.8
MERCEDES BENZ,C300,21,9,1788,1.2
MERCEDES BENZ,GL450,21,17,273,7.7
MITSUBISHI,ENDEAVOR,21,17,381,5.5
PORSCHE,PANAMERA,21,12,163,12.9
TOYOTA,PRIUS V,21,5,649,3.2
VOLVO,XC60,21,10,950,2.2
BMW,K1600B,20,5,63,31.7
DODGE,VAN,20,18,256,7.8
FIRESTONE,FIRESTONE,20,13,5314,0.4
GMC,YUKON XL 1500,20,10,407,4.9
HYUNDAI,ELANTRA HYBRID,20,10,229,8.7
INFINITI,QX60 HYBRID,20,16,57,35.1
JEEP,COMMANDER 4X2,20,12,217,9.2
LAND ROVER,DEFENDER,20,12,393,5.1
LEXUS,IS 250,20,10,938,2.1
MERCEDES-BENZ,R350,20,10,307,6.5
PONTIAC,G5,20,14,510,3.9
SATURN,SW,20,17,274,7.3
SCION,XB,20,14,1291,1.5
SUZUKI,SX4,20,12,427,4.7
VOLKSWAGEN,ATLAS CROSS SPORT,20,10,783,2.6
CHEVROLET,PICKUP,19,13,593,3.2
DODGE,NITRO 4X2,19,11,150,12.7
GOODYEAR,GOODYEAR,19,7,1462,1.3
HONDA,ACCORD CROSSTOUR,19,5,127,15.0
HUMMER,H2,19,14,429,4.4
HYUNDAI,XG350,19,12,365,5.2
KIA,CARNIVAL,19,6,539,3.5
KIA,CARNIVAL HYBRID,19,4,140,13.6
KIA,NIRO EV,19,10,143,13.3
LAND ROVER,DISCOVERY II,19,13,281,6.8
MERCEDES BENZ,E CLASS,19,16,413,4.6
MITSUBISHI,LANCER EVO,19,8,49,38.8
PLYMOUTH,LASER,19,13,149,12.8
PLYMOUTH,SUNDANCE,19,16,410,4.6
POLARIS,SLINGSHOT,19,6,138,13.8
PONTIAC,TORRENT,19,9,922,2.1
SATURN,ASTRA,19,18,194,9.8
SATURN,SC,19,16,379,5.0
VOLVO,S70,19,14,782,2.4
YAMAHA,STRATOLINER,19,19,29,65.5
CHEVROLET,C SERIES(LIGHT),18,16,183,9.8
CHRYSLER,CROSSFIRE,18,16,517,3.5
DODGE,DODGE,18,11,262,6.9
FORD,C-MAX ENERGI,18,9,181,9.9
FORD,F-450,18,7,165,10.9
FORD,F250,18,15,506,3.6
FORD,REDUNDANT C-MAX HYBRID,18,12,196,9.2
FORD,ZX2 (ESCORT),18,15,95,18.9
GENESIS,G80,18,11,303,5.9
HARLEY-DAVIDSON,FLHXS,18,10,56,32.1
HYUNDAI,IONIQ 6,18,4,185,9.7
JEEP,COMPASS 4X4,18,12,327,5.5
JEEP,GRAND WAGONEER,18,12,353,5.1
KIA,BORREGO,18,17,145,12.4
MERCEDES BENZ,300,18,9,289,6.2
PORSCHE,BOXSTER,18,12,221,8.1
SUZUKI,KIZASHI,18,13,114,15.8
SUZUKI,SIDEKICK,18,14,299,6.0
TESLA,CYBERTRUCK,18,1,309,5.8
TOYOTA,LAND CRUISER,18,11,373,4.8
YAMAHA,XVS650,18,13,45,40.0
ALFA ROMEO,STELVIO,17,6,344,4.9
AUDI,A4 ALLROAD,17,11,338,5.0
BMW,535XI,17,7,223,7.6
BMW,Z3,17,8,300,5.7
BMW,Z4,17,13,1447,1.2
CADILLAC,XT4,17,15,168,10.1
CAN-AM,SPYDER F3,17,2,43,39.5
CHEVROLET,G20,17,15,355,4.8
FORD,F-53,17,9,166,10.2
HYUNDAI,SCOUPE,17,16,103,16.5
INTERNATIONAL,SCHOOL BUS,17,17,21,81.0
JEEP,WAGONEER S,17,6,163,10.4
JEEP,WRANGLER SAHARA,17,14,207,8.2
KENWORTH,T680,17,9,112,15.2
LUCID,AIR,17,3,123,13.8
MERCEDES-BENZ,E300,17,14,185,9.2
OLDSMOBILE,CUTLASS SUPREME,17,12,389,4.4
PONTIAC,G8,17,11,278,6.1
PONTIAC,GTO,17,15,786,2.2
TOYOTA,ECHO,17,17,262,6.5
VOLKSWAGEN,NEW BEETLE,17,15,262,6.5
YAMAHA,XV19,17,17,46,37.0
AUDI,A5,16,6,443,3.6
AUDI,A7,16,8,217,7.4
AUDI,S6,16,7,193,8.3
BMW,320I,16,5,248,6.5
BMW,325,16,11,294,5.4
BMW,325CI,16,12,289,5.5
BMW,I4,16,6,135,11.9
BMW,R 1200 GS,16,3,114,14.0
CADILLAC,DTS,16,7,729,2.2
GEO,TRACKER,16,13,453,3.5
JAGUAR,XK8,16,14,149,10.7
LEXUS,LS400,16,5,424,3.8
LEXUS,NX,16,8,335,4.8
LINCOLN,MKT,16,6,395,4.1
MAZDA,CX-30,16,10,381,4.2
MERCEDES BENZ,320,16,11,341,4.7
MERCEDES BENZ,S500,16,13,277,5.8
TOYOTA,PICKUP,16,13,518,3.1
VOLKSWAGEN,RABBIT,16,10,267,6.0
VOLVO,770,16,15,309,5.2
YAMAHA,XV1900,16,16,42,38.1
ALFA ROMEO,GIULIA,15,4,432,3.5
CHEVROLET,K1500,15,12,452,3.3
CHEVROLET,VAN,15,13,276,5.4
CHRYSLER,300 AWD,15,13,126,11.9
CHRYSLER,ASPEN 4X4,15,7,202,7.4
HARLEY-DAVIDSON,FLHTCUTG,15,6,107,14.0
INFINITI,FX35,15,9,578,2.6
INFINITI,I30,15,11,345,4.3
JAGUAR,I-PACE,15,5,325,4.6
KAWASAKI,NINJA 300,15,15,77,19.5
LINCOLN,CORSAIR,15,10,246,6.1
MAZDA,929,15,13,216,6.9
MERCEDES BENZ,S430,15,13,287,5.2
MERCEDES BENZ,S550,15,12,108,13.9
MERCEDES-BENZ,GL450,15,9,281,5.3
MICHELIN,MICHELIN,15,8,821,1.8
PORSCHE,MACAN,15,7,305,4.9
RAM,PROMASTER 2500,15,10,52,28.8
SAAB,9-5,15,10,662,2.3
SUZUKI,XL7,15,5,332,4.5
TOYOTA,VENZA HYBRID,15,4,389,3.9
TRIUMPH,ROCKET III,15,14,39,38.5
VOLVO,C70,15,13,258,5.8
VOLVO,XC40,15,5,326,4.6
YAMAHA,V-STAR,15,6,21,71.4
BMW,7 SERIES,14,11,148,9.5
BMW,M4,14,3,63,22.2
CHEVROLET,CHEVROLET,14,11,255,5.5
DAEWOO,LEGANZA,14,13,541,2.6
DODGE,CHARGER EV,14,4,130,10.8
DODGE,COLT,14,13,333,4.2
DODGE,DAYTONA,14,14,166,8.4
DODGE,RAM PICKUP,14,13,183,7.7
FORD,ESCAPE PHEV,14,3,159,8.8
GENESIS,G70,14,7,202,6.9
GENESIS,GV60,14,4,113,12.4
GMC,DENALI,14,12,219,6.4
GMC,GMC,14,11,247,5.7
HONDA,S2000,14,14,132,10.6
JAGUAR,F-PACE,14,5,203,6.9
JAGUAR,XJ,14,12,183,7.7
KIA,RONDO,14,9,446,3.1
MERCEDES BENZ,190,14,9,121,11.6
MERCEDES BENZ,SL500,14,11,312,4.5
MINI,COOPER CONVERTIBLE,14,12,216,6.5
MINI,COOPER S CLUBMAN,14,3,120,11.7
MINI,COOPER S CONVERTIBLE,14,12,181,7.7
TOYOTA,MR2,14,10,67,20.9
VOLKSWAGEN,GOLF SPORTWAGEN,14,8,246,5.7
YAMAHA,ROAD STAR LIMITED EDITION,14,10,15,93.3
YAMAHA,XVS11,14,9,41,34.1
YAMAHA,XVS65,14,9,26,53.8
AUDI,100,13,9,122,10.7
BMW,135I,13,10,199,6.5
CHEVROLET,C3500,13,13,206,6.3
CHRYSLER,PACIFICA AWD,13,5,95,13.7
FLEETWOOD,BOUNDER,13,13,470,2.8
FORD,BRONCO II,13,11,270,4.8
HARLEY-DAVIDSON,HARLEY DAVIDSON,13,9,148,8.8
HYUNDAI,IONIQ HYBRID,13,7,199,6.5
INFINITI,I35,13,6,300,4.3
INFINITI,QX4,13,9,389,3.3
KIA,SORENTO PHEV,13,7,68,19.1
KIA,STINGER,13,2,231,5.6
LAND ROVER,RANGE ROVER VELAR,13,6,169,7.7
LEXUS,GX470,13,5,239,5.4
MASERATI,GHIBLI,13,8,120,10.8
MAZDA,323,13,10,207,6.3
MERCEDES BENZ,C CLASS,13,10,254,5.1
MERCEDES BENZ,C280,13,7,235,5.5
MERCEDES-BENZ,GLC300,13,5,307,4.2
NISSAN,STANZA,13,10,213,6.1
TOYOTA,LAND CRUISER HYBRID,13,9,87,14.9
TOYOTA,PRIUS PRIME,13,4,165,7.9
VOLKSWAGEN,CABRIO,13,11,302,4.3
VOLKSWAGEN,JETTA SPORTWAGEN,13,9,234,5.6
VOLVO,240,13,7,186,7.0
VOLVO,VN770,13,10,243,5.3
VOLVO,VNL,13,8,176,7.4
AUDI,Q3,12,4,356,3.4
BMW,325XI,12,9,398,3.0
BMW,430I,12,3,166,7.2
BMW,650I,12,4,151,7.9
BMW,740IL,12,10,191,6.3
BMW,K 1600 GTL,12,8,93,12.9
BMW,M5,12,8,152,7.9
CHEVROLET,C/K PICKUPS,12,11,432,2.8
CHRYSLER,IMPERIAL,12,11,352,3.4
HARLEY-DAVIDSON,FLHTC,12,8,130,9.2
HARLEY-DAVIDSON,FLTRXS,12,7,59,20.3
HONDA,CMX250C,12,11,64,18.8
HYUNDAI,ELANTRA GT,12,4,161,7.5
HYUNDAI,KONA ELECTRIC,12,4,206,5.8
HYUNDAI,XG300,12,8,121,9.9
INFINITI,G20,12,10,127,9.4
JEEP,JEEP,12,9,127,9.4
KIA,EV9,12,7,405,3.0
LEXUS,LS460,12,7,226,5.3
LINCOLN,ZEPHYR,12,7,289,4.2
MERCEDES BENZ,C320,12,9,303,4.0
MERCEDES BENZ,S CLASS,12,10,338,3.6
PONTIAC,SUNBIRD,12,11,257,4.7
RIVIAN,R1T,12,2,195,6.2
SUZUKI,AERIO,12,10,145,8.3
VICTORY,CROSS COUNTRY,12,10,88,13.6
VOLKSWAGEN,GOLF ALLTRACK,12,6,153,7.8
YAMAHA,XV16,12,7,12,100.0
YAMAHA,YZFR6,12,11,58,20.7
AUDI,A3 CABRIOLET,11,6,202,5.4
BMW,740I,11,9,186,5.9
BMW,I3 REX,11,4,43,25.6
BMW,IX,11,3,186,5.9
BMW,R 1200 RT,11,2,147,7.5
CADILLAC,FLEETWOOD,11,8,265,4.2
CHEVROLET,C15,11,10,270,4.1
CHEVROLET,K15,11,10,155,7.1
CHEVROLET,MALIBU CLASSIC,11,8,406,2.7
CHEVROLET,SILVERADO 1500 HD,11,8,223,4.9
CHEVROLET,TAHOE HYBRID,11,6,139,7.9
CHEVROLET,TRAILBLAZER 360,11,9,208,5.3
CHRYSLER,EAGLE,11,8,61,18.0
GOODYEAR,EAGLE,11,8,509,2.2
HYUNDAI,ELANTRA TOURING,11,8,234,4.7
HYUNDAI,VENUE,11,10,221,5.0
INTERNATIONAL HARVESTER,SCHOOL BUS,11,10,46,23.9
LEXUS,GX,11,6,232,4.7
LINCOLN,MKZ HYBRID,11,8,235,4.7
MAZDA,CX-90 PLUG-IN HYBRID,11,6,184,6.0
MERCEDES BENZ,CLK350,11,9,135,8.1
MERCEDES BENZ,CLK430,11,8,50,22.0
MERCEDES BENZ,SLK350,11,10,66,16.7
MERCEDES-BENZ,B 250E,11,3,51,21.6
MITSUBISHI,RAIDER,11,10,126,8.7
PETERBILT,579,11,9,55,20.0
PORSCHE,CAYMAN,11,10,35,31.4
SUBARU,IMPREZA STI,11,10,53,20.8
SUBARU,JUSTY,11,11,56,19.6
SUBARU,LOYALE,11,9,107,10.3
SUZUKI,VITARA,11,10,148,7.4
TOYOTA,CROWN,11,6,160,6.9
TOYOTA,GR COROLLA,11,11,45,24.4
TOYOTA,RAV4 PRIME,11,1,298,3.7
VOLKSWAGEN,GOLF R,11,8,117,9.4
VOLVO,VN610,11,10,273,4.0
YAMAHA,YZFR1,11,11,133,8.3
AUDI,S3,10,10,123,8.1
AUDI,SQ5,10,2,156,6.4
BMW,R1150 RT,10,7,19,52.6
BMW,X4,10,4,137,7.3
BUICK,TERRAZA,10,6,341,2.9
CADILLAC,LYRIQ,10,2,221,4.5
CHEVROLET,BOLT EUV,10,8,213,4.7
CHEVROLET,NOVA,10,9,41,24.4
DODGE,B250,10,9,134,7.5
FLEETWOOD,PACE ARROW,10,9,216,4.6
FORD,CLUB WAGON,10,8,221,4.5
FORD,F SERIES,10,4,391,2.6
FORD,TAURUS SHO,10,5,159,6.3
GENESIS,GV80,10,6,280,3.6
GMC,PICK UP,10,7,158,6.3
HYUNDAI,TUCSON PLUG-IN HYBRID,10,7,42,23.8
INFINITI,J30,10,8,101,9.9
INFINITI,Q60,10,1,113,8.8
JAGUAR,JAGUAR,10,8,78,12.8
KIA,SOUL EV,10,6,52,19.2
LAND ROVER,LR4,10,9,195,5.1
MAZDA,MAZDA,10,7,88,11.4
MAZDA,MAZDASPEED6,10,6,33,30.3
MAZDA,NAVAJO,10,9,197,5.1
MINI,COOPER COUNTRYMAN,10,6,165,6.1
PLYMOUTH,COLT VISTA,10,9,46,21.7
PONTIAC,TRANS AM,10,9,196,5.1
SATURN,SKY,10,3,623,1.6
SUBARU,B9 TRIBECA,10,7,214,4.7
TOYOTA,COROLLA MATRIX,10,8,477,2.1
TOYOTA,REDUNDANT SIENNA,10,2,383,2.6
TOYOTA,SEQUOIA HYBRID,10,1,124,8.1
TOYOTA,SIENNA HYBRID,10,1,553,1.8
VOLKSWAGEN,EUROVAN,10,10,282,3.5
VOLVO,740,10,9,199,5.0
AUDI,5000,9,7,73,12.3
AUDI,ALLROAD,9,7,122,7.4
AUDI,Q5 E,9,4,107,8.4
BMW,530XI,9,3,243,3.7
BMW,BMW MOTORCYCLE,9,5,60,15.0
CHEVROLET,C2500,9,6,269,3.3
CHEVROLET,MALIBU ECO,9,4,173,5.2
CHRYSLER,SEBRING COUPE,9,8,67,13.4
DAEWOO,NUBIRA,9,7,573,1.6
DODGE,RAM 5500,9,0,114,7.9
DODGE,SPRINTER 2500,9,2,189,4.8
DODGE,SRT-4,9,7,48,18.8
GMC,GMC TRUCK,9,8,142,6.3
HARLEY-DAVIDSON,FLHRC,9,4,61,14.8
HARLEY-DAVIDSON,SPORTSTER,9,8,81,11.1
HYUNDAI,SONATA PLUG-IN HYBRID,9,0,103,8.7
INFINITI,M35,9,8,570,1.6
INFINITI,M45,9,1,372,2.4
KAWASAKI,NINJA,9,5,53,17.0
KIA,SEDONA EX,9,7,189,4.8
LEXUS,LS,9,3,293,3.1
MERCEDES BENZ,ML430,9,7,197,4.6
MERCEDES BENZ,ML500,9,9,141,6.4
MERCEDES BENZ,SLK,9,8,96,9.4
MERCEDES-BENZ,AMG C43,9,7,79,11.4
MERCEDES-BENZ,E 450,9,5,95,9.5
MERCEDES-BENZ,GLE 450,9,4,122,7.4
MERCURY,CAPRI,9,7,60,15.0
NISSAN,ARIYA,9,5,84,10.7
POLESTAR,POLESTAR 2,9,0,750,1.2
PORSCHE,911,9,4,182,4.9
TIFFIN,ALLEGRO,9,5,208,4.3
TOYOTA,PRIUS C,9,6,283,3.2
TOYOTA,RAV4 EV,9,4,34,26.5
TOYOTA,TOYOTA,9,6,233,3.9
VOLVO,WIA,9,8,91,9.9
YAMAHA,FJR1300,9,6,172,5.2
YAMAHA,YZF-R1,9,6,73,12.3
AUDI,S7,8,5,86,9.3
BMW,318,8,8,170,4.7
BMW,328IC,8,6,44,18.2
BMW,535D,8,5,98,8.2
BMW,R1200C,8,4,55,14.5
BMW,X1 SAV,8,5,221,3.6
CADILLAC,CT6 PLUG-IN HYBRID,8,8,16,50.0
CADILLAC,XTS,8,4,310,2.6
CHEVROLET,C SERIES,8,7,119,6.7
CHEVROLET,CELEBRITY,8,7,270,3.0
DODGE,PICKUP,8,8,142,5.6
FORD,MOUNTAINEER,8,8,52,15.4
FREIGHTLINER,FREIGHTLINER,8,7,233,3.4
GMC,ENVOY DENALI,8,5,172,4.7
HARLEY-DAVIDSON,FLHR,8,5,100,8.0
HARLEY-DAVIDSON,XG750,8,2,123,6.5
HONDA,CIVIC SI,8,5,242,3.3
HYUNDAI,EQUUS,8,4,139,5.8
INFINITI,EX35,8,4,102,7.8
INFINITI,M56,8,1,31,25.8
ISUZU,ASCENDER,8,6,281,2.8
LEXUS,GS,8,7,210,3.8
LEXUS,TX,8,4,114,7.0
LINCOLN,MARK,8,8,108,7.4
MERCEDES BENZ,CLK320,8,7,160,5.0
MERCEDES BENZ,MERCEDES BENZ,8,5,134,6.0
MERCURY,MILAN HYBRID,8,1,80,10.0
MINI,CLUBMAN,8,6,104,7.7
MITSUBISHI,ECLIPSE CROSS,8,4,104,7.7
NISSAN,PICKUP,8,6,69,11.6
RAM,4500,8,4,64,12.5
RIVIAN,R1S,8,2,280,2.9
SATURN,L300,8,5,170,4.7
SATURN,RELAY,8,6,190,4.2
SMART,FORTWO CABRIO,8,8,36,22.2
SUBARU,BAJA,8,5,146,5.5
SUBARU,SOLTERRA,8,1,137,5.8
TOYOTA,TERCEL,8,5,389,2.1
VICTORY,V92C SPECIAL EDITION,8,8,8,100.0
VOLKSWAGEN,VOLKSWAGEN,8,8,122,6.6
VOLVO,960,8,7,277,2.9
VOLVO,EX90,8,1,130,6.2
VOLVO,VNL64T,8,8,193,4.1
ACURA,MDX SPORT HYBRID,7,5,32,21.9
AUDI,AUDI,7,7,71,9.9
AUDI,QUATTRO,7,4,145,4.8
BMW,318I,7,5,113,6.2
BMW,330E,7,3,62,11.3
BMW,335XI,7,5,205,3.4
BMW,750XI,7,3,29,24.1
BMW,C650 GT MAXI-SCOOTER,7,0,69,10.1
BMW,R1100RSL,7,4,14,50.0
CADILLAC,CADILLAC,7,6,150,4.7
CADILLAC,XLR,7,5,108,6.5
CHEVROLET,CORVETTE Z06,7,2,175,4.0
CHEVROLET,G SERIES,7,7,116,6.0
CHEVROLET,G30,7,5,93,7.5
CHEVROLET,MOTOR HOME,7,7,105,6.7
CHRYSLER,LEBARON CONVERTIBLE,7,6,27,25.9
DAEWOO,LANOS,7,6,502,1.4
DODGE,CALIBER AWD,7,3,151,4.6
DODGE,DURANGO 4X4,7,4,109,6.4
DODGE,RAM WAGON,7,7,44,15.9
DODGE,SPRINTER 3500,7,4,113,6.2
FIAT,500E,7,1,80,8.8
FORD,F-550,7,3,125,5.6
FORD,F53,7,1,97,7.2
FORD,GT500,7,7,9,77.8
FORD,LTD,7,7,91,7.7
FREIGHTLINER,CASCADIA,7,5,401,1.7
GMC,C1500,7,5,161,4.3
GOODYEAR,WRANGLER,7,5,510,1.4
HONDA,VTX1800,7,1,149,4.7
HYUNDAI,ENTOURAGE,7,5,453,1.5
HYUNDAI,SANTA FE PLUG-IN HYBRID,7,4,79,8.9
INFINITI,QX30,7,3,98,7.1
ISUZU,AMIGO,7,5,221,3.2
JAGUAR,F-TYPE,7,1,59,11.9
JEEP,WRANGLER X RHD 4X4,7,4,59,11.9
KIA,CADENZA,7,3,292,2.4
KIA,K4,7,4,101,6.9
LAND ROVER,NEW RANGE ROVER,7,3,93,7.5
LINCOLN,MARK LT,7,2,59,11.9
LOTUS,ELISE,7,5,83,8.4
MAZDA,CX-70,7,5,84,8.3
MAZDA,MX3,7,7,122,5.7
MERCEDES BENZ,240,7,6,117,6.0
MERCEDES BENZ,CLK CLASS,7,7,40,17.5
MERCEDES-BENZ,A 220,7,6,124,5.6
MERCEDES-BENZ,GLB 250,7,2,159,4.4
MERCEDES-BENZ,S 580,7,3,116,6.0
MERCURY,MARAUDER,7,3,126,5.6
MERCURY,MERCURY,7,4,94,7.4
MINI,COOPER CLUBMAN,7,1,172,4.1
MINI,COOPER S COUNTRYMAN,7,7,59,11.9
NISSAN,CREW,7,5,130,5.4
PONTIAC,LEMANS,7,5,172,4.1
PORSCHE,911 TURBO,7,3,89,7.9
SAAB,9-7X,7,4,237,3.0
SUZUKI,ESTEEM,7,6,192,3.6
SUZUKI,XL-7,7,4,219,3.2
TOYOTA,TOYOTA TRUCK,7,7,180,3.9
VOLKSWAGEN,E-GOLF,7,3,88,8.0
VOLKSWAGEN,SCIROCCO,7,5,23,30.4
VOLVO,VN660,7,7,52,13.5
VOLVO,VOLVO,7,3,146,4.8
WINNEBAGO,ADVENTURER,7,4,272,2.6
YAMAHA,FZ09,7,6,20,35.0
YAMAHA,XV1600ASNC,7,6,13,53.8
YAMAHA,YZFR6L,7,7,37,18.9
AUDI,A4 AVANT,6,2,83,7.2
AUDI,Q6 E-TRON,6,1,72,8.3
BMW,228I,6,4,94,6.4
BMW,323CI,6,4,33,18.2
BMW,428I,6,2,258,2.3
BMW,435I,6,2,61,9.8
BMW,525,6,6,101,5.9
BMW,530IA,6,6,34,17.6
BMW,540IA,6,6,48,12.5
BMW,740LI,6,3,43,14.0
BMW,BMW,6,2,115,5.2
BMW,E46,6,4,51,11.8
BMW,K 1600 GT,6,4,39,15.4
BMW,K1200 GT,6,2,72,8.3
BMW,K1300 S,6,3,77,7.8
BMW,M340I,6,2,88,6.8
BMW,R1100 RT,6,3,24,25.0
BMW,R1200 GS ADVENTURE,6,2,47,12.8
BOUNDER,MOTORHOME,6,3,86,7.0
CADILLAC,CT4,6,4,56,10.7
CHEVROLET,EXPRESS 2500,6,3,104,5.8
CHEVROLET,EXPRESS 3500,6,6,163,3.7
CHEVROLET,PRIZM,6,5,195,3.1
CHEVROLET,REDUNDANT SILVERADO 2500,6,4,116,5.2
CHEVROLET,TRAILBLAZER EXT 370,6,5,370,1.6
DODGE,B SERIES,6,6,63,9.5
DODGE,CHARGER AWD,6,6,62,9.7
DODGE,SPRINTER,6,4,115,5.2
DUCATI,1199 PANIGALE,6,4,27,22.2
FIRESTONE,WILDERNESS,6,3,1760,0.3
FORD,E550,6,4,80,7.5
FORD,F SERIES (LIGHT),6,3,167,3.6
FORD,F-650,6,6,58,10.3
FORD,POLICE INTERCEPTOR SEDAN,6,5,43,14.0
GENESIS,G90,6,4,96,6.2
GMC,ENVOY XUV,6,5,231,2.6
GMC,K2500,6,6,73,8.2
GMC,YUKON XL DENALI,6,4,106,5.7
HARLEY-DAVIDSON,FLSTC,6,2,88,6.8
HARLEY-DAVIDSON,FLTRX,6,5,75,8.0
HONDA,CR-Z,6,2,91,6.6
HONDA,GROM125,6,5,12,50.0
HONDA,VTX1300,6,2,279,2.2
HUSQVARNA,VITPILEN 701,6,5,16,37.5
HYUNDAI,ELANTRA N,6,4,60,10.0
HYUNDAI,HYUNDAI,6,5,87,6.9
HYUNDAI,IONIQ 9,6,0,61,9.8
HYUNDAI,VELOSTER N,6,2,90,6.7
INFINITI,Q70,6,4,26,23.1
INFINITI,QX80,6,3,190,3.2
ISUZU,RODEO SPORT,6,6,143,4.2
JEEP,WRANGLER 4-DR 4X2,6,3,160,3.8
KAWASAKI,KLR650,6,3,229,2.6
KIA,KIA,6,4,76,7.9
LEXUS,ES HYBRID,6,4,67,9.0
LEXUS,GS 350,6,3,208,2.9
LEXUS,GX460,6,2,129,4.7
LEXUS,IS 300,6,2,158,3.8
LINCOLN,AVIATOR PHEV,6,2,65,9.2
LINCOLN,LINCOLN,6,6,153,3.9
MASERATI,QUATTROPORTE,6,4,68,8.8
MAZDA,TRIBUTE HYBRID,6,6,16,37.5
MERCEDES BENZ,420,6,5,92,6.5
MERCEDES BENZ,CLS550,6,4,82,7.3
MERCEDES BENZ,E430,6,4,100,6.0
MERCEDES BENZ,R500,6,5,42,14.3
MERCEDES BENZ,SLK230,6,3,190,3.2
MERCEDES-BENZ,AMG GLC43,6,5,50,12.0
MERCEDES-BENZ,AMG GT,6,3,25,24.0
MERCEDES-BENZ,C350,6,1,138,4.3
MERCEDES-BENZ,CLS550,6,5,54,11.1
MERCEDES-BENZ,E 350,6,4,65,9.2
MERCEDES-BENZ,GLE350,6,5,156,3.8
MERCEDES-BENZ,GLS 450,6,4,107,5.6
MITSUBISHI,MITSUBISHI,6,5,73,8.2
NISSAN,240SX,6,4,238,2.5
NISSAN,ALTIMA HYBRID,6,4,166,3.6
NISSAN,NISSAN,6,4,151,4.0
NISSAN,NV,6,4,88,6.8
NORTH CENTRAL EMERGENCY,FORD E-450,6,6,9,66.7
OLDSMOBILE,OLDSMOBILE,6,3,97,6.2
PLYMOUTH,COLT,6,4,160,3.8
POLESTAR,POLESTAR 3,6,2,126,4.8
PORSCHE,CAYENNE TURBO,6,2,47,12.8
SATURN,L200,6,1,207,2.9
SATURN,VUE HYBRID,6,3,72,8.3
SMART,FORTWO COUPE,6,5,26,23.1
SUBARU,SUBARU,6,5,104,5.8
SUZUKI,GSX-R750,6,3,66,9.1
SUZUKI,GSX1300,6,6,16,37.5
TOYOTA,MR2 SPYDER,6,6,41,14.6
TOYOTA,RAV4 PLUG-IN HYBRID,6,2,29,20.7
VINFAST,VF 8,6,4,122,4.9
YAMAHA,1100 SILVERADO,6,4,23,26.1
AM GENERAL,HUMMER,5,5,69,7.2
AUDI,80,5,3,29,17.2
AUDI,A6 ALLROAD,5,3,36,13.9
BMW,328CI,5,0,26,19.2
BMW,335,5,1,96,5.2
BMW,7-SERIES,5,1,26,19.2
BMW,760LI,5,4,28,17.9
BMW,K 1200 GT,5,1,23,21.7
BMW,K1200 R,5,4,21,23.8
BMW,K1300 GT,5,3,64,7.8
BMW,M6,5,4,48,10.4
BMW,R1100,5,4,15,33.3
BMW,R1100 RS,5,4,12,41.7
BMW,R1150GS,5,4,32,15.6
BMW,RT SERIES,5,3,15,33.3
BMW,X5 DIESEL SAV,5,0,59,8.5
BMW,Z3 ROADSTER,5,3,55,9.1
CADILLAC,ALLANTE,5,3,232,2.2
CAN-AM,SPYDER RS,5,4,101,5.0
CHEVROLET,C10,5,4,189,2.6
CHEVROLET,C20,5,5,101,5.0
CHEVROLET,C35,5,3,68,7.4
CHEVROLET,CAPTIVA SPORT,5,2,157,3.2
CHEVROLET,G VAN,5,5,34,14.7
CHEVROLET,K10,5,5,90,5.6
CHEVROLET,Z71,5,5,120,4.2
COACHMEN,MIRADA,5,4,43,11.6
DODGE,LANCER,5,4,59,8.5
DODGE,RAM 4500,5,0,53,9.4
DUCATI,MULTISTRADA,5,4,68,7.4
FORD,F-650 SD,5,2,57,8.8
FORD,F350,5,5,200,2.5
FORD,PICKUP,5,4,68,7.4
FORD,SUPER DUTY,5,3,73,6.8
FORD,SUPER DUTY F SERIES,5,3,28,17.9
FOREST RIVER,GEORGETOWN,5,2,194,2.6
GEO,STORM,5,4,347,1.4
GMC,K3500,5,1,16,31.2
GMC,YUKON HYBRID,5,3,80,6.2
GMC,YUKON XL 2500,5,2,79,6.3
HARLEY-DAVIDSON,FLHT,5,2,76,6.6
HARLEY-DAVIDSON,FXDBI,5,1,15,33.3
HARLEY-DAVIDSON,FXDL,5,2,47,10.6
HARLEY-DAVIDSON,FXDWGI,5,3,26,19.2
HONDA,CIVIC TYPE R,5,2,40,12.5
HONDA,GL1500,5,1,51,9.8
HONDA,GL1800A,5,4,63,7.9
HONDA,VALKYRIE,5,0,35,14.3
HYUNDAI,IONIQ PLUG-IN HYBRID,5,2,41,12.2
INDIAN,CHIEF,5,4,99,5.1
INDIAN,CHIEFTAIN,5,4,19,26.3
INDIAN,ROADMASTER,5,2,34,14.7
JAGUAR,E-PACE,5,2,35,14.3
JAGUAR,XJ6,5,5,177,2.8
JEEP,WRANGLER 4-DR 4X4 RHD,5,4,27,18.5
KAWASAKI,VULCAN,5,5,70,7.1
KIA,RIO CINCO,5,4,63,7.9
KTM,790 ADVENTURE R,5,1,76,6.6
LEXUS,CT,5,1,192,2.6
LEXUS,IS 350,5,3,279,1.8
LINCOLN,CORSAIR PHEV,5,2,63,7.9
LINCOLN,MARK VII,5,4,137,3.6
MACK,GRANITE (GR),5,3,14,35.7
MERCEDES BENZ,C,5,5,32,15.6
MERCEDES BENZ,C240,5,5,127,3.9
MERCEDES BENZ,C350,5,3,323,1.5
MERCEDES-BENZ,AMG E55,5,3,399,1.3
MERCEDES-BENZ,AMG GLE43,5,1,52,9.6
MERCEDES-BENZ,AMG GLE53 4MATIC+,5,3,22,22.7
MERCEDES-BENZ,E 300,5,4,85,5.9
MERCEDES-BENZ,GL350,5,1,102,4.9
MERCEDES-BENZ,SL550,5,4,34,14.7
MINI,COUNTRYMAN,5,3,157,3.2
MITSUBISHI,OUTLANDER PHEV,5,2,37,13.5
MITSUBISHI,PRECIS,5,5,23,21.7
NISSAN,200SX,5,2,209,2.4
NISSAN,PATHFINDER HYBRID,5,4,16,31.2
POLARIS,EXPLORER,5,4,15,33.3
PONTIAC,6000,5,4,121,4.1
PORSCHE,BOXSTER (987),5,5,11,45.5
POWERTRAIN,POWERTRAIN,5,4,92,5.4
SAAB,9-3 CONVERTIBLE,5,5,80,6.2
SCION,IA,5,5,39,12.8
SCION,IM,5,4,17,29.4
SCION,XA,5,4,167,3.0
SUBARU,BRZ,5,3,130,3.8
SUZUKI,DL650,5,5,19,26.3
TOYOTA,SEQUOIA SR5,5,2,177,2.8
TRIUMPH,TT600,5,5,21,23.8
VANDERHALL,VENICE,5,1,19,26.3
VICTORY,CROSS COUNTRY TOUR,5,5,10,50.0
VICTORY,KINGPIN,5,4,16,31.2
VICTORY,V92SC,5,5,8,62.5
VOLKSWAGEN,FOX,5,3,107,4.7
VOLVO,940,5,4,138,3.6
VOLVO,VN,5,4,150,3.3
WINNEBAGO,WINNEBAGO,5,5,215,2.3
ACURA,ZDX,4,3,117,3.4
AMERIVAN,TOYOTA SIENNA,4,1,60,6.7
AUDI,E-TRON SPORTBACK,4,1,35,11.4
AUDI,Q5 SPORTBACK,4,1,53,7.5
AUDI,S5 CABRIOLET,4,4,19,21.1
AUDI,S8,4,1,53,7.5
BMW,1 SERIES,4,1,134,3.0
BMW,128I,4,0,238,1.7
BMW,328,4,3,125,3.2
BMW,750IX,4,1,13,30.8
BMW,E36,4,4,26,15.4
BMW,R SERIES,4,4,30,13.3
BRAUN,TOWN & COUNTRY,4,3,151,2.6
BUICK,BUICK,4,4,117,3.4
CADILLAC,ESCALADE EXT,4,3,126,3.2
CAN-AM,RYKER,4,1,238,1.7
CHEVROLET,3500,4,4,22,18.2
CHEVROLET,CHEVY VAN,4,3,120,3.3
CHEVROLET,EQUINOX EV,4,2,381,1.0
CHEVROLET,EXPLORER,4,3,44,9.1
CHEVROLET,K2500,4,4,123,3.3
CHEVROLET,S SERIES,4,4,33,12.1
CHEVROLET,SILVERADO EV,4,1,82,4.9
CHEVROLET,SSR,4,3,96,4.2
CHRYSLER,CHRYSLER TRUCK,4,3,19,21.1
CHRYSLER,SEBRING SEDAN,4,2,105,3.8
CHRYSLER,SRT8,4,2,9,44.4
DODGE,AVENGER AWD,4,3,19,21.1
DODGE,STRATUS COUPE,4,2,87,4.6
FIRESTONE,FIREHAWK,4,3,354,1.1
FORD,B800,4,4,10,40.0
FORD,ESCAPE HEV,4,2,80,5.0
FORD,F SERIES (HEAVY),4,4,27,14.8
FORD,FESTIVA,4,3,201,2.0
FORD,MUSTANG CONVERTIBLE,4,3,170,2.4
FREIGHTLINER,M2,4,2,38,10.5
GMC,1500,4,2,73,5.5
GMC,ENVOY DENALI XL,4,2,62,6.5
GMC,PASSENGER VEHICLE,4,4,61,6.6
GMC,PICKUP,4,1,149,2.7
HARLEY-DAVIDSON,ELECTRA GLIDE,4,1,44,9.1
HARLEY-DAVIDSON,FLHTKSE,4,4,17,23.5
HARLEY-DAVIDSON,FLHXSE,4,4,21,19.0
HARLEY-DAVIDSON,FLTRU,4,2,70,5.7
HARLEY-DAVIDSON,RA1250S,4,0,41,9.8
HARLEY-DAVIDSON,SOFTAIL,4,1,54,7.4
HARLEY-DAVIDSON,TRIKE,4,2,12,33.3
HOLIDAY RAMBLER,VACATIONER,4,2,70,5.7
HONDA,CBR1000RR,4,4,55,7.3
HONDA,V SERIES,4,4,13,30.8
HONDA,VT750,4,3,43,9.3
HUSQVARNA,TR650,4,2,117,3.4
INFINITI,FX45,4,3,88,4.5
INFINITI,JX,4,3,18,22.2
INFINITI,M30,4,4,27,14.8
INFINITI,Q70L,4,1,11,36.4
ISUZU,NPR,4,2,66,6.1
ISUZU,NPR HD,4,0,14,28.6
ISUZU,OASIS,4,3,29,13.8
JAGUAR,VANDEN PLAS,4,2,75,5.3
JAGUAR,XJ8L,4,4,28,14.3
JEEP,COMPASS FWD,4,3,101,4.0
KAWASAKI,EX300,4,4,22,18.2
KAWASAKI,KAWASAKI,4,2,111,3.6
KAWASAKI,NINJA ZX-10R,4,3,12,33.3
KAWASAKI,NINJA ZX-6R,4,1,78,5.1
KAWASAKI,VULCAN CLASSIC,4,4,16,25.0
KIA,SPORTAGE PHEV,4,3,58,6.9
LEXUS,GX 470,4,3,43,9.3
LEXUS,HS,4,3,81,4.9
LEXUS,RX 350,4,2,48,8.3
LEXUS,SC300,4,2,37,10.8
MERCEDES BENZ,280,4,2,126,3.2
MERCEDES BENZ,CLS500,4,3,87,4.6
MERCEDES BENZ,E,4,4,34,11.8
MERCEDES BENZ,E300,4,2,53,7.5
MERCEDES BENZ,M CLASS,4,3,93,4.3
MERCEDES BENZ,M-CLASS,4,3,22,18.2
MERCEDES BENZ,S600,4,0,95,4.2
MERCEDES BENZ,SLK280,4,4,60,6.7
MERCEDES-BENZ,AMG C63,4,0,33,12.1
MERCEDES-BENZ,AMG CLA45,4,2,41,9.8
MERCEDES-BENZ,EQB 300 4MATIC,4,3,100,4.0
MERCEDES-BENZ,GL550,4,1,70,5.7
MERCEDES-BENZ,GLK250,4,2,58,6.9
MERCEDES-BENZ,GLS 450 4MATIC,4,1,77,5.2
MERCEDES-BENZ,S550,4,2,184,2.2
MERCEDES-BENZ,SPRINTER 1500,4,1,44,9.1
MITSUBISHI,MIRAGE G4,4,2,98,4.1
MITSUBISHI FUSO,FE125,4,3,6,66.7
MOTO GUZZI,V11 SPORT,4,3,8,50.0
NATIONAL RV,NATIONAL RV,4,2,54,7.4
NEWMAR,DUTCH STAR,4,2,210,1.9
NISSAN,GT-R,4,4,42,9.5
NISSAN,NV3500,4,4,32,12.5
NISSAN,REDUNDANT ROGUE SPORT,4,1,47,8.5
PLYMOUTH,PLYMOUTH,4,4,45,8.9
POLARIS,1631,4,1,7,57.1
PONTIAC,FIERO,4,4,164,2.4
PONTIAC,G3,4,1,27,14.8
PORSCHE,911 GT3,4,1,67,6.0
PORSCHE,968,4,3,12,33.3
RAM,PROMASTER 3500,4,3,30,13.3
RIALTA,RIALTA,4,4,82,4.9
SANTA FE,SANTA FE TRAILER,4,3,64,6.2
SCION,XD,4,3,172,2.3
SONDORS,METACYCLE,4,2,20,20.0
SUZUKI,GSX-R1000,4,3,61,6.6
SUZUKI,GSX-R600,4,1,116,3.4
SUZUKI,GSX1300R,4,3,45,8.9
SUZUKI,SWIFT,4,3,53,7.5
THOR MOTOR COACH,MIRAMAR,4,2,44,9.1
TOYOTA,COROLLA IM,4,2,32,12.5
TOYOTA,CRESSIDA,4,4,57,7.0
TOYOTA,PRERUNNER,4,3,33,12.1
TRIUMPH,ROCKET III CLASSIC,4,4,8,50.0
TRIUMPH,ROCKET III TOURING,4,4,8,50.0
TRIUMPH,TROPHY SE A1,4,4,11,36.4
VICTORY,V92DC DELUXE CRUISER,4,2,10,40.0
VOLKSWAGEN,CORRADO,4,4,186,2.2
VOLKSWAGEN,QUANTUM,4,3,10,40.0
VOLVO,760,4,2,61,6.6
VOLVO,C40BEV,4,0,67,6.0
VOLVO,V40,4,3,94,4.3
WINNEBAGO,VISTA,4,4,43,9.3
WORKHORSE,CHASSIS,4,4,72,5.6
YAMAHA,FZ-09,4,4,17,23.5
YAMAHA,ROADLINER,4,4,8,50.0
YAMAHA,ROADSTER,4,4,5,80.0
YAMAHA,XV17PCP,4,4,4,100.0
ACURA,RLX,3,1,175,1.7
ALFA ROMEO,164,3,3,15,20.0
ALLISON,TRANSMISSION,3,3,6,50.0
AUDI,E-TRON GT,3,2,25,12.0
AUDI,RS 5,3,3,15,20.0
AUDI,RS6,3,3,51,5.9
BLUE BIRD,SCHOOL BUS,3,3,52,5.8
BMW,3-SERIES,3,3,28,10.7
BMW,318TI,3,2,31,9.7
BMW,320,3,3,30,10.0
BMW,335D,3,1,75,4.0
BMW,335I US,3,1,25,12.0
BMW,530,3,3,30,10.0
BMW,530E,3,1,67,4.5
BMW,535I US,3,2,45,6.7
BMW,550I GRAN TURISMO,3,1,30,10.0
BMW,760I,3,1,45,6.7
BMW,F800 ST,3,0,18,16.7
BMW,I5,3,2,51,5.9
BMW,K SERIES,3,2,21,14.3
BMW,M235I,3,3,25,12.0
BMW,M3 US,3,3,14,21.4
BRIDGESTONE,BRIDGESTONE,3,2,706,0.4
BUELL,1125R,3,2,61,4.9
BUICK,ENVISTA,3,0,139,2.2
CADILLAC,CTS-V,3,1,39,7.7
CHEVROLET,BLAZER EV,3,0,167,1.8
CHEVROLET,CLASSIC,3,2,118,2.5
CHEVROLET,COBALT SS,3,2,353,0.8
CHEVROLET,EXPRESS 1500,3,3,133,2.3
CHEVROLET,EXPRESS CUTAWAY VAN,3,3,18,16.7
CHEVROLET,G25,3,1,35,8.6
CHEVROLET,IMPALA (GMX 211),3,3,27,11.1
CHEVROLET,K20,3,3,33,9.1
CHEVROLET,P SERIES,3,3,21,14.3
CHEVROLET,PICKUP TRUCK,3,3,32,9.4
CHEVROLET,S PICKUP,3,3,42,7.1
CHEVROLET,SONOMA,3,3,37,8.1
CHEVROLET,W3500,3,2,28,10.7
CHRYSLER,200 CONVERTIBLE,3,3,56,5.4
CHRYSLER,GRAND VOYAGER,3,2,26,11.5
COACHMEN,COACHMEN,3,3,128,2.3
DAEWOO PUERTO RICO,LANOS,3,2,88,3.4
DODGE,HORNET PHEV,3,2,87,3.4
DODGE,MINI RAM VAN,3,2,40,7.5
DODGE,QUAD,3,3,64,4.7
DODGE,RAM CLUB CAB,3,2,39,7.7
DODGE,VIPER,3,2,85,3.5
DUCATI,MTS1200 ABS,3,0,8,37.5
ENTEGRA,ANTHEM,3,1,30,10.0
FIRESTONE,AFFINITY,3,3,332,0.9
FIRESTONE,WILDERNESS AT,3,1,1198,0.3
FORD,E-SERIES,3,3,48,6.2
FORD,EXPLORER HYBRID,3,0,17,17.6
FORD,EXPLORER POLICE INTERCEPT,3,3,51,5.9
FORD,F-59,3,0,23,13.0
FORD,F-750 SD,3,1,11,27.3
FORD,FAIRMONT,3,2,15,20.0
FORD,FOCUS RS,3,3,6,50.0
FORD,SHO (TAURUS),3,3,29,10.3
FOREST RIVER,FLAGSTAFF,3,0,105,2.9
FOUR WINDS,FOUR WINDS,3,3,79,3.8
FREIGHTLINER,BUSINESS CLASS M2,3,2,62,4.8
FREIGHTLINER,FL60,3,2,27,11.1
FREIGHTLINER,SPRINTER 2500,3,1,65,4.6
GMC,C10,3,2,19,15.8
GMC,C15,3,3,44,6.8
GMC,C3500,3,2,43,7.0
GMC,C4500,3,3,27,11.1
GMC,G SERIES,3,3,35,8.6
GMC,G25,3,3,20,15.0
GMC,GM,3,2,141,2.1
GMC,K1500,3,3,106,2.8
GMC,TERRAIN NA,3,3,38,7.9
HARLEY-DAVIDSON,FL SERIES,3,1,13,23.1
HARLEY-DAVIDSON,FLHTCUI,3,0,128,2.3
HARLEY-DAVIDSON,FLHTCUSE3,3,3,15,20.0
HARLEY-DAVIDSON,FLSTF,3,1,46,6.5
HARLEY-DAVIDSON,FXD,3,2,30,10.0
HARLEY-DAVIDSON,FXDWG,3,2,53,5.7
HARLEY-DAVIDSON,FXSTB,3,1,15,20.0
HARLEY-DAVIDSON,SOFT TAIL,3,1,28,10.7
HARLEY-DAVIDSON,XL1200C,3,3,30,10.0
HONDA,CLARITY ELECTRIC,3,0,55,5.5
HONDA,CRF450X,3,3,3,100.0
HONDA,CRV,3,3,4,75.0
HONDA,CTX700,3,1,17,17.6
HONDA,VFR1200F,3,2,23,13.0
HYUNDAI,KONA N,3,2,22,13.6
HYUNDAI,NEXO,3,0,39,7.7
INDIAN,SCOUT,3,2,65,4.6
INEOS,GRENADIER,3,1,37,8.1
INFINITI,FX,3,2,13,23.1
INFINITI,M,3,2,19,15.8
INTERNATIONAL,LT,3,3,29,10.3
INTERNATIONAL HARVESTER,9300,3,3,38,7.9
ISUZU,HOMBRE,3,2,142,2.1
ISUZU,I-290,3,1,24,12.5
ISUZU,ISUZU TRUCK,3,3,52,5.8
JAGUAR,XE,3,2,60,5.0
JAGUAR,XJR,3,3,40,7.5
JAGUAR,XJS,3,3,108,2.8
KAWASAKI,VULCAN 1500,3,3,31,9.7
KAWASAKI,VULCAN 900,3,2,13,23.1
KAWASAKI,ZX1100,3,3,19,15.8
KIA,NIRO HYBRID,3,2,24,12.5
KIA,OPTIMA PHEV,3,1,53,5.7
KYMCO,K-PIPE,3,3,5,60.0
LEXUS,GS HYBRID,3,3,25,12.0
LEXUS,GS450H,3,2,25,12.0
LEXUS,HS 250 HYBRID,3,1,106,2.8
LEXUS,LEXUS,3,3,75,4.0
LEXUS,LS460L,3,1,62,4.8
LEXUS,LX470,3,3,102,2.9
LEXUS,SC400,3,2,80,3.8
LOTUS,EVORA,3,3,22,13.6
MAZDA,CX9,3,2,58,5.2
MAZDA,RX-7,3,3,205,1.5
MERCEDES BENZ,230,3,2,39,7.7
MERCEDES BENZ,300 SERIES,3,3,79,3.8
MERCEDES BENZ,500,3,2,123,2.4
MERCEDES BENZ,600,3,2,57,5.3
MERCEDES BENZ,CL500,3,3,64,4.7
MERCEDES BENZ,CLK500,3,2,44,6.8
MERCEDES BENZ,SLK320,3,3,66,4.5
MERCEDES BENZ,SPRINTER 2500,3,3,66,4.5
MERCEDES BENZ,SPRINTER 3500,3,2,52,5.8
MERCEDES-BENZ,AMG GLA45,3,3,29,10.3
MERCEDES-BENZ,AMG GLB35,3,2,14,21.4
MERCEDES-BENZ,CLA 250,3,0,137,2.2
MERCEDES-BENZ,E550,3,2,214,1.4
MERCEDES-BENZ,EQS 450+,3,0,42,7.1
MERCEDES-BENZ,GLC 300 4MATIC,3,2,49,6.1
MERCEDES-BENZ,GLE 450E 4MATIC,3,0,27,11.1
MERCEDES-BENZ,GLE300D,3,2,13,23.1
MERCEDES-BENZ,GLE450,3,2,43,7.0
MERCEDES-BENZ,GLS450,3,1,100,3.0
MERCEDES-BENZ,SPRINTER 4500,3,2,22,13.6
MITSUBISHI,EXPO LRV,3,3,11,27.3
MITSUBISHI CARIBBEAN,GALANT,3,3,19,15.8
MOBILITY WORKS,FORD E-350,3,2,8,37.5
MONACO COACH,WINDSOR,3,3,33,9.1
PLYMOUTH,DUSTER,3,3,26,11.5
PLYMOUTH,PROWLER,3,2,69,4.3
PORSCHE,718 CAYMAN,3,2,29,10.3
SCOOTER,UNKNOWN,3,2,67,4.5
SPRINTER,2500,3,3,11,27.3
SPRINTER,3500,3,2,60,5.0
SUBARU,GL,3,2,100,3.0
SUBARU,OUTBACK SPORT,3,3,18,16.7
SUZUKI,AN650,3,3,23,13.0
SUZUKI,AN650 BURGMAN,3,3,10,30.0
SUZUKI,GRAND VITARA XL-7,3,3,57,5.3
SUZUKI,SUZUKI,3,3,49,6.1
SUZUKI,SV1000S,3,2,54,5.6
THOR MOTOR COACH,MAGNITUDE,3,2,29,10.3
THOR MOTOR COACH,WINDSPORT,3,2,59,5.1
TOYOTA,AVALON HYBRID,3,3,81,3.7
TOYOTA,PRIUS PLUG-IN HYBRID,3,2,93,3.2
TOYOTA,RAV4 HYBRID,3,2,181,1.7
TOYOTA,SUPRA,3,2,138,2.2
TRIUMPH,ROCKET III ROADSTER,3,2,4,75.0
TRIUMPH,THUNDERBIRD,3,0,22,13.6
VICTORY,HAMMER,3,3,16,18.8
VICTORY,MAGNUM,3,3,5,60.0
VOLVO,854,3,3,28,10.7
VOLVO,S90,3,2,94,3.2
VOLVO,V50,3,3,60,5.0
VOLVO,V60,3,2,72,4.2
VOLVO,V60CC,3,3,40,7.5
VOLVO,VOLVO TRUCK,3,2,158,1.9
WINNEBAGO,BRAVE,3,3,96,3.1
WINNEBAGO,VIEW,3,2,149,2.0
WINNEBAGO,WARRIOR,3,2,47,6.4
YAMAHA,V STAR 1100,3,3,15,20.0
YAMAHA,XC125,3,0,12,25.0
YAMAHA,YZF600RG,3,3,8,37.5
ACURA,3.0L,2,2,8,25.0
ACURA,VIGOR,2,2,30,6.7
APRILIA,SR 50,2,2,5,40.0
ASTON MARTIN,V8 VANTAGE,2,1,14,14.3
AUDI,200,2,1,23,8.7
AUDI,4000,2,1,26,7.7
AUDI,A4 CABRIOLET,2,1,69,2.9
AUDI,Q4 E-TRON,2,0,80,2.5
AUDI,Q4 E-TRON SPORTBACK,2,0,33,6.1
AUDI,RS 3,2,1,38,5.3
AUDI,RS 6 AVANT,2,1,10,20.0
AUDI,RS E-TRON GT,2,1,12,16.7
AUDI,RS5,2,2,9,22.2
AUDI,SQ8,2,2,16,12.5
BAL,OTHER,2,1,108,1.9
BEAVER,CONTESSA,2,2,7,28.6
BEAVER,PATRIOT,2,2,32,6.2
BERING,LD15,2,2,5,40.0
BIGDOG,RIDGEBACK,2,1,9,22.2
BMW,135I US,2,2,7,28.6
BMW,325IS,2,2,55,3.6
BMW,325IX,2,2,9,22.2
BMW,330XI,2,2,252,0.8
BMW,528,2,1,37,5.4
BMW,540,2,1,29,6.9
BMW,6 SERIES,2,2,35,5.7
BMW,640I,2,0,37,5.4
BMW,645CI,2,1,72,2.8
BMW,735,2,2,30,6.7
BMW,740,2,1,45,4.4
BMW,740ILA,2,2,10,20.0
BMW,750I US,2,2,10,20.0
BMW,750LIX,2,1,6,33.3
BMW,840I,2,0,20,10.0
BMW,850I,2,2,24,8.3
BMW,F 800 GS,2,2,21,9.5
BMW,F 800 ST,2,0,21,9.5
BMW,F650 GS,2,2,24,8.3
BMW,G650GS,2,1,17,11.8
BMW,I4 EDRIVE40,2,0,12,16.7
BMW,K100,2,1,6,33.3
BMW,K1100,2,2,8,25.0
BMW,K1200 R SPORT,2,2,9,22.2
BMW,K1200 S,2,2,61,3.3
BMW,K1200RS,2,1,42,4.8
BMW,L7,2,0,2,100.0
BMW,M ROADSTER,2,0,88,2.3
BMW,M550I,2,1,49,4.1
BMW,R 1150 GS ADVENTURE,2,2,2,100.0
BMW,R 1200 GS ADVENTURE,2,0,33,6.1
BMW,R 1200 R,2,0,46,4.3
BMW,R 1250 GS,2,0,40,5.0
BMW,R100,2,2,6,33.3
BMW,R1100 S,2,1,7,28.6
BMW,R1100RT-P,2,1,4,50.0
BMW,S 1000 RR,2,0,40,5.0
BMW,S1000 R,2,1,7,28.6
BMW,S1000 RR,2,1,11,18.2
BMW,X2,2,2,45,4.4
BMW,X5 HYBRID,2,1,4,50.0
BRIDGESTONE,POTENZA,2,1,387,0.5
BUICK,CASCADA,2,1,69,2.9
BUICK,ELECTRA,2,2,52,3.8
CADILLAC,BROUGHAM,2,1,69,2.9
CADILLAC,CIMARRON,2,2,27,7.4
CADILLAC,ELR,2,1,29,6.9
CADILLAC,LIMOUSINE,2,2,11,18.2
CAN-AM,SPYDER F3-S,2,0,5,40.0
CAN-AM,SPYDER GS,2,2,60,3.3
CHEVROLET,1500,2,1,278,0.7
CHEVROLET,C/K SERIES,2,2,55,3.6
CHEVROLET,C25,2,2,51,3.9
CHEVROLET,CHEVETTE,2,2,20,10.0
CHEVROLET,DENALI,2,1,16,12.5
CHEVROLET,G10,2,2,47,4.3
CHEVROLET,K25,2,2,64,3.1
CHEVROLET,K3500,2,2,62,3.2
CHEVROLET,P30,2,2,52,3.8
CHEVROLET,P30 CHASSIS,2,2,13,15.4
CHEVROLET,S UTILITY,2,2,7,28.6
CHEVROLET,S-10,2,2,11,18.2
CHEVROLET,S-BLAZER,2,2,12,16.7
CHEVROLET,SIERRA,2,1,46,4.3
CHEVROLET,SILVERADO CLASSIC,2,1,38,5.3
CHEVROLET,SILVERADO LT,2,2,5,40.0
CHEVROLET,SPARK EV,2,1,29,6.9
CHEVROLET,SUBURBAN 2500,2,1,200,1.0
CHRYSLER,300 LWB,2,2,3,66.7
CHRYSLER,ASPEN 4X2,2,1,55,3.6
CHRYSLER,PT CRUISER CONV,2,1,47,4.3
CHRYSLER,PT CRUISER CONVERTIBLE,2,2,93,2.2
CHRYSLER,TOWN AND COUNTRY LWB,2,2,67,3.0
CHRYSLER,TOWN&COUNTRY LWB,2,2,29,6.9
CLEVELAND CYCLEWERKS,THA MISFIT,2,2,3,66.7
COACHMEN,LEPRECHAUN,2,0,30,6.7
CODA,CODA,2,1,12,16.7
COTTRELL,TRAILER,2,0,3,66.7
CRAVENSPEED,SHIFTER SHAFT,2,2,3,66.7
DAMON,DAMON,2,1,38,5.3
DEBRAAL COMPANY,NEW HORIZON,2,2,2,100.0
DODGE,600,2,2,23,8.7
DODGE,ARIES,2,2,64,3.1
DODGE,B350,2,2,85,2.4
DODGE,COLT VISTA,2,2,29,6.9
DODGE,D150,2,1,24,8.3
DODGE,D250,2,2,27,7.4
DODGE,DURANGO 4X4 HYBRID,2,0,2,100.0
DODGE,MONACO,2,1,81,2.5
DODGE,OMNI,2,1,38,5.3
DUCATI,749,2,1,11,18.2
DUCATI,HYPERMOTARD,2,1,33,6.1
DYNAMAX,ISATA,2,0,28,7.1
FISKER,KARMA,2,0,12,16.7
FLEETWOOD,BOUNDER DIESEL,2,2,28,7.1
FLEETWOOD,FLAIR,2,0,87,2.3
FLEETWOOD,SOUTHWIND,2,2,238,0.8
FLEETWOOD,SOUTHWIND STORM,2,2,15,13.3
FLEETWOOD,TAURUS,2,2,14,14.3
FLEETWOOD,TIOGA,2,1,99,2.0
FORD,E SERIES,2,0,68,2.9
FORD,E150,2,0,117,1.7
FORD,E350,2,2,123,1.6
FORD,EXPLORER INTERCEPT HYBRID,2,1,2,100.0
FORD,F800,2,2,24,8.3
FORD,FOCUS SVT,2,1,48,4.2
FORD,GRAND MARQUIS,2,2,92,2.2
FORD,MOTOR HOME,2,2,151,1.3
FORD,MUSTANG COBRA,2,2,27,7.4
FORD,POLICE INTERCEPTOR UTILIT,2,2,37,5.4
FORD,POWER TRAIN,2,2,64,3.1
FORD,RANGER EV,2,2,31,6.5
FORD,TAURUS (SHO),2,1,15,13.3
FORD,TAURUS POLICE INTERCEPTOR,2,2,15,13.3
FORD,VAN,2,2,16,12.5
FREIGHTLINER,CENTURY,2,2,76,2.6
FREIGHTLINER,CONVENTIONAL,2,1,118,1.7
FREIGHTLINER,FL-70,2,1,51,3.9
FREIGHTLINER,MT,2,2,39,5.1
FREIGHTLINER,SPRINTER 3500,2,1,31,6.5
GEORGIE BOY,GEORGIE BOY,2,2,34,5.9
GMC,C SERIES,2,2,45,4.4
GMC,C SERIES(LIGHT),2,2,45,4.4
GMC,C2500,2,1,56,3.6
GMC,ENVOY 360,2,2,92,2.2
GMC,G35,2,2,10,20.0
GMC,HUMMER EV PICKUP,2,1,25,8.0
GMC,MOTOR HOME,2,2,11,18.2
GMC,SAVANA 2500,2,2,28,7.1
GMC,SIERRA 1500 HD,2,1,58,3.4
GMC,SIERRA CLASSIC,2,1,29,6.9
GMC,SIERRA EV,2,0,28,7.1
GMC,SIERRA HD,2,1,7,28.6
GMC,TAHOE,2,2,27,7.4
GMC,VANDURA,2,1,75,2.7
GMC,Z-71,2,1,41,4.9
GRAND DESIGN,IMAGINE,2,0,105,1.9
GRAND DESIGN,REFLECTION,2,0,207,1.0
HARLEY-DAVIDSON,DYNA,2,1,20,10.0
HARLEY-DAVIDSON,FLDE,2,1,12,16.7
HARLEY-DAVIDSON,FLHP,2,2,33,6.1
HARLEY-DAVIDSON,FLHRS,2,2,4,50.0
HARLEY-DAVIDSON,FLHRXS,2,0,3,66.7
HARLEY-DAVIDSON,FLHTCUSE2,2,2,12,16.7
HARLEY-DAVIDSON,FLHTKL,2,2,11,18.2
HARLEY-DAVIDSON,FLRT,2,1,21,9.5
HARLEY-DAVIDSON,FLSTN,2,2,20,10.0
HARLEY-DAVIDSON,FLTR,2,1,50,4.0
HARLEY-DAVIDSON,FXDC,2,1,28,7.1
HARLEY-DAVIDSON,FXDI,2,1,9,22.2
HARLEY-DAVIDSON,FXLRST,2,0,15,13.3
HARLEY-DAVIDSON,FXRT,2,2,6,33.3
HARLEY-DAVIDSON,ROAD KING,2,1,39,5.1
HARLEY-DAVIDSON,XG500,2,1,22,9.1
HOLIDAY RAMBLER,HOLIDAY RAMBLER,2,2,110,1.8
HONDA,CB250,2,2,5,40.0
HONDA,CB300R,2,2,5,40.0
HONDA,CBR300R,2,2,16,12.5
HONDA,CBR600RR,2,1,36,5.6
HONDA,CBR650R,2,2,4,50.0
HONDA,CMX250,2,2,4,50.0
HONDA,CRF1100,2,1,16,12.5
HONDA,DEL SOL,2,2,75,2.7
HONDA,HONDA MOTORCYCLE,2,2,71,2.8
HONDA,NC700X,2,2,9,22.2
HONDA,NSS250,2,1,9,22.2
HONDA,SXS1000,2,1,12,16.7
HONDA,VT1100,2,2,20,10.0
HONDA MOTORCYCLE,HONDA MOTORCYCLE,2,1,7,28.6
HUSQVARNA,SVARTPILEN 701,2,2,2,100.0
HYOSUNG,GV650,2,2,24,8.3
HYUNDAI,IONIQ 5 N,2,1,27,7.4
HYUNDAI,IONIQ ELECTRIC,2,2,37,5.4
HYUNDAI,XG300L,2,2,16,12.5
INDIAN,CHIEF DARK HORSE,2,1,13,15.4
INDIAN,CHIEFTAIN DARK HORSE,2,2,10,20.0
INFINITI,G25,2,0,43,4.7
INFINITI,Q50 HYBRID,2,0,38,5.3
INTERNATIONAL,4300,2,0,58,3.4
INTERNATIONAL HARVESTER,3800,2,2,45,4.4
INTERNATIONAL HARVESTER,4900,2,2,27,7.4
ISUZU,PICKUP TRUCK,2,1,93,2.2
ITASCA,ITASCA,2,2,61,3.3
ITASCA,NAVION,2,2,36,5.6
ITASCA,SUNCRUISER,2,2,51,3.9
ITASCA,SUNSTAR,2,1,11,18.2
JAGUAR,XJ SEDAN,2,0,32,6.2
JAGUAR,XJV8,2,1,19,10.5
JAGUAR,XK8 SPORTS,2,2,8,25.0
JEEP,COMANCHE,2,1,61,3.3
JEEP,WRANGLER 2-DR 4X4 RHD,2,2,71,2.8
JEEP,WRANGLER YJ,2,1,36,5.6
KAWASAKI,KL650A6F,2,1,10,20.0
KAWASAKI,NINJA 400,2,2,2,100.0
KAWASAKI,VN1500,2,2,12,16.7
KAWASAKI,VN1700,2,2,5,40.0
KAWASAKI,VULCAN NOMAD,2,1,15,13.3
KAWASAKI,ZX636C1,2,2,6,33.3
KAWASAKI,ZX900,2,2,7,28.6
KIA,FORTE KOUP,2,0,70,2.9
KIA,K900,2,2,101,2.0
KTM,1290 SUPER DUKE R,2,2,22,9.1
KTM,790 ADVENTURE,2,2,32,6.2
LEXUS,LS 460,2,1,46,4.3
LEXUS,LX,2,0,79,2.5
LEXUS,LX450,2,1,23,8.7
LEXUS,RZ,2,1,34,5.9
LOTUS,EXIGE S,2,0,9,22.2
MACK,ANTHEM (AN),2,1,15,13.3
MACK,GU,2,0,9,22.2
MACK,MD,2,1,5,40.0
MAZDA,CX-50 HYBRID,2,2,18,11.1
MAZDA,MX6,2,2,62,3.2
MERCEDES BENZ,202,2,0,12,16.7
MERCEDES BENZ,300E,2,2,57,3.5
MERCEDES BENZ,400,2,2,28,7.1
MERCEDES BENZ,CL550,2,2,22,9.1
MERCEDES BENZ,CLK,2,2,28,7.1
MERCEDES BENZ,CLS CLASS,2,1,11,18.2
MERCEDES BENZ,ML,2,1,9,22.2
MERCEDES BENZ,R-CLASS,2,0,10,20.0
MERCEDES BENZ,S55,2,2,19,10.5
MERCEDES BENZ,SL,2,1,57,3.5
MERCEDES BENZ,SL CLASS,2,1,58,3.4
MERCEDES BENZ,SL320,2,1,44,4.5
MERCEDES BENZ,SL550,2,2,46,4.3
MERCEDES-BENZ,AMG CLS55,2,2,41,4.9
MERCEDES-BENZ,AMG E53,2,0,27,7.4
MERCEDES-BENZ,AMG E63,2,1,54,3.7
MERCEDES-BENZ,AMG GLC63,2,2,11,18.2
MERCEDES-BENZ,AMG GLE53,2,2,48,4.2
MERCEDES-BENZ,AMG SL63,2,1,12,16.7
MERCEDES-BENZ,CLE 300 4MATIC,2,1,9,22.2
MERCEDES-BENZ,E 350 4MATIC,2,1,20,10.0
MERCEDES-BENZ,E 450 4MATIC,2,1,10,20.0
MERCEDES-BENZ,EQB 350 4MATIC,2,0,26,7.7
MERCEDES-BENZ,EQE 500 4MATIC,2,1,5,40.0
MERCEDES-BENZ,GLE 350 4MATIC,2,1,51,3.9
MERCEDES-BENZ,GLE 400 E,2,1,23,8.7
MERCEDES-BENZ,GLE400,2,2,7,28.6
MERCEDES-BENZ,GLS 580 4MATIC,2,1,14,14.3
MERCEDES-BENZ,MERCEDES-BENZ,2,1,21,9.5
MERCEDES-BENZ,S 450,2,1,16,12.5
MERCEDES-BENZ,S 560 4MATIC,2,0,5,40.0
MERCEDES-BENZ,S350,2,1,11,18.2
MERCEDES-BENZ,S400,2,0,39,5.1
MERCEDES-BENZ,SLK230,2,2,15,13.3
MERCEDES-BENZ,SPRINTER (VS30),2,2,15,13.3
MERKUR,MERKUR,2,1,10,20.0
MINI,COOPER CLUBMAN S,2,1,39,5.1
MINI,COOPER S US,2,1,19,10.5
MITSUBISHI,> LANCER SPORTBACK RALLIA,2,1,5,40.0
MITSUBISHI,I-MIEV,2,0,21,9.5
MOBILITY WORKS,FORD E-250,2,2,4,50.0
MONACO COACH,KNIGHT,2,1,62,3.2
MONACO COACH,LAPALMA,2,1,40,5.0
MONACO COACH,MONACO,2,2,57,3.5
MOTORCYCLE,MOTORCYCLE,2,2,9,22.2
MUSTANG,SHELBY GT 500,2,1,5,40.0
NEWMAR,BAY STAR,2,0,59,3.4
NEWMAR,VENTANA,2,0,21,9.5
NISSAN,AXXESS,2,2,7,28.6
OLDSMOBILE,CUTLASS CIERA,2,2,25,8.0
OLDSMOBILE,TORONADO,2,2,45,4.4
PACE ARROW,VISION,2,2,30,6.7
PETERBILT,320,2,2,7,28.6
PETERBILT,379,2,2,76,2.6
PETERBILT,567,2,2,11,18.2
PETERBILT,PETERBILT,2,1,46,4.3
POLARIS,RANGER RZR,2,2,7,28.6
POLARIS,SLINGSHOT R,2,2,9,22.2
POLARIS,SPORTSMAN 1000XP,2,0,26,7.7
PONTIAC,PONTIAC,2,2,143,1.4
PORSCHE,911 (997),2,1,11,18.2
PORSCHE,911 CARRERA,2,1,55,3.6
PORSCHE,CARRERA,2,0,34,5.9
PORSCHE,CAYENNE (E2),2,0,8,25.0
PORSCHE,PANAMERA TURBO,2,1,8,25.0
QUALITY VAN,FORD TRANSIT 350,2,1,5,40.0
REGENCY,FORD F150,2,2,23,8.7
RENAULT,MEDALLION,2,1,20,10.0
RIVIAN,EDV,2,1,25,8.0
ROLLS-ROYCE,SILVER SPUR,2,2,8,25.0
ROYAL ENFIELD,BULLET ELECTRA EFI,2,1,4,50.0
SATURN,S-SERIES,2,2,21,9.5
SATURN,S-SERIES SEDAN,2,2,21,9.5
SATURN,SATURN S SERIES,2,2,4,50.0
SCION,IQ,2,2,35,5.7
SPARTAN,K3,2,2,28,7.1
STARCRAFT,ROADSTAR,2,1,3,66.7
SUBARU,TRIBECA,2,2,52,3.8
SUZUKI,AN400K7,2,2,5,40.0
SUZUKI,DL1000,2,1,39,5.1
SUZUKI,GRAND VITARA XL7,2,1,36,5.6
SUZUKI,GSX750FW,2,2,4,50.0
SUZUKI,GSXR1000,2,2,9,22.2
SUZUKI,VL800,2,1,35,5.7
THOMAS BUILT BUSES,MINOTOUR,2,2,3,66.7
THOR,CITATION,2,2,4,50.0
THOR MOTOR COACH,ACE,2,1,47,4.3
THOR MOTOR COACH,CHATEAU,2,0,26,7.7
TOYOTA,GR86,2,0,53,3.8
TOYOTA,GRAND HIGHLANDER HYBRID,2,1,9,22.2
TOYOTA,MIRAI,2,0,52,3.8
TOYOTA,PREVIA,2,0,282,0.7
TOYOTA,SCION,2,1,20,10.0
TOYOTA,YARIS H/B,2,1,103,1.9
TOYOTA,YARIS IA,2,2,32,6.2
TRIUMPH,BONNEVILLE T100,2,2,13,15.4
TRIUMPH,DAYTONA 600,2,2,5,40.0
TRIUMPH,DAYTONA 675 R,2,1,6,33.3
TRIUMPH,TIGER,2,2,12,16.7
TRIUMPH,TRIUMPH ROCKET III,2,2,7,28.6
U HAUL,U HAUL,2,2,51,3.9
UNIROYAL,TIGER PAWS TIRE,2,2,16,12.5
UNKNOWN MANUFACTURER,UNKNOWN MANUFACTURER,2,2,140,1.4
VICTORY,KINGPIN EIGHT BALL,2,1,4,50.0
VICTORY,V92DC,2,2,2,100.0
VICTORY,VEGAS,2,1,25,8.0
VOLKSWAGEN,JETTA WAGON,2,1,12,16.7
VOLKSWAGEN,PHAETON,2,2,11,18.2
VOLKSWAGEN,TIGUAN LIMITED,2,0,11,18.2
VOLVO,660,2,2,43,4.7
VOLVO,C30,2,2,62,3.2
VOLVO,CROSS COUNTRY,2,2,14,14.3
VOLVO,EX40,2,1,8,25.0
VOLVO,VNL770,2,2,39,5.1
VOLVO,WIA64TES,2,2,73,2.7
WILDFIRE,WFH150-SE,2,0,7,28.6
WINNEBAGO,ITASCA,2,1,48,4.2
WINNEBAGO,LESHARO,2,2,8,25.0
WINNEBAGO,PHASAR,2,1,26,7.7
WINNEBAGO,REVEL,2,0,38,5.3
WORKHORSE,W22,2,2,370,0.5
YAMAHA,FJ-09,2,1,14,14.3
YAMAHA,MT-09,2,2,13,15.4
YAMAHA,TW200,2,2,5,40.0
YAMAHA,XV16AT,2,1,3,66.7
YAMAHA,XV1700PC,2,1,2,100.0
YAMAHA,XVS950,2,2,34,5.9
YAMAHA,YZF600,2,2,4,50.0
4-STAR,HORSE TRAILER,1,1,11,9.1
4-STAR TRAILER,HORSE TRAILER,1,1,2,50.0
ABC,ACRON MAGNUM,1,1,12,8.3
ACURA,2.3CL,1,1,1,100.0
ACURA,NSX,1,1,20,5.0
ACURA,RLX HYBRID,1,0,6,16.7
ACURA,SLX,1,1,13,7.7
AERO,AEROLITE,1,1,7,14.3
AIRSTREAM,390 SERIES,1,1,2,50.0
AIRSTREAM,AIRSTREAM,1,1,28,3.6
ALFA ROMEO,TONALE PHEV,1,1,18,5.6
ALLEGRO,MOTOR HOME,1,1,18,5.6
AMERICAN COACH,AMERICAN TRADITION,1,1,11,9.1
AMERICAN IRONHORSE,LEGEND,1,1,10,10.0
AMERICAN IRONHORSE,LSC,1,1,2,50.0
AMERICAN IRONHORSE,TEXAS CHOPPER,1,1,22,4.5
AMERICAN IRONHORSE,THUNDER,1,1,1,100.0
AMERICAN MOTORS,EAGLE,1,1,12,8.3
AMERICAN VAN,FORD F150,1,1,12,8.3
AMERITRANS,RAM CHASSIS 5500,1,1,3,33.3
APRILIA,CAPONORD 1200,1,0,1,100.0
APRILIA,FALCO,1,0,5,20.0
APRILIA,RS 660,1,1,8,12.5
APRILIA,RSV 1000,1,1,8,12.5
ASTON MARTIN,V8 VANTAGE S,1,0,13,7.7
AUDI,90,1,1,96,1.0
AUDI,A6 SPORTBACK E-TRON,1,0,4,25.0
AUDI,CABRIOLET,1,1,40,2.5
AUDI,FOX,1,0,7,14.3
AUDI,Q4 SPORTBACK E-TRON,1,0,10,10.0
AUDI,RS 7,1,0,21,4.8
AUDI,SQ6 E-TRON,1,0,14,7.1
AUDI,TT ROADSTER,1,1,11,9.1
AUTOCAR,XPEDITOR,1,0,7,14.3
BIG DOG,K-9,1,1,9,11.1
BIG DOG,MASTIFF,1,1,11,9.1
BIG DOG,RIDGEBACK,1,0,17,5.9
BIGDOG,CHOPPER,1,1,23,4.3
BIGDOG,MASTIFF,1,0,6,16.7
BISON,SILVERADO,1,0,1,100.0
BLUE BIRD,VISION SCHOOL BUS,1,1,4,25.0
BLUE BIRD,WANDERLODGE M450 LXI,1,0,17,5.9
BMS,SPORT FLASH 150,1,0,4,25.0
BMW,230I,1,0,36,2.8
BMW,318IA,1,1,5,20.0
BMW,320XI,1,1,9,11.1
BMW,428XI,1,0,10,10.0
BMW,5-SERIES GRAN TURISMO,1,0,13,7.7
BMW,525IA,1,1,18,5.6
BMW,525IA SPORT WAGON,1,1,8,12.5
BMW,525XI,1,1,67,1.5
BMW,528IA,1,1,11,9.1
BMW,540IAT,1,0,5,20.0
BMW,640XI,1,1,10,10.0
BMW,740E,1,0,2,50.0
BMW,740I US,1,1,4,25.0
BMW,750E,1,0,3,33.3
BMW,750IL,1,1,31,3.2
BMW,850,1,1,18,5.6
BMW,ACTIVE HYBRID 3,1,0,16,6.2
BMW,ACTIVE HYBRID 5,1,0,5,20.0
BMW,ACTIVE HYBRID 7,1,1,3,33.3
BMW,F 850 GS,1,1,4,25.0
BMW,F800 GT,1,0,7,14.3
BMW,F850GS,1,1,1,100.0
BMW,G 650 GS,1,0,11,9.1
BMW,G310R,1,1,7,14.3
BMW,I4 M60,1,0,3,33.3
BMW,I7,1,1,50,2.0
BMW,K 1200 S,1,1,7,14.3
BMW,K 1300 GT,1,1,14,7.1
BMW,K 1600 B,1,0,29,3.4
BMW,K1200 LT,1,0,22,4.5
BMW,M COUPE,1,0,30,3.3
BMW,M2,1,0,34,2.9
BMW,M850I,1,0,2,50.0
BMW,R 1150 R,1,1,8,12.5
BMW,R 1200 RT (AUTHORITY),1,0,1,100.0
BMW,R 1250 RT,1,0,29,3.4
BMW,R 1300 GS,1,1,3,33.3
BMW,R NINE T,1,1,3,33.3
BMW,R1100 R,1,0,3,33.3
BMW,R1100S,1,1,3,33.3
BMW,R1150,1,0,1,100.0
BMW,R1150 R,1,1,9,11.1
BMW,R1150RA,1,1,5,20.0
BMW,R1150RT,1,1,4,25.0
BMW,X6 ACTIVEHYBRID SAC,1,0,3,33.3
BMW,XM,1,1,20,5.0
BMW,Z3 COUPE,1,1,5,20.0
BOATMATE,BOAT TRAILER,1,0,4,25.0
BOMBARDIER,NEIGHBORHOOD,1,1,1,100.0
BOOM,BD125-15,1,1,4,25.0
BRAMMO,EMPULSE R,1,0,3,33.3
BRAUN,RAMPVAN,1,1,4,25.0
BRIDGESTONE,TURANZA ER 30,1,0,9,11.1
BUELL,S1 WHITE LIGHTNING,1,1,4,25.0
BUELL,S3,1,1,16,6.2
BUELL,XB12X,1,0,19,5.3
BUICK,BUICK TRUCK,1,1,13,7.7
BUICK,ESTATE,1,1,7,14.3
BUICK,REGAL TOURX,1,1,26,3.8
BUICK,SKYHAWK,1,1,16,6.2
CADILLAC,ATS-V,1,1,6,16.7
CADILLAC,CADILLAC TRUCK,1,0,3,33.3
CADILLAC,ESCALADE EXT 1500,1,0,11,9.1
CADILLAC,ESCALADE HYBRID,1,0,34,2.9
CADILLAC,ESCALADE IQL,1,0,7,14.3
CADILLAC,ESCALADE NA,1,1,24,4.2
CADILLAC,OPTIQ,1,0,24,4.2
CADILLAC,SIXTY SPECIAL,1,1,4,25.0
CADILLAC,VISTIQ,1,0,28,3.6
CAN-AM,SPYDER ST,1,1,36,2.8
CARPENTER,CARPENTER,1,1,94,1.1
CATERPILLAR,3406E,1,1,4,25.0
CFMOTO,450SS,1,1,6,16.7
CFMOTO,650NK,1,1,3,33.3
CFMOTO,700CL-X,1,0,1,100.0
CFMOTO,800NK,1,0,7,14.3
CHAMPION BUS,CHALLENGER,1,0,5,20.0
CHEVROLET,3500 SERIES,1,1,24,4.2
CHEVROLET,3500HD,1,1,4,25.0
CHEVROLET,5500HD,1,1,8,12.5
CHEVROLET,APV,1,1,7,14.3
CHEVROLET,AVALANCHE 2500,1,1,102,1.0
CHEVROLET,C SERIES (LIGHT),1,1,3,33.3
CHEVROLET,C SERIES(MEDIUM),1,1,16,6.2
CHEVROLET,C/K 1500,1,1,3,33.3
CHEVROLET,C3,1,1,2,50.0
CHEVROLET,C30,1,0,55,1.8
CHEVROLET,C5500,1,1,29,3.4
CHEVROLET,CHEVEROLET SS,1,0,123,0.8
CHEVROLET,CONVENTIONAL,1,1,53,1.9
CHEVROLET,CORVETTE CONVERTIBLE E-RAY,1,0,3,33.3
CHEVROLET,ENVOY,1,0,28,3.6
CHEVROLET,EXPRESS 4500,1,1,14,7.1
CHEVROLET,G VAN BUS,1,0,2,50.0
CHEVROLET,G1500,1,1,9,11.1
CHEVROLET,G2500,1,0,5,20.0
CHEVROLET,K PICKUP,1,1,1,100.0
CHEVROLET,K SERIES,1,1,23,4.3
CHEVROLET,KODIAK,1,0,38,2.6
CHEVROLET,L SERIES,1,1,8,12.5
CHEVROLET,MEDIUM DUTY,1,1,1,100.0
CHEVROLET,N300,1,1,12,8.3
CHEVROLET,OPTRA,1,1,13,7.7
CHEVROLET,P1500,1,1,2,50.0
CHEVROLET,SILVERADO 2500 HD,1,0,26,3.8
CHEVROLET,SILVERADO 3500 HD,1,1,9,11.1
CHEVROLET,SILVERADO 4500,1,0,6,16.7
CHEVROLET,SPRINT,1,1,10,10.0
CHEVROLET,T SERIES,1,0,6,16.7
CHEVROLET,T UTILITY,1,1,4,25.0
CHEVROLET,T-SERIES,1,1,3,33.3
CHEVROLET,T8500,1,0,2,50.0
CHEVROLET,YUKON,1,1,59,1.7
CHRYSLER,CROSSFIRE ROADSTER,1,1,249,0.4
CHRYSLER,LANDAU SALON,1,1,2,50.0
CHRYSLER,LEBARON COUPE,1,1,6,16.7
CHRYSLER,POWER TRAIN,1,1,41,2.4
CLASSIC WELDING,CLASSIC WELDING,1,1,3,33.3
CLUB CAR,CARRYALL 2 LSV,1,1,2,50.0
COACHMEN,AURORA - MH,1,1,1,100.0
COACHMEN,CATALINA,1,1,48,2.1
COACHMEN,NOVA,1,0,14,7.1
COACHMEN,PATHFINDER,1,1,7,14.3
COACHMEN,PRISM,1,0,19,5.3
COBRA,COBRA,1,1,30,3.3
COLUMBIA,SUMMIT,1,0,3,33.3
CONTINENTAL,CONTINENTAL,1,1,420,0.2
CONTINENTAL CARGO,CONTINENTAL CARGO,1,0,2,50.0
COOPER,COOPER,1,1,199,0.5
COSCO,TOURIVA,1,0,75,1.3
COUNTRY COACH,INTRIGUE,1,1,31,3.2
COUNTRY COACH,MAGNA,1,1,17,5.9
CRUISER RV,SHADOW CRUISER,1,1,19,5.3
CRUISER RV,SHADOW CRUISER ULTRA LITE,1,0,2,50.0
DAEWOO,DAEWOO,1,1,29,3.4
DAEWOO PUERTO RICO,LEGANZA,1,1,85,1.2
DAEWOO PUERTO RICO,NUBIRA,1,0,95,1.1
DAIHATSU,CHARADE,1,1,12,8.3
DAMON,CHALLENGER,1,1,57,1.8
DAMON,INTRUDER,1,1,47,2.1
DATSUN,DATSUN,1,1,14,7.1
DELCO,DELCO,1,0,109,0.9
DETROIT CHASSIS,FORD MOTORHOME CHASSIS,1,0,5,20.0
DIAMOND COACH,E350,1,0,4,25.0
DODGE,BR SERIES,1,1,12,8.3
DODGE,C BODY,1,1,338,0.3
DODGE,CHARGER POLICE,1,0,38,2.6
DODGE,D SERIES(LIGHT),1,1,23,4.3
DODGE,DIPLOMAT,1,1,9,11.1
DODGE,DODGE TRUCK OR VAN,1,1,10,10.0
DODGE,MAGNUM AWD,1,1,2,50.0
DODGE,RAMCHARGER,1,0,30,3.3
DODGE,SHADOW CONVERTIBLE,1,1,2,50.0
DODGE,W100,1,1,6,16.7
DODGE,W250,1,1,34,2.9
DODGE,WAGON,1,0,11,9.1
DOLPHIN,MOTOR HOME,1,1,17,5.9
DUCATI,1098,1,1,19,5.3
DUCATI,1098S,1,1,5,20.0
DUCATI,1198,1,1,8,12.5
DUCATI,1299,1,0,1,100.0
DUCATI,748,1,1,15,6.7
DUCATI,899 PANIGALE,1,1,1,100.0
DUCATI,900S,1,1,10,10.0
DUCATI,900SS,1,1,1,100.0
DUCATI,DIAVEL,1,0,30,3.3
DUCATI,DUCATI,1,1,38,2.6
DUCATI,HYM1100S,1,1,1,100.0
DUCATI,MONSTER 696,1,1,26,3.8
DUCATI,MULTISTRADA 1200 ABS,1,1,21,4.8
DUCATI,PANIGALE,1,1,8,12.5
DUCATI,PANIGALE V2,1,1,1,100.0
DUCATI,PANIGALE V4 S,1,0,6,16.7
DUCATI,SCRAMBLER,1,1,20,5.0
DUCATI,STREETFIGHTER,1,0,2,50.0
DUCATI,SUPERSPORT,1,1,24,4.2
DUCATI,XDIAVEL,1,0,5,20.0
DUNLOP,DUNLOP,1,1,294,0.3
DUTCH,DUTCH,1,1,28,3.6
DUTCHMEN,GRAND JUNCTION,1,0,15,6.7
DUTCHMEN,KODIAK,1,0,7,14.3
DYNAMAX,EUROPA,1,1,5,20.0
DYNAMAX,REV,1,1,3,33.3
EAGLE,MEDALLION,1,0,15,6.7
EARTHROAMER,LTI,1,0,1,100.0
EATON,EATON,1,1,2,50.0
EATON,FR 10-SPEED TRANSMISSION,1,1,1,100.0
EL DORADO,EL DORADO,1,0,9,11.1
ENERGICA,EVA RIBELLE,1,0,3,33.3
ENTEGRA,ASPIRE,1,0,48,2.1
EXECUTIVE COACH,LINCOLN TOWN CAR,1,1,4,25.0
EXPLORER,EXPLORER,1,1,19,5.3
EXPLORER VAN,FORD EXPLORER,1,1,17,5.9
FERRARI,F430,1,1,7,14.3
FIRESTONE,FIREHAWK GTX,1,1,22,4.5
FIRESTONE,FORCE 4 ALL TERRAIN,1,1,3,33.3
FIRESTONE,RADIAL ATX,1,1,158,0.6
FIRESTONE,WILDERNESS HT,1,0,333,0.3
FIRESTONE,WILDERNESS LE,1,0,117,0.9
FLEETWOOD,AMERICAN DREAM,1,1,22,4.5
FLEETWOOD,BOUNDER CLASSIC,1,0,2,50.0
FLEETWOOD,CORONADO,1,0,6,16.7
FLEETWOOD,DISCOVERY,1,0,151,0.7
FLEETWOOD,FLEETWOOD,1,0,89,1.1
FLEETWOOD,JAMBOREE,1,0,77,1.3
FLEETWOOD,PACEARROW,1,1,49,2.0
FLXIBLE,METRO,1,1,10,10.0
FORD,10R80 REMAN TRANSMISSION,1,1,1,100.0
FORD,AIR BAG SWITCH,1,1,236,0.4
FORD,B700,1,1,10,10.0
FORD,CVPI,1,1,153,0.7
FORD,E-550,1,1,11,9.1
FORD,ENGINE & ENGINE COOLING,1,1,22,4.5
FORD,EXP,1,0,15,6.7
FORD,F SERIES (MEDIUM),1,0,21,4.8
FORD,F-350 SUPER DUTY,1,0,23,4.3
FORD,F-600 SD,1,1,12,8.3
FORD,F-750,1,1,12,8.3
FORD,F450 SUPER DUTY,1,1,2,50.0
FORD,F460,1,1,2,50.0
FORD,FORD TRUCK AND VAN,1,1,15,6.7
FORD,GRANADA,1,1,3,33.3
FORD,LCF,1,1,4,25.0
FORD,SQUIRE,1,1,9,11.1
FORD,SUPERCREW,1,0,41,2.4
FORD,TOPAZ,1,1,19,5.3
FORD,UNKNOWN,1,1,13,7.7
FORD,UTILITY VAN XH,1,1,8,12.5
FORD,XL,1,1,9,11.1
FOREST RIVER,CHEROKEE,1,1,198,0.5
FOREST RIVER,COACHMEN,1,0,18,5.6
FOREST RIVER,ROCKWOOD,1,1,161,0.6
FOREST RIVER,SANDSTORM,1,0,13,7.7
FOREST RIVER,SOLERA,1,1,14,7.1
FOREST RIVER,SUNSEEKER,1,1,51,2.0
FOREST RIVER,WILDCAT,1,0,72,1.4
FOREST RIVER,WINDSONG,1,0,14,7.1
FOREST RIVER,XLR TOYHAULER,1,0,39,2.6
FOUR WINDS,INFINITY,1,1,17,5.9
FREIGHTLINER,114SD,1,0,8,12.5
FREIGHTLINER,CENTURY CLASS,1,1,16,6.2
FREIGHTLINER,COLUMBIA,1,1,110,0.9
FREIGHTLINER,FLD120,1,1,32,3.1
FREIGHTLINER,SPRINTER,1,1,18,5.6
FREIGHTLINER,XC,1,1,13,7.7
GENERAL,AMERI M/S TIRE,1,1,10,10.0
GENUINE SCOOTER,STELLA,1,1,6,16.7
GEORGIE BOY,LANDAU,1,1,23,4.3
GLAVAL,FORD E150,1,1,2,50.0
GMC,7000,1,0,14,7.1
GMC,BLAZER,1,1,19,5.3
GMC,C/K PICKUP,1,1,71,1.4
GMC,C/K SERIES,1,1,24,4.2
GMC,C6500,1,1,5,20.0
GMC,ENVOY XL 370,1,1,161,0.6
GMC,G20,1,1,5,20.0
GMC,G3500,1,0,6,16.7
GMC,HUMMER EV SUV,1,0,28,3.6
GMC,JIMMY S15,1,0,16,6.2
GMC,K15,1,1,24,4.2
GMC,P3500,1,1,1,100.0
GMC,PREVIEW,1,1,8,12.5
GMC,S15,1,0,71,1.4
GMC,SAVANA 3500,1,1,35,2.9
GMC,SILVERADO,1,1,73,1.4
GMC,SYCLONE,1,1,8,12.5
GMC,T6500,1,1,3,33.3
GMC,TYPHOON,1,1,13,7.7
GMC,W4,1,1,2,50.0
GMC,W5500HD,1,0,1,100.0
GOODYEAR,CONQUEST,1,1,59,1.7
GOODYEAR,EAGLE GA,1,1,40,2.5
GOODYEAR,INVECTA,1,1,14,7.1
GOODYEAR,INVICTA,1,1,34,2.9
GOODYEAR,WRANGLER RTS,1,0,148,0.7
GOODYEAR,WRANGLER ST,1,1,114,0.9
GRAND DESIGN,MOMENTUM,1,0,362,0.3
GULF STREAM,SCENIC CRUISER,1,1,13,7.7
GULF STREAM,SUN VOYAGER,1,0,58,1.7
GULF TOYOTA,RAV4,1,1,2,50.0
GULF TOYOTA,TACOMA,1,1,3,33.3
HANKOOK,HANKOOK,1,1,184,0.5
HARLEY-DAVIDSON,1200,1,1,24,4.2
HARLEY-DAVIDSON,DYNA GLIDE,1,1,11,9.1
HARLEY-DAVIDSON,DYNA LOW RIDER,1,0,2,50.0
HARLEY-DAVIDSON,FLFBS,1,1,4,25.0
HARLEY-DAVIDSON,FLHCS,1,1,16,6.2
HARLEY-DAVIDSON,FLHRCI,1,1,29,3.4
HARLEY-DAVIDSON,FLHRSE,1,1,4,25.0
HARLEY-DAVIDSON,FLHRSI,1,1,5,20.0
HARLEY-DAVIDSON,FLHS SERIES,1,0,4,25.0
HARLEY-DAVIDSON,FLHTCI,1,1,32,3.1
HARLEY-DAVIDSON,FLHTCUH,1,1,4,25.0
HARLEY-DAVIDSON,FLHTCUL,1,1,3,33.3
HARLEY-DAVIDSON,FLHTCUSE4,1,0,8,12.5
HARLEY-DAVIDSON,FLHTCUSE5,1,1,10,10.0
HARLEY-DAVIDSON,FLHTCUSE7,1,1,4,25.0
HARLEY-DAVIDSON,FLHTI,1,1,5,20.0
HARLEY-DAVIDSON,FLHTP,1,1,14,7.1
HARLEY-DAVIDSON,FLHXI,1,1,8,12.5
HARLEY-DAVIDSON,FLSS,1,1,3,33.3
HARLEY-DAVIDSON,FLST SOFTAIL,1,0,1,100.0
HARLEY-DAVIDSON,FLSTFB,1,1,13,7.7
HARLEY-DAVIDSON,FLSTFBS,1,1,3,33.3
HARLEY-DAVIDSON,FLT,1,1,4,25.0
HARLEY-DAVIDSON,FLTRI,1,1,16,6.2
HARLEY-DAVIDSON,FLTRK,1,1,7,14.3
HARLEY-DAVIDSON,FLTRKSE,1,0,3,33.3
HARLEY-DAVIDSON,FLTRKSE ANV,1,1,2,50.0
HARLEY-DAVIDSON,FLTRT,1,0,10,10.0
HARLEY-DAVIDSON,FLTRXSE,1,0,9,11.1
HARLEY-DAVIDSON,FXDB,1,1,38,2.6
HARLEY-DAVIDSON,FXDCI,1,0,4,25.0
HARLEY-DAVIDSON,FXDLI,1,0,12,8.3
HARLEY-DAVIDSON,FXDLS,1,1,9,11.1
HARLEY-DAVIDSON,FXR,1,1,4,25.0
HARLEY-DAVIDSON,FXSB,1,0,8,12.5
HARLEY-DAVIDSON,FXSE,1,0,1,100.0
HARLEY-DAVIDSON,FXST,1,1,18,5.6
HARLEY-DAVIDSON,FXSTC,1,1,15,6.7
HARLEY-DAVIDSON,FXSTDI,1,0,1,100.0
HARLEY-DAVIDSON,FXSTSSE3,1,1,2,50.0
HARLEY-DAVIDSON,HARLEY-DAVIDSON,1,1,9,11.1
HARLEY-DAVIDSON,RA1250SE,1,1,2,50.0
HARLEY-DAVIDSON,RH1250S,1,1,18,5.6
HARLEY-DAVIDSON,RH975S,1,1,6,16.7
HARLEY-DAVIDSON,SUPER GLIDE,1,1,2,50.0
HARLEY-DAVIDSON,TOURING,1,1,25,4.0
HARLEY-DAVIDSON,ULTRA CLASSIC,1,1,36,2.8
HARLEY-DAVIDSON,VRSCDX,1,1,62,1.6
HARLEY-DAVIDSON,VRSCF,1,0,40,2.5
HARLEY-DAVIDSON,XL SPORTSTER,1,1,4,25.0
HARLEY-DAVIDSON,XL1200L,1,1,9,11.1
HARLEY-DAVIDSON,XL1200N,1,1,2,50.0
HARLEY-DAVIDSON,XL1200V,1,1,2,50.0
HARLEY-DAVIDSON,XL883C,1,1,13,7.7
HARLEY-DAVIDSON,XL883N,1,1,10,10.0
HARLEY-DAVIDSON,XL883R,1,1,5,20.0
HARLEY-DAVIDSON,XLH SERIES,1,0,5,20.0
HINO,165,1,1,1,100.0
HINO,FB4J,1,1,3,33.3
HINO,NV8J,1,1,2,50.0
HME,RAM 5500,1,1,2,50.0
HOLIDAY RAMBLER,ADMIRAL,1,1,17,5.9
HOLIDAY RAMBLER,ENDEAVOR,1,0,106,0.9
HOLIDAY RAMBLER,IMPERIAL,1,1,29,3.4
HOME AND PARK,ROADTREK,1,1,27,3.7
HONDA,C SERIES,1,1,4,25.0
HONDA,CB1000SP,1,1,2,50.0
HONDA,CB500,1,1,4,25.0
HONDA,CB650,1,0,3,33.3
HONDA,CB900F,1,1,9,11.1
HONDA,CBF300,1,1,2,50.0
HONDA,CBR250R,1,1,31,3.2
HONDA,CBR600,1,1,15,6.7
HONDA,CBR600F4,1,1,7,14.3
HONDA,CBR900,1,1,10,10.0
HONDA,CBR929RR,1,1,11,9.1
HONDA,CIVIC HATCHBACK,1,1,37,2.7
HONDA,CLARITY,1,0,8,12.5
HONDA,CMX1100,1,1,12,8.3
HONDA,CMX300,1,1,1,100.0
HONDA,CRF1000,1,0,28,3.6
HONDA,CRF1000A,1,0,18,5.6
HONDA,CRF1000D,1,1,13,7.7
HONDA,CRF1100 AFRICA TWIN,1,1,8,12.5
HONDA,CRF450,1,0,3,33.3
HONDA,CT125,1,1,3,33.3
HONDA,GL1800B,1,1,3,33.3
HONDA,GL1800C,1,1,3,33.3
HONDA,GL5,1,1,1,100.0
HONDA,INSPIRE,1,1,39,2.6
HONDA,MONKEY125,1,1,2,50.0
HONDA,NC700JD,1,1,1,100.0
HONDA,NC750X,1,1,2,50.0
HONDA,PC800,1,1,3,33.3
HONDA,PS250,1,1,3,33.3
HONDA,RC-51,1,0,1,100.0
HONDA,ST1300,1,1,41,2.4
HONDA,TRANSMISSION COOLING KIT,1,1,1,100.0
HONDA,TRX350,1,1,1,100.0
HONDA,TRX450ES,1,1,1,100.0
HONDA,VT1100C,1,1,7,14.3
HONDA,VT1100C3,1,1,3,33.3
HONDA,VT750C,1,1,19,5.3
HUMMER,H2 SUT,1,1,29,3.4
HUSQVARNA,701 SUPERMOTO,1,1,2,50.0
HUSQVARNA,SVARTPILEN 401,1,0,8,12.5
HYOSUNG,GT250,1,1,8,12.5
HYUNDAI,SANTA FE XL,1,0,31,3.2
HYUNDAI,SONATA GLS,1,0,67,1.5
IC BUS,PB105,1,1,11,9.1
ICON EV,I20,1,0,3,33.3
INDEPENDENCE,FREEDOM EXPRESS,1,1,17,5.9
INDIAN,CHALLENGER DARK HORSE,1,0,11,9.1
INDIAN,CHIEF ROADMASTER,1,0,6,16.7
INDIAN,CHIEF VINTAGE,1,0,18,5.6
INDIAN,CHIEFTAN,1,1,4,25.0
INDIAN,PURSUIT DARK HORSE,1,1,6,16.7
INDIAN,ROADMASTER ELITE,1,1,3,33.3
INDIAN,SCOUT BOBBER,1,1,14,7.1
INDIAN,SPIRIT,1,1,15,6.7
INFINITI,FX37,1,1,6,16.7
INFINITI,INFINITI,1,1,27,3.7
INFINITI,QX55,1,0,13,7.7
INFINITI,QX70,1,1,29,3.4
INTERNATIONAL,3600,1,1,2,50.0
INTERNATIONAL,3800,1,1,7,14.3
INTERNATIONAL,7000,1,1,1,100.0
INTERNATIONAL,9900I,1,1,10,10.0
INTERNATIONAL,CE,1,0,24,4.2
INTERNATIONAL,INTERNATIONAL,1,1,26,3.8
INTERNATIONAL,LONESTAR,1,0,9,11.1
INTERNATIONAL,MV,1,0,9,11.1
INTERNATIONAL,PROSTAR,1,0,54,1.9
INTERNATIONAL,WORKSTAR,1,0,1,100.0
INTERNATIONAL HARVESTER,9400,1,1,16,6.2
INTERNATIONAL HARVESTER,9800,1,1,3,33.3
ISUZU,I MARK,1,0,20,5.0
ISUZU,IMPULSE,1,1,41,2.4
ISUZU,TROOPER II,1,1,32,3.1
ISUZU,VEHICROSS,1,1,80,1.2
ITASCA,HORIZON,1,0,22,4.5
ITASCA,MERIDIAN,1,0,16,6.2
ITASCA,NAVION IQ,1,1,4,25.0
ITASCA,SUNRISE,1,1,17,5.9
JAGUAR,SEDAN RANGE,1,1,7,14.3
JAGUAR,STYLE,1,1,4,25.0
JAGUAR,XJ12,1,1,22,4.5
JAGUAR,XK,1,0,61,1.6
JAGUAR,XK CONVERTIBLE,1,1,5,20.0
JAGUAR,XKR,1,1,18,5.6
JAYCO,ALANTE,1,0,23,4.3
JAYCO,PRECEPT,1,0,73,1.4
JEEP,CJ5,1,1,2,50.0
JEEP,CJ7,1,1,17,5.9
KARAVAN,600-00850-BL-NAS,1,0,4,25.0
KAUFMAN,FDW-6K-18,1,0,2,50.0
KAWASAKI,CONCOURS 14,1,1,64,1.6
KAWASAKI,EJ650-A3,1,0,2,50.0
KAWASAKI,EX250F6F,1,1,4,25.0
KAWASAKI,EX250JCF,1,1,3,33.3
KAWASAKI,KL250,1,1,1,100.0
KAWASAKI,KL250D22,1,1,1,100.0
KAWASAKI,KL650A,1,0,7,14.3
KAWASAKI,KL650E,1,1,23,4.3
KAWASAKI,KL650E8F,1,0,2,50.0
KAWASAKI,KLE650CCFL,1,0,1,100.0
KAWASAKI,KZ750,1,1,1,100.0
KAWASAKI,NINJA H2,1,1,1,100.0
KAWASAKI,VN1600-A1,1,1,7,14.3
KAWASAKI,VN1600A3,1,1,2,50.0
KAWASAKI,VN1600B2,1,1,4,25.0
KAWASAKI,VN1600D1,1,1,4,25.0
KAWASAKI,VN1700AAF,1,1,8,12.5
KAWASAKI,VN1700G9F,1,1,3,33.3
KAWASAKI,VN2000G8F,1,1,2,50.0
KAWASAKI,VN750A6F,1,1,2,50.0
KAWASAKI,VN900B6F,1,1,7,14.3
KAWASAKI,VOYAGER XII,1,1,3,33.3
KAWASAKI,VULCAN 1700 VOYAGER,1,1,3,33.3
KAWASAKI,Z7 HYBRID,1,1,1,100.0
KAWASAKI,ZG1000,1,1,2,50.0
KAWASAKI,ZR1100A2,1,1,2,50.0
KAWASAKI,ZX-6R,1,0,20,5.0
KAWASAKI,ZX1000,1,1,4,25.0
KAWASAKI,ZX10R,1,0,1,100.0
KAWASAKI,ZX1100-C,1,1,2,50.0
KAWASAKI,ZX14,1,1,8,12.5
KAWASAKI,ZX1400A7F,1,1,3,33.3
KAWASAKI,ZX400,1,1,3,33.3
KAWASAKI,ZX600J7F,1,0,12,8.3
KAWASAKI,ZX636 B1L,1,1,1,100.0
KELLY SPRINGFIELD,KELLY SPRINGFIELD,1,1,92,1.1
KENWORTH,T2000,1,0,56,1.8
KENWORTH,T280,1,1,1,100.0
KENWORTH,T370,1,1,4,25.0
KENWORTH,T600,1,1,21,4.8
KENWORTH,T880,1,1,15,6.7
KENWORTH,W900,1,0,42,2.4
KEYSTONE,MONTANA,1,0,188,0.5
KEYSTONE,SPRINGDALE,1,0,68,1.5
KIA,LD SPECTRA,1,1,12,8.3
KIA,RIO5,1,1,9,11.1
KNAPHEIDE,NISSAN 1800HD,1,0,2,50.0
KTM,1290 SUPER ADVENTURE R,1,0,7,14.3
KTM,390 ADVENTURE,1,0,13,7.7
KTM,390 DUKE,1,1,8,12.5
KTM,50 SX,1,1,2,50.0
KTM,690 ENDURO,1,1,3,33.3
KTM,990 ADVENTURE,1,1,4,25.0
KYMCO,AGILITY,1,0,13,7.7
KYMCO,SPADE,1,1,2,50.0
LAG,PANORAMIC,1,1,1,100.0
LAMBORGHINI,AVENTADOR S,1,1,1,100.0
LAMBORGHINI,GALLARDO,1,1,5,20.0
LAND ROVER,DEFENDER 90,1,1,7,14.3
LAND ROVER,RANGE ROVER PHEV,1,1,7,14.3
LAZY DAZE,LAZY DAZE,1,1,11,9.1
LEXUS,ES250,1,1,39,2.6
LEXUS,GS400,1,0,81,1.2
LEXUS,IS 250C,1,0,25,4.0
LEXUS,IS 350C,1,0,29,3.4
LEXUS,IS F,1,0,26,3.8
LEXUS,LS HYBRID,1,0,7,14.3
LEXUS,LS430,1,1,169,0.6
LEXUS,LS500,1,1,8,12.5
LEXUS,LX 470,1,1,13,7.7
LEXUS,NX200,1,1,20,5.0
LEXUS,NX200T,1,1,43,2.3
LEXUS,NX350H,1,1,1,100.0
LEXUS,RC 200T,1,1,10,10.0
LEXUS,SC430,1,1,123,0.8
LEXUS,UX,1,1,11,9.1
LEXUS,UX HYBRID,1,1,18,5.6
LEXUS,UX200,1,0,9,11.1
LIGHTNING EMOTORS,FORD E-450,1,1,3,33.3
LINCOLN,BLACKWOOD,1,0,12,8.3
LINCOLN,MARK IV,1,1,4,25.0
LITTLE GUY,RASCAL,1,0,2,50.0
LOOK,CARGO TRAILER,1,0,4,25.0
LOTUS,ELAN,1,1,18,5.6
LUCID,GRAVITY,1,0,29,3.4
MACK,CH600,1,1,9,11.1
MACK,CX613,1,1,10,10.0
MACK,CXU,1,1,7,14.3
MACK,GRANITE (GU),1,1,3,33.3
MACK,PINNACLE (CXU),1,1,5,20.0
MARK III,CHEVROLET TAHOE,1,1,1,100.0
MARK III,FORD WINDSTAR,1,1,5,20.0
MASERATI,GRANTURISMO,1,0,17,5.9
MASERATI,GRECALE,1,1,21,4.8
MASERATI,LEVANTE,1,1,51,2.0
MASERATI,QUATTROPORTES,1,1,4,25.0
MAZDA,!MX-5,1,1,3,33.3
MAZDA,ATENZA,1,1,5,20.0
MAZDA,MAZDA2,1,0,60,1.7
MCI,J4500,1,1,4,25.0
MCLAREN,ARTURA,1,1,3,33.3
MERCEDES,GLK350,1,1,5,20.0
MERCEDES BENZ,203,1,1,4,25.0
MERCEDES BENZ,220,1,1,35,2.9
MERCEDES BENZ,300SE,1,0,9,11.1
MERCEDES BENZ,380,1,0,25,4.0
MERCEDES BENZ,400E,1,0,44,2.3
MERCEDES BENZ,420SEL,1,1,1,100.0
MERCEDES BENZ,430,1,1,38,2.6
MERCEDES BENZ,500SEL,1,1,2,50.0
MERCEDES BENZ,560,1,1,54,1.9
MERCEDES BENZ,C220,1,0,150,0.7
MERCEDES BENZ,CL CLASS,1,0,52,1.9
MERCEDES BENZ,CL215,1,1,1,100.0
MERCEDES BENZ,E420,1,1,13,7.7
MERCEDES BENZ,E550,1,1,69,1.4
MERCEDES BENZ,G500,1,1,14,7.1
MERCEDES BENZ,GL,1,1,15,6.7
MERCEDES BENZ,GL320,1,0,37,2.7
MERCEDES BENZ,GL350,1,1,1,100.0
MERCEDES BENZ,GLC,1,1,8,12.5
MERCEDES BENZ,GLE 580 4MATIC,1,1,3,33.3
MERCEDES BENZ,MERCEDES BENZ TRUCK,1,1,15,6.7
MERCEDES BENZ,ML55,1,1,18,5.6
MERCEDES BENZ,ML63,1,1,6,16.7
MERCEDES BENZ,R CLASS,1,1,5,20.0
MERCEDES BENZ,R320,1,1,23,4.3
MERCEDES BENZ,S SERIES,1,0,13,7.7
MERCEDES BENZ,S320,1,1,14,7.1
MERCEDES BENZ,S420,1,0,23,4.3
MERCEDES BENZ,S63,1,0,12,8.3
MERCEDES BENZ,SL55,1,1,27,3.7
MERCEDES BENZ,SL600,1,1,28,3.6
MERCEDES BENZ,SLK55,1,1,8,12.5
MERCEDES ROYALE,SPRINTER COACH,1,0,31,3.2
MERCEDES-BENZ,A 220 4MATIC,1,0,3,33.3
MERCEDES-BENZ,AMG C32,1,0,15,6.7
MERCEDES-BENZ,AMG C63S,1,0,10,10.0
MERCEDES-BENZ,AMG E 53 4MATIC+ WAGON,1,1,7,14.3
MERCEDES-BENZ,AMG E43,1,1,18,5.6
MERCEDES-BENZ,AMG G63,1,0,24,4.2
MERCEDES-BENZ,AMG GLC63 S,1,1,2,50.0
MERCEDES-BENZ,AMG GLS63,1,0,10,10.0
MERCEDES-BENZ,AMG GT S,1,0,5,20.0
MERCEDES-BENZ,AMG GT53,1,1,6,16.7
MERCEDES-BENZ,AMG ML63,1,0,14,7.1
MERCEDES-BENZ,AMG S63,1,0,19,5.3
MERCEDES-BENZ,AMG S63 4MATIC,1,1,4,25.0
MERCEDES-BENZ,C 300 4MATIC,1,0,10,10.0
MERCEDES-BENZ,C 350 E,1,0,3,33.3
MERCEDES-BENZ,C350E,1,0,19,5.3
MERCEDES-BENZ,C450,1,1,26,3.8
MERCEDES-BENZ,CL550,1,0,10,10.0
MERCEDES-BENZ,CLS 450,1,0,33,3.0
MERCEDES-BENZ,CLS400,1,1,12,8.3
MERCEDES-BENZ,CLS63,1,0,3,33.3
MERCEDES-BENZ,E 400 4MATIC,1,0,1,100.0
MERCEDES-BENZ,E 450 4MATIC COUPE,1,0,1,100.0
MERCEDES-BENZ,E250,1,0,23,4.3
MERCEDES-BENZ,E400,1,0,80,1.2
MERCEDES-BENZ,E400 HYBRID,1,1,3,33.3
MERCEDES-BENZ,EQE 350 4MATIC,1,1,16,6.2
MERCEDES-BENZ,EQE 500,1,0,8,12.5
MERCEDES-BENZ,EQE350,1,0,7,14.3
MERCEDES-BENZ,EQS 450,1,1,47,2.1
MERCEDES-BENZ,EQS 580,1,0,26,3.8
MERCEDES-BENZ,EQS SUV 580 4MATIC,1,0,6,16.7
MERCEDES-BENZ,ESPRINTER,1,0,3,33.3
MERCEDES-BENZ,G 550,1,0,24,4.2
MERCEDES-BENZ,GLB 250 4MATIC,1,0,16,6.2
MERCEDES-BENZ,GLC,1,0,27,3.7
MERCEDES-BENZ,GLC350E,1,0,11,9.1
MERCEDES-BENZ,GLE,1,1,13,7.7
MERCEDES-BENZ,GLE 350 E,1,0,3,33.3
MERCEDES-BENZ,GLE 450 4MATIC,1,1,19,5.3
MERCEDES-BENZ,GLE 550 E,1,0,7,14.3
MERCEDES-BENZ,GLE 580,1,0,14,7.1
MERCEDES-BENZ,GLE550E,1,1,6,16.7
MERCEDES-BENZ,GLS 550,1,1,12,8.3
MERCEDES-BENZ,GLS550,1,0,6,16.7
MERCEDES-BENZ,M166,1,1,6,16.7
MERCEDES-BENZ,ML400,1,1,8,12.5
MERCEDES-BENZ,ML550,1,0,25,4.0
MERCEDES-BENZ,REDUNDANT EQE 350 4MATIC,1,0,14,7.1
MERCEDES-BENZ,S 500,1,0,43,2.3
MERCEDES-BENZ,S550 4MATIC,1,1,24,4.2
MERCEDES-BENZ,S560,1,1,25,4.0
MERCEDES-BENZ,SL 550,1,0,3,33.3
MERCEDES-BENZ,SLK350,1,1,16,6.2
MERCURY,MONARCH,1,1,2,50.0
MERCURY,ZEPHYR,1,1,8,12.5
MERKUR,SCORPIO,1,1,13,7.7
MICHELIN,LX1,1,0,6,16.7
MICHELIN,LXI TIRE,1,0,6,16.7
MICHELIN,MXV4,1,0,121,0.8
MICHELIN,RADIAL TIRE,1,1,27,3.7
MINI,COOPER US,1,1,22,4.5
MINI,COOPER WORKS,1,0,3,33.3
MINI,JCW,1,1,22,4.5
MINI,JCW COUNTRYMAN ALL4,1,1,3,33.3
MINI,PACEMAN,1,0,9,11.1
MITSUBISHI,3000,1,0,4,25.0
MITSUBISHI,CANTER,1,1,3,33.3
MITSUBISHI,LANCER SPORTBACK,1,1,19,5.3
MITSUBISHI,LANCER SPORTBACK RALLIART,1,0,1,100.0
MITSUBISHI,PICKUP,1,1,10,10.0
MITSUBISHI,SIGMA,1,1,6,16.7
MITSUBISHI,SPYDER,1,1,35,2.9
MITSUBISHI,TRUCK,1,1,14,7.1
MITSUBISHI,WAGON,1,1,4,25.0
MITSUBISHI CARIBBEAN,EXPO,1,1,1,100.0
MITSUBISHI CARIBBEAN,MONTERO,1,1,21,4.8
MITSUBISHI FUSO,FE140G,1,0,2,50.0
MITSUBISHI FUSO,FE640,1,1,1,100.0
MITSUBISHI FUSO,FE649,1,1,3,33.3
MITSUBISHI FUSO,FG639,1,1,1,100.0
MITSUBISHI FUSO,FH 211,1,0,4,25.0
MITSUBISHI FUSO,FH617,1,0,3,33.3
MOBILITY VENTURES,MV-1,1,0,5,20.0
MONACO COACH,DIPLOMAT,1,0,90,1.1
MONTANA,3670 RL,1,0,15,6.7
MOPAR,GEAR SHIFT CONTROL CABLE,1,1,1,100.0
MOPAR,HIGH PRESSURE FUEL PUMP,1,1,5,20.0
MOTO GUZZI,BREVA 1200,1,1,1,100.0
MOTO GUZZI,NORGE 1200,1,1,11,9.1
MOTO GUZZI,V7,1,1,3,33.3
MOTO GUZZI,V85 TT,1,0,5,20.0
MOTO GUZZI,V9,1,0,1,100.0
NATIONAL RV,DOLPHIN,1,1,46,2.2
NATIONAL RV,TRADEWINDS,1,1,16,6.2
NAVISTAR,NAVISTAR,1,1,1,100.0
NEWELL,MOTOR HOME,1,0,3,33.3
NEWMAR,LONDON AIRE,1,0,34,2.9
NEWMAR,NEWMAR,1,0,27,3.7
NEXUS,VIPER,1,0,2,50.0
NISSAN,210,1,1,2,50.0
NISSAN,720,1,1,9,11.1
NISSAN,NISSAN TRUCK,1,0,16,6.2
NISSAN,NV200,1,1,41,2.4
NISSAN,NX,1,1,17,5.9
NISSAN,PULSAR,1,1,22,4.5
NISSAN,REDUNDANT MURANO,1,1,3,33.3
NISSAN,REDUNDANT NV200,1,1,58,1.7
NISSAN,REDUNDANT PATHFINDER,1,1,9,11.1
NISSAN,REDUNDANT ROGUE,1,0,30,3.3
NISSAN,SERENA,1,1,1,100.0
NISSAN,VAN,1,1,17,5.9
OLDSMOBILE,CALAIS,1,1,124,0.8
OLDSMOBILE,DELTA 88,1,0,11,9.1
OLDSMOBILE,S/T UTILITY,1,1,1,100.0
OLDSMOBILE,U-VAN,1,0,2,50.0
OPEL,GT,1,0,3,33.3
OSHKOSH,X LINE,1,1,4,25.0
OUTBACK CUSTOM,DODGE RAM RCA,1,1,3,33.3
PETERBILT,335,1,1,6,16.7
PETERBILT,387,1,1,14,7.1
PETERBILT,389,1,0,34,2.9
PIAGGIO,BV 400,1,0,2,50.0
PIAGGIO,BV 500,1,0,13,7.7
PIRELLI,PIRELLI,1,0,197,0.5
PLEASURE WAY,PLATEAU,1,0,18,5.6
PLYMOUTH,CARAVELLE,1,0,9,11.1
PLYMOUTH,HORIZON,1,1,31,3.2
PLYMOUTH,RELIANT,1,1,67,1.5
PLYMOUTH,VOYAGER (AWD),1,1,4,25.0
POLARIS,1633,1,1,7,14.3
POLARIS,RANGER 900,1,1,3,33.3
POLARIS,SCRAMBLER,1,1,3,33.3
POLARIS,SLINGSHOT S,1,1,2,50.0
POLARIS,SLINGSHOT SL,1,0,4,25.0
POLARIS,SPORTSMAN,1,1,4,25.0
PONTIAC,PARISIENNE,1,1,18,5.6
PORSCHE,718 BOXSTER,1,1,6,16.7
PORSCHE,928,1,0,4,25.0
PORSCHE,CAYENNE GTS,1,1,3,33.3
PORSCHE,CAYENNE S E-HYBRID,1,0,5,20.0
PORSCHE,CAYMAN S,1,1,12,8.3
PORSCHE,MACAN S,1,0,26,3.8
PORSCHE,PANAMERA 4,1,0,4,25.0
PORSCHE,PANAMERA S,1,0,9,11.1
PRIME TIME,TRACER,1,0,8,12.5
PRINZING,BARON,1,1,8,12.5
RAM,C/V TRADESMAN,1,1,14,7.1
RAM,PROMASTER 1500,1,1,6,16.7
RENAULT,ALLIANCE,1,1,46,2.2
REXHALL,AERBUS,1,1,34,2.9
ROCKWOOD,LUMINA,1,1,1,100.0
ROCKWOOD,PRESTIGE,1,0,2,50.0
ROCKWOOD,ROCKWOOD,1,1,43,2.3
ROYAL ENFIELD,BULLET C5 MILITARY,1,1,2,50.0
ROYAL ENFIELD,HIMALAYAN,1,0,21,4.8
SAAB,9-2X,1,0,148,0.7
SAAB,9-4X,1,1,6,16.7
SAAB,95,1,1,62,1.6
SAAB,952,1,1,12,8.3
SAFARI COACH,SAHARA,1,1,20,5.0
SAFARI COACH,SIMBA,1,1,15,6.7
SATURN,EV1,1,0,5,20.0
SATURN,S SERIES,1,1,3,33.3
SATURN,S-SERIES COUPE,1,1,13,7.7
SATURN,SL1,1,1,2,50.0
SATURN,SL2,1,1,6,16.7
SATURN,SPORTS COUPE,1,1,4,25.0
SATURN,WAGON,1,1,2,50.0
SEARS,SEARS,1,1,23,4.3
SHOW TRUCKS,FORD E150,1,0,1,100.0
SMART,FORTWO CABRIOLET,1,1,2,50.0
SMART,FORTWO COUPE ELECTRIC,1,1,7,14.3
SPARTAN,HIGHLANDER,1,0,10,10.0
SPARTAN,METROSTAR,1,0,4,25.0
STARCRAFT,STARSTREAM 24QB,1,0,2,50.0
STERLING,ACTERRA,1,1,10,10.0
STP,STP,1,1,1,100.0
SUBARU,ESTEEM,1,0,4,25.0
SUBARU,IMPREZA WRX,1,1,9,11.1
SUBARU,TRAILSEEKER,1,0,34,2.9
SUBARU,WRX STI,1,1,27,3.7
SUBARU,XV CROSSTREK HYBRID,1,1,16,6.2
SUZUKI,BOULEVARD C50,1,1,4,25.0
SUZUKI,C50 (BOULEVARD),1,1,22,4.5
SUZUKI,C90,1,1,9,11.1
SUZUKI,C90T,1,1,10,10.0
SUZUKI,EQUATOR,1,1,17,5.9
SUZUKI,GSF1250,1,1,6,16.7
SUZUKI,GSX-1300RK8,1,1,3,33.3
SUZUKI,GSX-R750X,1,1,3,33.3
SUZUKI,GSX1300RAL8,1,1,1,100.0
SUZUKI,GSXR600,1,1,12,8.3
SUZUKI,GZ250,1,1,3,33.3
SUZUKI,KATANA,1,1,4,25.0
SUZUKI,KAZASHI,1,0,9,11.1
SUZUKI,M109R,1,0,4,25.0
SUZUKI,SAMURAI,1,1,51,2.0
SUZUKI,SV650,1,1,12,8.3
SUZUKI,VINSON,1,1,4,25.0
SUZUKI,VL1500,1,1,53,1.9
SUZUKI,VL800TL,1,1,1,100.0
SUZUKI,VS1400GLPK4,1,0,2,50.0
SUZUKI,VS700,1,1,3,33.3
SUZUKI,VZ800,1,1,8,12.5
SUZUKI,VZR1800K9,1,1,1,100.0
SUZUKI,WHEEL,1,1,27,3.7
SYM,WOLF CLASSIC 150CC,1,1,1,100.0
TAURUS,TAURUS,1,1,2,50.0
TESLA,ROADSTER2,1,0,2,50.0
TH!NK,NEIGHBOR,1,0,4,25.0
THOMAS BUILT BUSES,SAF-T-LINER HDX,1,1,10,10.0
THOR MOTOR COACH,CHALLENGER,1,0,45,2.2
THOR MOTOR COACH,QUANTUM,1,0,11,9.1
THOR MOTOR COACH,REDUNDANT CHALLENGER,1,0,3,33.3
THOR MOTOR COACH,SANCTUARY,1,1,9,11.1
THOR MOTOR COACH,TELLARO,1,0,8,12.5
TIFFIN,ALLEGRO BREEZE,1,0,12,8.3
TIFFIN,ALLEGRO BUS,1,0,27,3.7
TIFFIN,WAYFARER,1,1,30,3.3
TIGAR,PAW,1,1,4,25.0
TOYO,TOYO,1,1,142,0.7
TOYOTA,4X4,1,1,40,2.5
TOYOTA,BZ,1,0,24,4.2
TOYOTA,BZ4X,1,1,76,1.3
TOYOTA,CARGO VAN,1,1,1,100.0
TOYOTA,COROLLA HATCHBACK,1,1,10,10.0
TOYOTA,CORONA,1,0,2,50.0
TOYOTA,PASEO,1,1,44,2.3
TOYOTA,SCION TC,1,0,23,4.3
TOYOTA,SUNRADER,1,0,2,50.0
TOYOTA,TIOO,1,1,22,4.5
TOYOTA,TUNDRA HYBRID,1,1,12,8.3
TRIUMPH,BONNEVILLE T100 BLACK A3,1,0,3,33.3
TRIUMPH,BONNEVILLE T120 BLACK,1,0,4,25.0
TRIUMPH,DAYTONA 675,1,1,16,6.2
TRIUMPH,EXPLORER,1,1,3,33.3
TRIUMPH,ROCKET 3 R,1,1,7,14.3
TRIUMPH,SCRAMBLER,1,1,6,16.7
TRIUMPH,SCRAMBLER 1200 XC,1,1,6,16.7
TRIUMPH,SPEED 400,1,0,25,4.0
TRIUMPH,SPEED TRIPLE RS,1,1,4,25.0
TRIUMPH,SPRINT ST,1,1,28,3.6
TRIUMPH,STREET TRIPLE,1,1,6,16.7
TRIUMPH,THRUXTON,1,1,33,3.0
TRIUMPH,THUNDERBIRD SPORT,1,1,1,100.0
TRIUMPH,TIGER 800,1,1,9,11.1
TRIUMPH,TIGER 800XC ABS A1,1,1,1,100.0
TRIUMPH,TIGER SPORT,1,0,7,14.3
TRIUMPH,TRIUMPH,1,1,25,4.0
TRV,400,1,0,2,50.0
U-HAUL,AUTO TRANSPORTER TRAILER,1,0,11,9.1
UNIROYAL,TIGERPAW,1,1,39,2.6
UNIROYAL,UNIROYAL,1,1,164,0.6
UNKNOWN,AUTOMATIC,1,1,356,0.3
URAL,TOURIST,1,1,9,11.1
UTILIMASTER,AEROMATE,1,1,2,50.0
VENTO,VTHUNDER,1,1,8,12.5
VENTURE,5000 VRT,1,1,3,33.3
VESPA,GTS 250,1,0,8,12.5
VICTORY,GUNNER,1,1,2,50.0
VICTORY,JACKPOT,1,0,4,25.0
VICTORY,NESS JACKPOT,1,1,1,100.0
VICTORY,NESS VISION,1,1,7,14.3
VICTORY,TOURING CRUISER,1,1,5,20.0
VICTORY,V92 SPECIAL EDITION,1,0,1,100.0
VICTORY,VICTORY,1,1,6,16.7
VICTORY,VISION,1,1,92,1.1
VIKING,VIKING,1,1,8,12.5
VINFAST,VF 9,1,1,4,25.0
VMI,HONDA ODYSSEY NORTHSTAR,1,1,4,25.0
VOLKSWAGEN,BEETLE CONVERTIBLE,1,0,48,2.1
VOLKSWAGEN,GLI,1,1,23,4.3
VOLKSWAGEN,VANAGON,1,0,57,1.8
VOLKSWAGEN,WESTPHALIA,1,0,1,100.0
VOLVO,600 SERIES,1,1,3,33.3
VOLVO,700,1,0,8,12.5
VOLVO,700 SERIES,1,1,1,100.0
VOLVO,780,1,1,40,2.5
VOLVO,C70 CONVERTIBLE,1,1,46,2.2
VOLVO,DL,1,0,14,7.1
VOLVO,S40N,1,1,19,5.3
VOLVO,TD365,1,1,2,50.0
VOLVO,V70AWD,1,0,7,14.3
VOLVO,V90CC,1,0,37,2.7
VOLVO,VAH,1,1,1,100.0
VOLVO,VHD,1,1,20,5.0
VOLVO,VNL (4),1,1,14,7.1
VOLVO,VOLVO WHITE,1,1,5,20.0
VOLVO,WIATES,1,1,17,5.9
VOLVO,WXLL,1,1,3,33.3
VOLVO,XC90H,1,0,9,11.1
WARREN,BRAKE FLUID,1,1,1,100.0
WESTERN,ALPINE,1,0,23,4.3
WESTERN STAR,47X,1,1,5,20.0
WINNEBAGO,31BE,1,0,2,50.0
WINNEBAGO,EKKO,1,0,172,0.6
WINNEBAGO,ELANTE,1,1,4,25.0
WINNEBAGO,ERA,1,1,20,5.0
WINNEBAGO,INSPIRE,1,1,5,20.0
WINNEBAGO,MINNIE WINNIE,1,0,76,1.3
WINNEBAGO,NAVION,1,0,22,4.5
WINNEBAGO,RIALTA,1,0,12,8.3
WINNEBAGO,SIGHTSEER,1,1,76,1.3
WINNEBAGO,SUN CRUISER,1,1,15,6.7
WINNEBAGO,TRAVATO,1,1,44,2.3
WINNEBAGO,VOYAGE,1,0,9,11.1
WINNEBAGO,WCM34WQ,1,1,4,25.0
WINSTON,TRAILER,1,1,1,100.0
WORKHORSE,P320042,1,1,2,50.0
YAMAHA,BOLT,1,0,112,0.9
YAMAHA,FJR1300AE,1,1,16,6.2
YAMAHA,FZ07,1,1,6,16.7
YAMAHA,FZ6,1,0,62,1.6
YAMAHA,FZ600,1,1,1,100.0
YAMAHA,FZR1000,1,1,1,100.0
YAMAHA,FZR600,1,1,9,11.1
YAMAHA,RIVA,1,1,2,50.0
YAMAHA,ROAD STAR MM LIMITED,1,1,1,100.0
YAMAHA,ROYALE VENTURE,1,1,5,20.0
YAMAHA,STAR ELUDE,1,0,3,33.3
YAMAHA,SVS650,1,1,2,50.0
YAMAHA,V STAR,1,0,3,33.3
YAMAHA,V STAR 1000,1,0,4,25.0
YAMAHA,VMX12,1,1,9,11.1
YAMAHA,WARRIOR,1,0,28,3.6
YAMAHA,XTZ12,1,1,19,5.3
YAMAHA,XV1100,1,1,2,50.0
YAMAHA,XV1600AN,1,1,1,100.0
YAMAHA,XV1600ATL,1,1,2,50.0
YAMAHA,XV16A,1,0,3,33.3
YAMAHA,XV1700,1,1,60,1.7
YAMAHA,XV17PCPC,1,1,1,100.0
YAMAHA,XV17PCR,1,1,1,100.0
YAMAHA,XVS13,1,1,11,9.1
YAMAHA,XVS1900,1,1,4,25.0
YAMAHA,YZF-R6,1,0,5,20.0
YAMAHA,YZF-R6R(C),1,0,3,33.3
YAMAHA,YZF-R7,1,0,1,100.0
YAMAHA,YZFR1M,1,1,3,33.3
YAMAHA,YZFR1MF,1,1,2,50.0
YAMAHA,YZFR1S,1,1,1,100.0
YAMAHA,YZFR6M,1,1,2,50.0
YOKOHAMA,DIGGER,1,1,5,20.0
YOKOHAMA,YOKOHAMA,1,0,131,0.8
