make,model,electrical_complaints,total_complaints,electrical_share
KIA,EV6,401,532,0.7538
HYUNDAI,IONIQ 5,983,1323,0.7430
VOLKSWAGEN,ROUTAN,455,782,0.5818
VOLKSWAGEN,ID.4,497,984,0.5051
SAAB,9-5,243,504,0.4821
FORD,MUSTANG MACH E,308,651,0.4731
JEEP,COMMANDER,1297,2745,0.4725
NISSAN,LEAF,512,1092,0.4689
FISKER,OCEAN,380,883,0.4304
BUICK,LUCERNE,399,940,0.4245
CHEVROLET,BOLT EV,403,968,0.4163
DODGE,JOURNEY,2084,5263,0.3960
CHRYSLER,TOWN AND COUNTRY,5207,13474,0.3864
CHRYSLER,PACIFICA PLUG-IN HYBRID,236,613,0.3850
DODGE,NITRO,423,1114,0.3797
CHEVROLET,VOLT,700,1857,0.3770
DODGE,CHALLENGER,619,1690,0.3663
SATURN,ION,1545,4328,0.3570
MERCEDES BENZ,C300,426,1248,0.3413
CADILLAC,DTS,177,523,0.3384
DODGE,CHARGER,1923,5728,0.3357
CHEVROLET,TRAILBLAZER,2343,7098,0.3301
CHEVROLET,IMPALA,3433,10409,0.3298
FORD,MAVERICK HYBRID,278,846,0.3286
DODGE,GRAND CARAVAN,4340,13402,0.3238
CHEVROLET,TRAILBLAZER EXT,276,858,0.3217
HUMMER,H3,246,789,0.3118
OLDSMOBILE,ALERO,597,1947,0.3066
CHRYSLER,300,1484,4905,0.3025
TESLA,MODEL S,994,3375,0.2945
CHRYSLER,200,1220,4178,0.2920
VOLVO,XC90,437,1498,0.2917
JEEP,GLADIATOR,285,979,0.2911
SATURN,VUE,684,2353,0.2907
JEEP,COMPASS,1065,3679,0.2895
SUBARU,ASCENT,291,1018,0.2859
GMC,ENVOY XL,168,589,0.2852
JEEP,RENEGADE,615,2189,0.2810
HYUNDAI,VERACRUZ,185,659,0.2807
CHEVROLET,MONTE CARLO,599,2139,0.2800
BUICK,LACROSSE,589,2117,0.2782
GMC,ENVOY,671,2454,0.2734
PONTIAC,GRAND AM,1513,5565,0.2719
FORD,TEMPO,321,1189,0.2700
PONTIAC,SUNFIRE,306,1143,0.2677
FORD,AEROSTAR,611,2296,0.2661
BMW,328I,681,2572,0.2648
VOLVO,XC60,166,631,0.2631
CHEVROLET,AVEO,346,1317,0.2627
FORD,BRONCO SPORT,344,1318,0.2610
JEEP,GRAND CHEROKEE,7543,28973,0.2603
FORD,F-150 HYBRID,157,605,0.2595
FORD,F150,217,843,0.2574
CHEVROLET,TRAX,241,940,0.2564
HYUNDAI,SONATA HYBRID,200,784,0.2551
AUDI,S4,149,587,0.2538
CHEVROLET,AVALANCHE 1500,226,891,0.2536
CHEVROLET,CAVALIER,1168,4656,0.2509
INFINITI,G35,333,1347,0.2472
CHEVROLET,UPLANDER,142,580,0.2448
CHEVROLET,MALIBU,4710,19281,0.2443
VOLKSWAGEN,ATLAS,474,1945,0.2437
SATURN,OUTLOOK,328,1352,0.2426
AUDI,A6,391,1636,0.2390
BUICK,RENDEZVOUS,295,1241,0.2377
CHEVROLET,SONIC,225,951,0.2366
SUBARU,OUTBACK,2275,9698,0.2346
VOLKSWAGEN,TIGUAN,525,2240,0.2344
RAM,PROMASTER,145,622,0.2331
HONDA,ACCORD HYBRID,165,724,0.2279
NISSAN,KICKS,114,503,0.2266
CHRYSLER,PT CRUISER,559,2506,0.2231
OLDSMOBILE,INTRIGUE,254,1140,0.2228
BMW,528I,184,831,0.2214
HONDA,PILOT,2021,9183,0.2201
HYUNDAI,GENESIS,270,1236,0.2184
VOLKSWAGEN,JETTA,2181,10182,0.2142
BMW,X1,141,661,0.2133
CHEVROLET,COLORADO,760,3571,0.2128
CHEVROLET,HHR,749,3569,0.2099
SUZUKI,FORENZA,188,902,0.2084
FORD,FLEX,393,1903,0.2065
CHRYSLER,PACIFICA,1425,6927,0.2057
CHEVROLET,CRUZE,758,3716,0.2040
BUICK,SKYLARK,106,521,0.2035
BMW,X3,396,1962,0.2018
KIA,SEDONA,480,2393,0.2006
CHEVROLET,CAMARO,633,3157,0.2005
LAND ROVER,DISCOVERY,108,539,0.2004
RAM,1500,2312,11587,0.1995
CHEVROLET,SPARK,100,502,0.1992
DODGE,DURANGO,2721,13702,0.1986
FORD,FOCUS,4335,22024,0.1968
GMC,ACADIA,1077,5518,0.1952
TESLA,MODEL X,298,1529,0.1949
AUDI,Q7,200,1028,0.1946
HONDA,PROLOGUE,190,978,0.1943
HONDA,RIDGELINE,414,2141,0.1934
PONTIAC,AZTEK,107,562,0.1904
CHEVROLET,COBALT,1457,7672,0.1899
VOLVO,S70,112,593,0.1889
DODGE,AVENGER,595,3151,0.1888
MAZDA,CX-5,457,2426,0.1884
RAM,2500,952,5065,0.1880
CHEVROLET,SUBURBAN 1500,268,1426,0.1879
FORD,EDGE,2612,13899,0.1879
DODGE,DART,471,2507,0.1879
BMW,530I,106,565,0.1876
FORD,ESCORT,735,3927,0.1872
JEEP,WRANGLER,2954,15788,0.1871
GMC,CANYON,263,1418,0.1855
HONDA,FIT,404,2183,0.1851
DODGE,CALIBER,339,1844,0.1838
TOYOTA,HIGHLANDER HYBRID,151,824,0.1833
BMW,335I,147,808,0.1819
VOLKSWAGEN,BEETLE,469,2584,0.1815
VOLVO,S60,225,1244,0.1809
ACURA,TLX,156,875,0.1783
SATURN,AURA,256,1439,0.1779
BMW,3 SERIES,146,823,0.1774
FORD,BRONCO,286,1615,0.1771
CHEVROLET,SILVERADO 2500,692,3912,0.1769
FORD,CONTOUR,556,3150,0.1765
GMC,YUKON DENALI,156,890,0.1753
HYUNDAI,KONA,136,776,0.1753
LAND ROVER,RANGE ROVER SPORT,109,623,0.1750
MERCEDES BENZ,E320,202,1160,0.1741
BMW,X5,540,3102,0.1741
CADILLAC,CTS,383,2201,0.1740
MERCURY,MYSTIQUE,177,1018,0.1739
VOLVO,S80,165,949,0.1739
CHEVROLET,BERETTA,94,543,0.1731
BUICK,REGAL,561,3252,0.1725
CADILLAC,DEVILLE,461,2704,0.1705
CHRYSLER,SEBRING,478,2830,0.1689
PONTIAC,TORRENT,105,622,0.1688
SUBARU,CROSSTREK,197,1167,0.1688
PONTIAC,G6,992,5880,0.1687
HONDA,HR-V,308,1827,0.1686
SATURN,LS,244,1453,0.1679
HONDA,ACCORD,4084,24355,0.1677
FIAT,500,135,807,0.1673
KIA,SEPHIA,283,1701,0.1664
CHEVROLET,CORSICA,138,831,0.1661
JEEP,WRANGLER 2-DR 4X4,126,764,0.1649
PONTIAC,GRAND PRIX,888,5407,0.1642
KIA,SELTOS,88,539,0.1633
JEEP,WRANGLER 4-DR 4X4,223,1366,0.1633
AUDI,A4,470,2880,0.1632
CADILLAC,ESCALADE,270,1667,0.1620
GMC,SIERRA 2500,288,1782,0.1616
HYUNDAI,VELOSTER,207,1283,0.1613
BMW,330I,130,809,0.1607
JEEP,CHEROKEE,2362,14717,0.1605
RAM,3500,369,2301,0.1604
CHEVROLET,CAPRICE,112,699,0.1602
AUDI,Q5,211,1317,0.1602
BMW,325I,217,1375,0.1578
MERCURY,COUGAR,297,1887,0.1574
FORD,FIVE HUNDRED,168,1069,0.1572
HONDA,CR-V,2478,15819,0.1566
ACURA,MDX,505,3232,0.1562
LINCOLN,TOWN CAR,512,3294,0.1554
CADILLAC,ESCALADE ESV,80,516,0.1550
VOLKSWAGEN,PASSAT,1205,7809,0.1543
CHEVROLET,TRAVERSE,833,5418,0.1537
VOLVO,V70,141,922,0.1529
VOLKSWAGEN,TOUAREG,98,641,0.1529
LINCOLN,NAVIGATOR,198,1302,0.1521
PONTIAC,BONNEVILLE,299,1968,0.1519
FORD,EXPEDITION,1378,9118,0.1511
CHEVROLET,TAHOE,1494,9918,0.1506
JEEP,PATRIOT,419,2784,0.1505
NISSAN,ARMADA,275,1836,0.1498
VOLKSWAGEN,GTI,209,1401,0.1492
CHEVROLET,SILVERADO 1500,2650,17791,0.1490
HONDA,ODYSSEY,1853,12485,0.1484
BUICK,ENCORE,88,595,0.1479
GMC,SIERRA 3500,81,551,0.1470
TOYOTA,RAV4,1367,9327,0.1466
INFINITI,QX60,84,576,0.1458
OLDSMOBILE,BRAVADA,140,964,0.1452
FORD,EXCURSION,152,1048,0.1450
HYUNDAI,AZERA,103,712,0.1447
GMC,YUKON XL,338,2342,0.1443
KIA,TELLURIDE,283,1964,0.1441
OLDSMOBILE,AURORA,110,782,0.1407
NISSAN,SENTRA,833,5923,0.1406
MERCURY,TRACER,79,562,0.1406
BUICK,LESABRE,518,3690,0.1404
MINI,COOPER,313,2233,0.1402
VOLKSWAGEN,GOLF,207,1480,0.1399
SAAB,9-3,188,1345,0.1398
DODGE,MAGNUM,158,1147,0.1378
FORD,ESCAPE HYBRID,238,1734,0.1373
KIA,SORENTO,1386,10128,0.1368
CHRYSLER,300C,172,1258,0.1367
GMC,SIERRA 1500,1182,8718,0.1356
HONDA,PASSPORT,218,1608,0.1356
SUBARU,LEGACY,427,3157,0.1353
CHEVROLET,EXPRESS,84,628,0.1338
KIA,SPORTAGE,624,4667,0.1337
DODGE,CARAVAN,1400,10476,0.1336
FORD,TRANSIT,103,771,0.1336
PONTIAC,FIREBIRD,79,592,0.1334
NISSAN,ROGUE,960,7200,0.1333
CHEVROLET,EQUINOX,1206,9067,0.1330
SATURN,SL,291,2191,0.1328
MERCURY,GRAND MARQUIS,519,3922,0.1323
FORD,MUSTANG GT,91,689,0.1321
CHEVROLET,SILVERADO 3500,136,1042,0.1305
TESLA,MODEL Y,530,4073,0.1301
TESLA,MODEL 3,553,4270,0.1295
OLDSMOBILE,CUTLASS,206,1591,0.1295
SUZUKI,GRAND VITARA,82,635,0.1291
NISSAN,MAXIMA,883,6840,0.1291
FORD,THUNDERBIRD,303,2352,0.1288
CHRYSLER,SEBRING CONVERTIBLE,94,730,0.1288
BUICK,PARK AVENUE,175,1360,0.1287
DODGE,NEON,447,3474,0.1287
TOYOTA,PRIUS,1592,12449,0.1279
LAND ROVER,RANGE ROVER,123,967,0.1272
KIA,FORTE,319,2520,0.1266
ACURA,TSX,84,667,0.1259
CADILLAC,SEVILLE,100,797,0.1255
MITSUBISHI,OUTLANDER,164,1308,0.1254
LINCOLN,MKX,177,1414,0.1252
VOLKSWAGEN,CC,123,983,0.1251
KIA,OPTIMA,933,7481,0.1247
NISSAN,QUEST,261,2098,0.1244
HYUNDAI,SONATA,1984,16013,0.1239
FORD,EXPLORER SPORT TRAC,88,712,0.1236
FORD,MUSTANG,1131,9178,0.1232
GMC,YUKON,605,4915,0.1231
MAZDA,MAZDA3,365,2973,0.1228
SUBARU,FORESTER,790,6443,0.1226
MERCEDES BENZ,C230,80,654,0.1223
HYUNDAI,ELANTRA,1058,8668,0.1221
BUICK,CENTURY,219,1801,0.1216
PLYMOUTH,GRAND VOYAGER,293,2411,0.1215
FORD,TRANSIT CONNECT,69,568,0.1215
MERCEDES BENZ,ML320,90,741,0.1215
LEXUS,RX,112,934,0.1199
LINCOLN,CONTINENTAL,200,1669,0.1198
NISSAN,MURANO,709,5938,0.1194
KIA,RIO,152,1290,0.1178
AUDI,A3,85,722,0.1177
FORD,CROWN VICTORIA,360,3087,0.1166
INFINITI,QX56,62,537,0.1155
CADILLAC,SRX,375,3257,0.1151
LINCOLN,MKC,67,583,0.1149
HYUNDAI,TUCSON,716,6236,0.1148
NISSAN,ALTIMA,1765,15414,0.1145
VOLVO,850,65,569,0.1142
POLESTAR,POLESTAR 2,67,590,0.1136
CHRYSLER,CIRRUS,94,830,0.1133
DODGE,RAM 1500,1398,12351,0.1132
MERCEDES-BENZ,C300,248,2214,0.1120
FORD,FUSION HYBRID,133,1192,0.1116
PONTIAC,MONTANA,116,1040,0.1115
GMC,TERRAIN,344,3086,0.1115
TOYOTA,HIGHLANDER,624,5605,0.1113
HYUNDAI,SANTA FE,844,7588,0.1112
FORD,WINDSTAR,1570,14126,0.1111
BUICK,ENCLAVE,275,2484,0.1107
CHRYSLER,LEBARON,68,629,0.1081
FORD,FIESTA,338,3166,0.1068
CHEVROLET,VENTURE,248,2326,0.1066
HYUNDAI,ACCENT,216,2027,0.1066
CHEVROLET,AVALANCHE,205,1945,0.1054
ACURA,CL,61,580,0.1052
OLDSMOBILE,88,97,925,0.1049
CHEVROLET,MALIBU MAXX,112,1070,0.1047
PONTIAC,SOLSTICE,76,727,0.1045
PLYMOUTH,NEON,143,1370,0.1044
LEXUS,ES300,71,681,0.1043
LINCOLN,LS,101,979,0.1032
FORD,F-150,3836,37461,0.1024
JEEP,LAREDO,60,586,0.1024
FORD,E-150,97,950,0.1021
MAZDA,MAZDA6,227,2224,0.1021
JEEP,LIBERTY,887,8855,0.1002
MITSUBISHI,GALANT,177,1777,0.0996
CHEVROLET,SUBURBAN,790,8024,0.0985
FORD,FREESTAR,248,2531,0.0980
CHEVROLET,CORVETTE,504,5155,0.0978
MINI,COOPER S,172,1779,0.0967
FORD,ECONOLINE,86,890,0.0966
DODGE,RAM 3500,294,3055,0.0962
KIA,SPECTRA,87,909,0.0957
HONDA,CIVIC,1529,16077,0.0951
MERCURY,MOUNTAINEER,182,1918,0.0949
DODGE,STRATUS,251,2650,0.0947
CHRYSLER,LHS,91,964,0.0944
KIA,SOUL,518,5489,0.0944
FORD,E-350,96,1029,0.0933
LEXUS,RX350,75,807,0.0929
FORD,PROBE,110,1186,0.0927
FORD,F-350 SD,328,3548,0.0924
CHEVROLET,BLAZER,750,8131,0.0922
HYUNDAI,TIBURON,70,759,0.0922
FORD,ESCAPE,2502,27181,0.0920
NISSAN,FRONTIER,304,3313,0.0918
MAZDA,MPV,85,928,0.0916
FORD,EXPLORER SPORT,66,721,0.0915
HYUNDAI,PALISADE,217,2377,0.0913
MAZDA,TRIBUTE,191,2094,0.0912
MITSUBISHI,MIRAGE,63,696,0.0905
DODGE,RAM,367,4064,0.0903
CHEVROLET,LUMINA,265,2955,0.0897
SUBARU,IMPREZA,233,2636,0.0884
TOYOTA,SEQUOIA,268,3048,0.0879
FORD,TAURUS,1582,18083,0.0875
HONDA,ELEMENT,111,1275,0.0871
TOYOTA,AVALON,294,3387,0.0868
TOYOTA,YARIS,70,807,0.0867
MITSUBISHI,LANCER,74,863,0.0857
DODGE,RAM 2500,541,6373,0.0849
ACURA,TL,259,3086,0.0839
CHEVROLET,SILVERADO,732,8728,0.0839
TOYOTA,CAMRY HYBRID,115,1375,0.0836
TOYOTA,SIENNA,704,8448,0.0833
TOYOTA,MATRIX,97,1165,0.0833
OLDSMOBILE,SILHOUETTE,78,943,0.0827
NISSAN,TITAN,268,3250,0.0825
MERCURY,SABLE,441,5359,0.0823
CHEVROLET,ASTRO,226,2772,0.0815
SCION,XB,85,1046,0.0813
MERCURY,MARINER,105,1294,0.0811
NISSAN,VERSA,269,3316,0.0811
CHRYSLER,300M,71,880,0.0807
PLYMOUTH,VOYAGER,419,5228,0.0801
GMC,SAFARI,89,1130,0.0788
FORD,F-250 SD,498,6397,0.0778
MITSUBISHI,MONTERO,60,776,0.0773
FORD,RANGER,639,8289,0.0771
MERCEDES-BENZ,E350,165,2161,0.0764
TOYOTA,COROLLA,874,11689,0.0748
GMC,JIMMY,202,2714,0.0744
FORD,FUSION,1656,22327,0.0742
ACURA,RDX,158,2136,0.0740
FORD,F-250,304,4122,0.0738
MITSUBISHI,ECLIPSE,156,2125,0.0734
LINCOLN,MKZ,121,1651,0.0733
TOYOTA,CAMRY,1316,18052,0.0729
FORD,FREESTYLE,266,3657,0.0727
HYUNDAI,SANTA FE SPORT,85,1170,0.0726
SUBARU,WRX,70,972,0.0720
PONTIAC,TRANS SPORT,68,972,0.0700
CHRYSLER,CONCORDE,154,2216,0.0695
DODGE,DAKOTA,444,6589,0.0674
ISUZU,RODEO,165,2471,0.0668
MAZDA,PROTEGE,71,1066,0.0666
FORD,EXPLORER,2235,33841,0.0660
NISSAN,XTERRA,204,3097,0.0659
GMC,SIERRA,255,3897,0.0654
TOYOTA,TUNDRA,443,6837,0.0648
NISSAN,PATHFINDER,467,7310,0.0639
GMC,SUBURBAN,112,1775,0.0631
FORD,F-350,168,2735,0.0614
MERCURY,MILAN,151,2514,0.0601
MAZDA,CX-7,67,1129,0.0593
MAZDA,CX-9,84,1426,0.0589
DODGE,INTREPID,362,6225,0.0582
BMW,Z4,73,1281,0.0570
UNKNOWN,UNKNOWN,418,7341,0.0569
MAZDA,626,174,3119,0.0558
CHEVROLET,S10,313,5800,0.0540
GMC,SONOMA,70,1344,0.0521
PONTIAC,VIBE,96,1860,0.0516
TOYOTA,TACOMA,429,8361,0.0513
FORD,ECOSPORT,89,1846,0.0482
TOYOTA,4RUNNER,224,4839,0.0463
MERCURY,VILLAGER,77,1722,0.0447
