make,model,model_year,post_remedy_failure_complaints
FORD,F-150,2014,28
FORD,F-150,2013,22
FORD,FUSION,2013,20
TOYOTA,PRIUS,2010,19
FORD,RANGER,1994,18
FORD,WINDSTAR,2001,17
JEEP,GRAND CHEROKEE,2005,16
FORD,FOCUS,2012,16
JEEP,LIBERTY,2002,15
GMC,YUKON XL,2022,15
HONDA,ODYSSEY,2002,14
FORD,FUSION,2010,14
CHEVROLET,COBALT,2005,14
NISSAN,ALTIMA,2002,13
TOYOTA,CAMRY,2007,13
FORD,WINDSTAR,2000,13
FORD,ESCAPE,2008,13
HONDA,CR-V,2018,13
JEEP,GRAND CHEROKEE,2012,12
HYUNDAI,SONATA,2011,12
CHEVROLET,MALIBU,2009,12
RAM,1500,2014,12
FORD,CONTOUR,1995,11
FORD,FOCUS,2000,11
HONDA,ACCORD,2003,11
FORD,WINDSTAR,2002,11
CHEVROLET,COBALT,2006,11
FORD,FUSION,2011,11
SCION,FR-S,2013,11
FORD,TAURUS,1991,10
CHEVROLET,VENTURE,1997,10
FORD,ESCAPE,2013,10
VOLKSWAGEN,PASSAT,2012,10
FORD,FOCUS,2013,10
CHEVROLET,SILVERADO 1500,2014,10
HONDA,PILOT,2020,10
FORD,EXPLORER,2017,10
JEEP,WRANGLER,2021,10
HONDA,ACCORD,2018,10
PONTIAC,FIERO,1987,9
JEEP,COMMANDER,2006,9
CHEVROLET,MALIBU,2010,9
KIA,OPTIMA,2014,9
HYUNDAI,TUCSON,2017,9
HYUNDAI,IONIQ 5,2022,9
FISKER,OCEAN,2023,9
FORD,ECOSPORT,2018,9
CHRYSLER,TOWN AND COUNTRY,1993,8
JEEP,LIBERTY,2003,8
CHRYSLER,PT CRUISER,2001,8
TOYOTA,HIGHLANDER,2005,8
NISSAN,ALTIMA,2013,8
NISSAN,SENTRA,2013,8
PONTIAC,G6,2007,8
JEEP,GRAND CHEROKEE,2011,8
DODGE,DURANGO,2012,8
FORD,FOCUS,2014,8
FORD,F-150,2012,8
HONDA,ODYSSEY,2018,8
JEEP,WRANGLER,2018,8
DODGE,DART,2015,8
FORD,EXPEDITION,2017,8
FORD,FUSION,2016,8
CADILLAC,ESCALADE ESV,2022,8
JEEP,CHEROKEE,1990,7
FORD,WINDSTAR,1995,7
FORD,EXPLORER,2002,7
TOYOTA,COROLLA,2010,7
TOYOTA,COROLLA,2009,7
CHEVROLET,MALIBU,2006,7
PONTIAC,G6,2006,7
JEEP,GRAND CHEROKEE,2015,7
VOLKSWAGEN,TIGUAN,2012,7
JEEP,GRAND CHEROKEE,2013,7
FORD,F-150,2015,7
FORD,FOCUS,2016,7
KIA,K5,2022,7
PLYMOUTH,VOYAGER,1991,6
FORD,F-150,1992,6
CHEVROLET,CAVALIER,1998,6
CHEVROLET,CORVETTE,1999,6
FORD,TAURUS,1995,6
HONDA,CIVIC,2001,6
NISSAN,ALTIMA,2003,6
MERCEDES-BENZ,AMG E55,2005,6
JEEP,GRAND CHEROKEE,2004,6
CHEVROLET,COBALT,2007,6
FORD,FREESTYLE,2005,6
TOYOTA,COROLLA,2007,6
TOYOTA,RAV4,2007,6
DODGE,DURANGO,2006,6
CHEVROLET,MALIBU,2004,6
MERCURY,MARINER,2008,6
CHRYSLER,200,2015,6
CHRYSLER,TOWN AND COUNTRY,2008,6
PONTIAC,G6,2008,6
HONDA,ACCORD,2013,6
FORD,F-150,2011,6
FORD,EXPLORER,2015,6
HONDA,ODYSSEY,2019,6
GMC,SIERRA 1500,2021,6
FORD,ESCAPE,2014,6
KIA,SOUL,2020,6
HONDA,PASSPORT,2019,6
CHEVROLET,SILVERADO 1500,2021,6
NISSAN,ROGUE,2023,6
CHEVROLET,SUBURBAN,1989,5
PLYMOUTH,VOYAGER,1992,5
DODGE,CARAVAN,1993,5
FORD,PROBE,1990,5
FORD,TAURUS,1993,5
KIA,SPORTAGE,1999,5
FORD,ESCAPE,2002,5
MAZDA,TRIBUTE,2003,5
FORD,F-250 SD,2004,5
CHEVROLET,CORVETTE,2000,5
NISSAN,ALTIMA,2004,5
WORKHORSE,W22,2003,5
TOYOTA,COROLLA,2003,5
HYUNDAI,ELANTRA,2001,5
HONDA,ACCORD,2002,5
HYUNDAI,ELANTRA,2002,5
TOYOTA,RAV4,2009,5
DODGE,DURANGO,2005,5
HONDA,PASSPORT,2000,5
TOYOTA,TUNDRA,2001,5
FORD,FREESTAR,2005,5
HONDA,ODYSSEY,2003,5
NISSAN,PATHFINDER,2014,5
CHEVROLET,COBALT,2010,5
JEEP,GRAND CHEROKEE,2006,5
JEEP,GRAND CHEROKEE,2014,5
DODGE,JOURNEY,2009,5
ACURA,TL,2003,5
JEEP,CHEROKEE,2014,5
TOYOTA,COROLLA,2005,5
FORD,ESCAPE,2009,5
DODGE,DART,2012,5
HYUNDAI,TUCSON,2016,5
JEEP,COMPASS,2018,5
KIA,SORENTO,2011,5
HYUNDAI,SONATA,2018,5
CHEVROLET,MALIBU,2018,5
FORD,F-350 SD,2018,5
HYUNDAI,SONATA,2012,5
CHEVROLET,SILVERADO 1500,2020,5
BMW,328I,2011,5
KIA,SORENTO,2009,5
CHRYSLER,PACIFICA,2018,5
KIA,SOUL,2015,5
HYUNDAI,TUCSON,2015,5
FORD,EXPLORER,2018,5
RAM,1500,2013,5
RAM,1500,2019,5
HONDA,CIVIC,2022,5
BMW,X5,2010,5
KIA,SOUL,2021,5
GMC,SIERRA 1500,2022,5
LAND ROVER,RANGE ROVER SPORT,2012,5
JEEP,WRANGLER,2022,5
VOLKSWAGEN,ATLAS CROSS SPORT,2024,5
JEEP,CHEROKEE,1989,4
FORD,RANGER,1993,4
FORD,F150,1990,4
DODGE,GRAND CARAVAN,1993,4
JEEP,CHEROKEE,1991,4
PONTIAC,TRANS SPORT,1997,4
MERCURY,MERCURY,1992,4
DODGE,INTREPID,1994,4
PONTIAC,TRANS SPORT,1998,4
HONDA,ODYSSEY,1999,4
HONDA,ACCORD,1998,4
FORD,ESCAPE,2003,4
HYUNDAI,SONATA,1999,4
DODGE,DAKOTA,2001,4
TOYOTA,PRIUS,2004,4
NISSAN,SENTRA,2002,4
HONDA,ACCORD,1999,4
FORD,F-150,2001,4
GMC,SIERRA 1500,2000,4
DODGE,DURANGO,2004,4
NISSAN,ALTIMA,2005,4
PONTIAC,GRAND PRIX,2001,4
TOYOTA,CAMRY,2010,4
TOYOTA,RAV4,2010,4
TOYOTA,PRIUS,2008,4
HONDA,ODYSSEY,2007,4
CHEVROLET,SILVERADO 1500,2001,4
DODGE,GRAND CARAVAN,2010,4
ISUZU,RODEO,2001,4
GMC,ENVOY,2006,4
TOYOTA,RAV4,2008,4
CHEVROLET,HHR,2006,4
JEEP,GRAND CHEROKEE,2008,4
NISSAN,PATHFINDER,2013,4
FORD,WINDSTAR,2003,4
SATURN,ION,2006,4
JEEP,GRAND CHEROKEE,2007,4
SATURN,ION,2007,4
FORD,EXPLORER,2011,4
FORD,WINDSTAR,1999,4
PONTIAC,GRAND AM,2003,4
DODGE,RAM 1500,2009,4
VOLKSWAGEN,ROUTAN,2009,4
DODGE,JOURNEY,2013,4
HYUNDAI,ELANTRA,2009,4
NISSAN,JUKE,2011,4
KIA,SOUL,2014,4
GMC,ACADIA,2012,4
DODGE,JOURNEY,2014,4
FORD,F-150,2016,4
NISSAN,VERSA,2010,4
CHEVROLET,SILVERADO 1500,2015,4
RAM,1500,2015,4
ACURA,MDX,2016,4
KIA,SORENTO,2012,4
GMC,YUKON XL,2017,4
RAM,2500,2015,4
TOYOTA,HIGHLANDER,2019,4
HONDA,ODYSSEY,2020,4
DODGE,DURANGO,2011,4
KIA,SOUL,2013,4
KIA,OPTIMA,2013,4
FORD,FUSION,2009,4
KIA,OPTIMA,2015,4
FORD,ESCAPE,2016,4
HYUNDAI,SONATA,2013,4
TOYOTA,COROLLA,2018,4
JEEP,GRAND CHEROKEE,2018,4
HONDA,PILOT,2019,4
MERCEDES-BENZ,ML350,2014,4
RAM,1500,2022,4
HONDA,CR-V HYBRID,2024,4
CHEVROLET,SILVERADO 1500,2022,4
BMW,328D,2014,4
MAZDA,CX-90,2024,4
GMC,YUKON,2023,4
FORD,F-150,2017,4
ISUZU,RODEO,1991,3
CADILLAC,DEVILLE,1992,3
FORD,ESCORT,1988,3
FORD,PROBE,1991,3
GMC,SIERRA,1993,3
CHEVROLET,CAVALIER,1995,3
DODGE,RAM 2500,1996,3
DODGE,GRAND CARAVAN,1991,3
FORD,F-250,1992,3
VOLKSWAGEN,CORRADO,1992,3
DODGE,INTREPID,1995,3
JEEP,GRAND CHEROKEE,1996,3
FORD,TAURUS,2000,3
DODGE,CARAVAN,1995,3
FORD,EXPLORER,1999,3
GMC,SIERRA,1997,3
NISSAN,SENTRA,2000,3
MERCURY,SABLE,2000,3
ACURA,MDX,2001,3
SATURN,VUE,2003,3
VOLKSWAGEN,JETTA,2000,3
PLYMOUTH,VOYAGER,1998,3
CHRYSLER,LHS,1999,3
SATURN,ION,2004,3
NISSAN,QUEST,2004,3
DODGE,CARAVAN,2000,3
DODGE,MAGNUM,2005,3
ACURA,TL,2000,3
PLYMOUTH,VOYAGER,2000,3
JEEP,LIBERTY,2006,3
GMC,SIERRA 1500,1999,3
JEEP,GRAND CHEROKEE,2002,3
FORD,ESCAPE,2004,3
DODGE,NITRO,2007,3
CHEVROLET,IMPALA,2003,3
CHEVROLET,CORVETTE,2003,3
DODGE,RAM 1500,2006,3
HONDA,ACCORD,2001,3
SCION,XD,2008,3
TOYOTA,CAMRY,2009,3
TOYOTA,AVALON,2005,3
TOYOTA,CAMRY,2008,3
MAZDA,TRIBUTE,2002,3
TOYOTA,AVALON,2007,3
CHEVROLET,COLORADO,2004,3
BUICK,REGAL,2001,3
DODGE,RAM 1500,2001,3
HONDA,PILOT,2004,3
CHEVROLET,COBALT,2008,3
HONDA,FIT,2007,3
TOYOTA,TUNDRA,2000,3
MONACO COACH,CAYMAN,2004,3
CHEVROLET,AVEO,2010,3
HONDA,CR-V,2012,3
DODGE,CARAVAN,2010,3
FORD,FREESTAR,2004,3
CHEVROLET,CORVETTE,2008,3
CHEVROLET,TRAILBLAZER,2007,3
DODGE,CHARGER,2012,3
NISSAN,MAXIMA,2002,3
MERCURY,MARINER,2010,3
HYUNDAI,VERACRUZ,2008,3
CHEVROLET,MALIBU MAXX,2004,3
TOYOTA,SIENNA,2004,3
FORD,ESCAPE HYBRID,2009,3
JEEP,CHEROKEE,2015,3
JEEP,GRAND WAGONEER,1993,3
FORD,FOCUS,2015,3
HONDA,ACCORD,2004,3
PONTIAC,GRAND PRIX,2002,3
NISSAN,VERSA,2007,3
JEEP,GRAND CHEROKEE,1998,3
NISSAN,ALTIMA,2015,3
CHRYSLER,300,2008,3
HONDA,CR-V,2008,3
DODGE,RAM 1500,2005,3
CHEVROLET,COLORADO,2015,3
HONDA,FIT,2015,3
FIAT,500L,2014,3
LEXUS,NX200T,2015,3
HYUNDAI,AZERA,2006,3
FORD,ESCAPE,2010,3
PONTIAC,SOLSTICE,2008,3
DODGE,DURANGO,2013,3
RAM,1500,2017,3
JEEP,CHEROKEE,2017,3
JEEP,WRANGLER,2009,3
SUBARU,BRZ,2013,3
FORD,FUSION,2012,3
SATURN,AURA,2009,3
JEEP,WRANGLER,2015,3
ACURA,TLX,2015,3
KIA,OPTIMA,2012,3
FORD,F-250 SD,2017,3
TOYOTA,COROLLA,2012,3
VOLKSWAGEN,PASSAT,2014,3
HYUNDAI,KONA ELECTRIC,2020,3
FORD,ESCAPE,2017,3
FORD,FUSION,2015,3
HONDA,PILOT,2016,3
NEWMAR,BAY STAR SPORT,2021,3
VOLKSWAGEN,BEETLE,2014,3
TESLA,MODEL S,2015,3
HYUNDAI,TUCSON,2012,3
FORD,E-350,2021,3
HYUNDAI,SONATA,2014,3
DODGE,AVENGER,2011,3
TESLA,MODEL S,2013,3
KIA,OPTIMA HYBRID,2018,3
MERCEDES-BENZ,ML350,2011,3
MERCEDES BENZ,GL450,2009,3
KIA,OPTIMA,2011,3
TOYOTA,RAV4,2019,3
TOYOTA,TUNDRA,2022,3
FORD,ESCAPE,2015,3
DODGE,AVENGER,2014,3
AUDI,Q5 E,2021,3
FORD,EXPEDITION,2016,3
SATURN,AURA,2008,3
MERCEDES BENZ,C280,2006,3
CHEVROLET,SILVERADO 1500,2013,3
HYUNDAI,IONIQ 5,2023,3
CHEVROLET,COLORADO,2023,3
JEEP,GRAND CHEROKEE,2022,3
FORD,F-150,2021,3
MERCEDES-BENZ,C300,2014,3
RAM,PROMASTER,2017,3
KIA,FORTE,2012,3
CHEVROLET,TAHOE,2021,3
BMW,X5,2019,3
RAM,1500,2021,3
FORD,F-150,2020,3
GMC,SIERRA 2500,2020,3
KIA,EV6,2022,3
RAM,1500,2020,3
FORD,ESCAPE,2020,3
CADILLAC,CTS,2014,3
KIA,SOUL,2023,3
HYUNDAI,GENESIS,2015,3
JEEP,GRAND CHEROKEE,2023,3
VOLKSWAGEN,PASSAT,2011,3
VOLKSWAGEN,GOLF SPORTWAGEN,2016,3
BMW,528I,2011,3
CHEVROLET,CAMARO,2021,3
VOLKSWAGEN,TAOS,2022,3
CHEVROLET,SILVERADO 2500,2024,3
TESLA,MODEL Y,2024,3
TOYOTA,RAV4,2023,3
KIA,TELLURIDE,2024,3
ACURA,MDX,2019,3
DODGE,DURANGO,2018,3
GMC,SIERRA 1500,2023,3
KIA,SELTOS,2021,3
BMW,X5,2018,3
KIA,SORENTO,2020,3
NISSAN,ROGUE,2022,3
FORD,ECOSPORT,2021,3
RAM,PROMASTER,2019,3
HONDA,CR-V,2024,3
LAND ROVER,DISCOVERY,2019,3
KIA,EV6,2024,3
FORD,F-150,2025,3
JEEP,COMPASS,2025,3
HONDA,PILOT,2022,3
CADILLAC,ESCALADE,2023,3
RAM,PROMASTER,2021,3
GMC,YUKON,2022,3
FORD,ESCAPE HYBRID,2022,3
JEEP,WRANGLER,2024,3
JEEP,RENEGADE,2017,3
FORD,TRANSIT,2023,3
LINCOLN,TOWN CAR,1994,2
DODGE,DAKOTA,1989,2
MERCURY,SABLE,1990,2
CHEVROLET,BERETTA,1989,2
FORD,TAURUS,1992,2
CHEVROLET,SUBURBAN,1990,2
FORD,EXPLORER,1993,2
HOLIDAY RAMBLER,HOLIDAY RAMBLER,1994,2
FORD,F250,1990,2
CHRYSLER,IMPERIAL,1991,2
MERCURY,SABLE,1991,2
FORD,AEROSTAR,1991,2
DODGE,DAKOTA,1988,2
JEEP,GRAND CHEROKEE,1995,2
DODGE,RAM,1994,2
DODGE,GRAND CARAVAN,1992,2
ISUZU,RODEO,1995,2
CHRYSLER,IMPERIAL,1992,2
FORD,F250,1989,2
CHEVROLET,CAMARO,1986,2
CHEVROLET,C1500,1994,2
SUBARU,XT6,1988,2
FORD,TAURUS,1989,2
DODGE,RAM 3500,1994,2
FORD,TAURUS,1990,2
MERCURY,SABLE,1993,2
FORD,F SERIES,1992,2
PLYMOUTH,VOYAGER,1993,2
EAGLE,SUMMIT,1993,2
EAGLE,TALON,1991,2
DODGE,CARAVAN,1991,2
FORD,F-250,1993,2
NISSAN,300ZX,1985,2
JEEP,CHEROKEE,1997,2
FORD,F250,1988,2
FORD,EXPEDITION,1997,2
DODGE,INTREPID,1993,2
LINCOLN,CONTINENTAL,1994,2
JEEP,GRAND CHEROKEE,1990,2
CADILLAC,DEVILLE,1997,2
MAZDA,MX3,1992,2
FORD,AEROSTAR,1994,2
PLYMOUTH,VOYAGER,1994,2
FORD,AEROSTAR,1992,2
DODGE,INTREPID,1997,2
FORD,F-150,1997,2
FORD,CONTOUR,1998,2
VOLKSWAGEN,CORRADO,1990,2
FORD,THUNDERBIRD,1993,2
CHRYSLER,TOWN AND COUNTRY,1996,2
FORD,EXPLORER,1994,2
MERCURY,COUGAR,1988,2
DODGE,DAKOTA,1991,2
FORD,F-150,1993,2
CHEVROLET,S10,1994,2
FORD,WINDSTAR,1998,2
DODGE,DURANGO,2000,2
CHEVROLET,ASTRO,1997,2
CHRYSLER,CONCORDE,2000,2
CHRYSLER,TOWN AND COUNTRY,2002,2
DODGE,GRAND CARAVAN,1997,2
YAMAHA,ROAD STAR WARRIOR,2002,2
CHEVROLET,LUMINA,1997,2
FORD,ESCAPE,2001,2
PLYMOUTH,VOYAGER,1999,2
AUDI,A6,1998,2
ACURA,MDX,2002,2
FORD,EXCURSION,2004,2
VOLVO,S80,2001,2
FORD,F-350 SD,2004,2
MITSUBISHI,ECLIPSE,1998,2
CHRYSLER,TOWN AND COUNTRY,1999,2
GMC,SIERRA,1999,2
AUDI,A4,1996,2
CHEVROLET,SUBURBAN,2001,2
GMC,SIERRA,2000,2
GMC,YUKON XL,2000,2
DODGE,RAM 2500,2005,2
INFINITI,FX35,2004,2
CHRYSLER,CONCORDE,1994,2
CHEVROLET,SILVERADO 3500,2002,2
JEEP,LIBERTY,2005,2
KIA,SEDONA,2004,2
TOYOTA,TUNDRA,2006,2
NISSAN,ALTIMA,2006,2
VOLKSWAGEN,JETTA,2001,2
PONTIAC,BONNEVILLE,1998,2
CHEVROLET,SILVERADO 2500,2003,2
FORD,F-150,2000,2
JEEP,LIBERTY,2004,2
NISSAN,MAXIMA,1992,2
VOLKSWAGEN,BEETLE,2003,2
AUDI,A4,2004,2
STARCRAFT,HOMESTEAD,2006,2
CHEVROLET,MONTE CARLO,2002,2
OLDSMOBILE,INTRIGUE,1998,2
TOYOTA,SIENNA,2006,2
SATURN,VUE,2004,2
TOYOTA,CROWN,1968,2
TOYOTA,TUNDRA,2007,2
JEEP,WRANGLER 4-DR 4X4,2008,2
NISSAN,MURANO,2004,2
NATIONAL RV,SURFSIDE,2001,2
TOYOTA,MATRIX,2009,2
HONDA,ELEMENT,2008,2
KIA,SORENTO,2003,2
DODGE,CHARGER,2009,2
HONDA,CIVIC,2006,2
PONTIAC,VIBE,2009,2
PONTIAC,GRAND PRIX,1998,2
MERCEDES BENZ,M CLASS,1999,2
CHEVROLET,CORVETTE,2006,2
HONDA,CIVIC,2002,2
FORD,EXCURSION,2003,2
DODGE,GRAND CARAVAN,2008,2
HONDA,ODYSSEY,2008,2
VOLKSWAGEN,PASSAT,2003,2
HYUNDAI,SONATA,2007,2
HONDA,CR-V,2002,2
FREIGHTLINER,SPRINTER 2500,2003,2
CHEVROLET,COBALT,2009,2
MAZDA,MAZDA3,2008,2
MAZDA,TRIBUTE,2001,2
ACURA,MDX,2005,2
HYUNDAI,SANTA FE,2008,2
TOYOTA,PRIUS,2007,2
HYUNDAI,SANTA FE,2013,2
MERCURY,SABLE,2004,2
TOYOTA,AVALON,2003,2
HONDA,PILOT,2005,2
FLEETWOOD,PACE ARROW,2004,2
LEXUS,SC430,2002,2
SATURN,ION,2003,2
BMW,750LI,2007,2
NISSAN,XTERRA,2006,2
CHEVROLET,HHR,2007,2
CHEVROLET,MALIBU,2007,2
CHEVROLET,MALIBU,2011,2
CHEVROLET,IMPALA,2002,2
CHEVROLET,CAMARO,2014,2
PONTIAC,GRAND AM,2004,2
TOYOTA,TACOMA,2002,2
HONDA,ODYSSEY,2004,2
LINCOLN,TOWN CAR,2006,2
NISSAN,MAXIMA,2003,2
CHRYSLER,300,2006,2
HONDA,CIVIC,2004,2
DODGE,CHARGER,2008,2
CHEVROLET,MALIBU,2003,2
DODGE,RAM 1500,2003,2
NISSAN,VERSA,2012,2
DODGE,AVENGER,2012,2
DODGE,RAM 1500,2012,2
SATURN,AURA,2007,2
BMW,G 650 GS,2014,2
HYUNDAI,ACCENT,2011,2
BUICK,LACROSSE,2005,2
CHRYSLER,TOWN AND COUNTRY,2009,2
MAZDA,MPV,1997,2
CHEVROLET,TRAILBLAZER 360,2006,2
CHEVROLET,MONTE CARLO,2001,2
ENTEGRA,ANTHEM,2013,2
MAZDA,MAZDA6,2007,2
MAZDA,TRIBUTE,2004,2
CHEVROLET,MALIBU,2012,2
INFINITI,QX4,2001,2
HYUNDAI,SANTA FE,2009,2
HONDA,CR-V,2003,2
PONTIAC,GRAND PRIX,2004,2
FIAT,500,2012,2
FOREST RIVER,SHASTA,2015,2
FORD,EDGE,2010,2
HONDA,GL1800A,2002,2
SUBARU,OUTBACK,2005,2
CHEVROLET,CRUZE,2012,2
HYUNDAI,ELANTRA,2013,2
RAM,2500,2013,2
HONDA,CR-V,2011,2
SUBARU,LEGACY,2005,2
NISSAN,JUKE,2012,2
FORD,CROWN VICTORIA,2004,2
CHEVROLET,IMPALA,2009,2
FIAT,500,2013,2
FORD,EXPLORER,2012,2
FORD,EXPLORER,2013,2
RAM,1500,2016,2
FORD,C-MAX ENERGI,2014,2
TOYOTA,PRIUS V,2013,2
BMW,X5,2011,2
DODGE,CHALLENGER,2010,2
SUBARU,FORESTER,2014,2
DODGE,SPRINTER 2500,2004,2
DODGE,JOURNEY,2012,2
DODGE,STRATUS,2006,2
CHEVROLET,SUBURBAN,2015,2
SUBARU,IMPREZA,2013,2
FORD,F-350 SD,2019,2
HYUNDAI,ELANTRA,2010,2
JEEP,WRANGLER,1995,2
JEEP,COMMANDER,2008,2
CHEVROLET,CRUZE,2016,2
FORD,FUSION,2007,2
VOLVO,XC60,2020,2
GMC,SIERRA 1500,2014,2
HYUNDAI,ELANTRA TOURING,2010,2
CHEVROLET,VOLT,2012,2
KIA,SPORTAGE,2012,2
CHEVROLET,SILVERADO 1500,2016,2
ACURA,TLX,2019,2
CADILLAC,SRX,2014,2
RAM,2500,2018,2
HYUNDAI,TUCSON,2013,2
MERCURY,GRAND MARQUIS,2003,2
HONDA,RIDGELINE,2019,2
KIA,SEDONA,2007,2
HYUNDAI,VELOSTER,2013,2
KIA,SORENTO,2016,2
HYUNDAI,SANTA FE SPORT,2017,2
INFINITI,QX60 HYBRID,2014,2
TOYOTA,COROLLA,2019,2
FORD,TRANSIT,2022,2
BMW,540I,2001,2
FORD,EXPLORER,2020,2
KIA,SPORTAGE,2009,2
FORD,EXPEDITION,2015,2
VOLKSWAGEN,GOLF SPORTWAGEN,2015,2
HONDA,ODYSSEY,2021,2
NISSAN,PATHFINDER,2016,2
HYUNDAI,ELANTRA HYBRID,2023,2
GMC,SIERRA 1500,2017,2
LINCOLN,MKC,2015,2
MERCEDES-BENZ,C 300,2017,2
CHRYSLER,PACIFICA PLUG-IN HYBRID,2019,2
NISSAN,ROGUE,2016,2
KIA,SOUL,2016,2
JEEP,CHEROKEE,2019,2
FORD,MUSTANG,2017,2
WINNEBAGO,EKKO,2022,2
FORD,MUSTANG,2016,2
JEEP,WRANGLER,2019,2
JEEP,RENEGADE,2019,2
HONDA,CR-V,2019,2
WINNEBAGO,EKKO,2023,2
FORD,EXPLORER,2016,2
KIA,SORENTO,2013,2
JEEP,GRAND CHEROKEE,2021,2
BMW,X7,2020,2
SUBARU,FORESTER,2017,2
FORD,BRONCO SPORT,2021,2
LINCOLN,NAVIGATOR,2015,2
MERCEDES-BENZ,ML350,2015,2
ACURA,TSX,2004,2
BMW,M340I,2020,2
HYUNDAI,PALISADE,2022,2
KIA,TELLURIDE,2021,2
JEEP,GRAND CHEROKEE L,2021,2
FORD,ESCAPE,2019,2
CHRYSLER,PACIFICA,2021,2
POLESTAR,POLESTAR 2,2022,2
TOYOTA,TACOMA,2024,2
BMW,328I,2014,2
KIA,SPORTAGE,2014,2
CHEVROLET,BOLT EV,2020,2
INFINITI,QX30,2017,2
CHEVROLET,SUBURBAN,2022,2
WINNEBAGO,REVEL,2023,2
NISSAN,SENTRA,2020,2
GMC,TERRAIN,2018,2
KIA,RIO,2013,2
NISSAN,SENTRA,2017,2
FORD,FOCUS,2017,2
BMW,X3,2014,2
FORD,FOCUS,2018,2
GMC,YUKON XL,2023,2
MERCEDES-BENZ,C300,2013,2
TOYOTA,CAMRY HYBRID,2025,2
CADILLAC,ESCALADE ESV,2023,2
AUDI,Q5,2021,2
HYUNDAI,SANTA FE,2021,2
RAM,2500,2014,2
CADILLAC,LYRIQ,2024,2
HYUNDAI,PALISADE,2026,2
GMC,ACADIA,2016,2
JEEP,GRAND CHEROKEE L,2023,2
FORD,EXPEDITION,2021,2
GMC,SIERRA 2500,2022,2
GMC,YUKON XL,2024,2
KIA,CARNIVAL,2023,2
RAM,2500,2016,2
JEEP,WRANGLER,2023,2
RAM,2500,2020,2
ACURA,ILX,2019,2
HONDA,GL1800,2019,2
SUBARU,OUTBACK,2015,2
FORD,ESCAPE HYBRID,2020,2
ACURA,MDX,2020,2
GENESIS,GV70,2022,2
TOYOTA,HIGHLANDER,2021,2
KEYSTONE,OUTBACK,2019,2
HONDA,PROLOGUE,2024,2
BMW,528XI,2013,2
NISSAN,LEAF,2021,2
HONDA,CIVIC,1988,1
TOYOTA,LAND CRUISER,1985,1
RENAULT,ENCORE,1984,1
PONTIAC,FIERO,1985,1
TOYOTA,CAMRY,1989,1
MAZDA,MPV,1991,1
DODGE,MONACO,1991,1
MAZDA,MPV,1990,1
CHEVROLET,CORVETTE,1991,1
VOLKSWAGEN,VANAGON,1986,1
FORD,F SERIES (LIGHT),1990,1
MERCURY,SABLE,1988,1
FORD,EXPLORER,1995,1
MITSUBISHI,PRECIS,1988,1
NISSAN,240SX,1989,1
DODGE,RAM,1991,1
OLDSMOBILE,CALAIS,1985,1
FORD,WINDSTAR,1990,1
BMW,318,1985,1
FORD,EXPLORER,1991,1
HYUNDAI,ELANTRA,1994,1
FORD,F-150,1991,1
MAZDA,RX-7,1993,1
PLYMOUTH,SUNDANCE,1988,1
PONTIAC,FIERO,1994,1
JEEP,WRANGLER,1992,1
EAGLE,PREMIER,1991,1
CHEVROLET,SUBURBAN,1992,1
JEEP,WRANGLER,1988,1
AUDI,5000,1986,1
GEORGIE BOY,GEORGIE BOY,1990,1
TOYOTA,CELICA,1983,1
RENAULT,ALLIANCE,1985,1
LINCOLN,TOWN CAR,1991,1
ISUZU,IMPULSE,1990,1
DODGE,COLT,1989,1
FORD,RANGER,1992,1
PONTIAC,PONTIAC,1986,1
LINCOLN,TOWN CAR,1988,1
TOYOTA,LAND CRUISER,1988,1
CHEVROLET,LUMINA APV,1994,1
CHRYSLER,NEW YORKER,1993,1
DODGE,GRAND CARAVAN,1994,1
HONDA,CIVIC,1996,1
CHEVROLET,BERETTA,1990,1
CHEVROLET,K1500,1993,1
PONTIAC,FIREBIRD,1985,1
FLEETWOOD,BOUNDER,1991,1
CHRYSLER,CIRRUS,1995,1
HYUNDAI,SONATA,1992,1
DODGE,DYNASTY,1993,1
MERCURY,SABLE,1992,1
FORD,F-350,1991,1
CHEVROLET,CAMARO,1987,1
CHEVROLET,CAPRICE,1991,1
MERCURY,SABLE,1989,1
PLYMOUTH,GRAND VOYAGER,1992,1
CHEVROLET,CHEVETTE,1986,1
FORD,MUSTANG,1991,1
EAGLE,TALON,1995,1
CHEVROLET,CORSICA,1990,1
OLDSMOBILE,CUTLASS,1994,1
PONTIAC,FIERO,1988,1
PONTIAC,GRAND PRIX,1990,1
DODGE,SPIRIT,1991,1
BUICK,SKYLARK,1992,1
NISSAN,SENTRA,1989,1
EAGLE,PREMIER,1990,1
JEEP,LAREDO,1990,1
MONACO COACH,MONACO,1991,1
CHRYSLER,LASER,1985,1
PONTIAC,GRAND PRIX,1994,1
DODGE,COLT,1987,1
CHEVROLET,BERETTA,1988,1
JEEP,WAGONEER,1989,1
EAGLE,TALON,1990,1
PONTIAC,LEMANS,1989,1
DODGE,RAM,1996,1
PLYMOUTH,RELIANT,1989,1
FORD,FESTIVA,1988,1
DODGE,STRATUS,1996,1
BUICK,ELECTRA,1986,1
PLYMOUTH,PLYMOUTH,1992,1
GEO,METRO,1993,1
GMC,SUBURBAN,1990,1
CHEVROLET,PICKUP TRUCK,1993,1
TOYOTA,4RUNNER,1993,1
CHEVROLET,C3500,1993,1
NISSAN,300ZX,1984,1
PLYMOUTH,NEON,1997,1
EAGLE,PREMIER,1989,1
HYUNDAI,ACCENT,1996,1
CHEVROLET,CAVALIER,1994,1
TOYOTA,PREVIA,1991,1
DODGE,CARAVAN,1994,1
GEO,STORM,1991,1
MERCURY,MYSTIQUE,1995,1
JEEP,GRAND CHEROKEE,1997,1
FORD,MUSTANG,1989,1
PONTIAC,FIREBIRD,1992,1
CHRYSLER,FIFTH AVENUE,1993,1
NISSAN,QUEST,1993,1
AUDI,80,1990,1
CHEVROLET,SUBURBAN,1994,1
PONTIAC,TRANS SPORT,1990,1
LINCOLN,CONTINENTAL,1992,1
PONTIAC,SUNFIRE,1996,1
PONTIAC,LEMANS,1992,1
MERCEDES BENZ,300,1987,1
MAZDA,626,1989,1
FORD,ESCORT,1995,1
PONTIAC,GRAND PRIX,1993,1
KIA,SPORTAGE,1998,1
CHEVROLET,CORVETTE,1997,1
LEXUS,GS400,1998,1
HONDA,PRELUDE,1986,1
FORD,CONTOUR,1996,1
RIALTA,RIALTA,1996,1
MERCURY,VILLAGER,1993,1
NEWMAR,DUTCH STAR,1999,1
JEEP,WRANGLER,1997,1
DODGE,AVENGER,1996,1
OLDSMOBILE,98,1995,1
LINCOLN,MARK VIII,1993,1
PLYMOUTH,COLT,1993,1
PLYMOUTH,VOYAGER,1996,1
KIA,SPORTAGE,1997,1
FORD,AEROSTAR,1993,1
CHEVROLET,LUMINA,1990,1
SUZUKI,SIDEKICK,1997,1
FORD,AEROSTAR,1989,1
MITSUBISHI,MIRAGE,1993,1
DODGE,RAM,1995,1
CHEVROLET,CAVALIER,1996,1
DODGE,CARAVAN,1996,1
BMW,325,1987,1
PONTIAC,GRAND AM,1989,1
DODGE,DAKOTA,1997,1
CHEVROLET,BLAZER,1993,1
PONTIAC,GRAND AM,1995,1
GMC,SONOMA,1995,1
CHEVROLET,S10,1995,1
NISSAN,QUEST,1996,1
CHEVROLET,BLAZER,1996,1
CHEVROLET,BLAZER,1994,1
DODGE,CARAVAN,1992,1
DODGE,GRAND CARAVAN,1995,1
MITSUBISHI,EXPO,1992,1
DODGE,COLT,1993,1
VOLKSWAGEN,PASSAT,2001,1
LINCOLN,TOWN CAR,1992,1
PONTIAC,GRAND AM,1997,1
DODGE,RAM 2500,1994,1
HONDA,CIVIC,1998,1
CADILLAC,CATERA,1997,1
TOYOTA,CAMRY,1997,1
PONTIAC,SUNFIRE,1998,1
SUBARU,FORESTER,2002,1
JEEP,CHEROKEE,1998,1
CADILLAC,CATERA,1999,1
HYUNDAI,SONATA,1997,1
HONDA,CIVIC,1997,1
KIA,SEPHIA,1999,1
MAZDA,MPV,2002,1
FORD,EXPLORER,1998,1
PONTIAC,MONTANA,1998,1
GMC,JIMMY,1994,1
DODGE,GRAND CARAVAN,2002,1
SUZUKI,SV650,2000,1
ISUZU,RODEO,1998,1
CHEVROLET,LUMINA APV,1990,1
CHEVROLET,CAVALIER,2000,1
FORD,ESCORT,1997,1
DODGE,STRATUS,1998,1
PONTIAC,GRAND PRIX,1997,1
FORD,F350,1990,1
CADILLAC,CATERA,1998,1
FORD,FOCUS,2001,1
DODGE,INTREPID,1996,1
PLYMOUTH,BREEZE,1998,1
KIA,SEDONA,2003,1
NISSAN,NISSAN,1995,1
LAND ROVER,DISCOVERY II,1999,1
ACURA,TL,2002,1
AUDI,A6,1999,1
CHEVROLET,CAVALIER,2003,1
FORD,FORD TRUCK,2002,1
FORD,TAURUS,1998,1
DAEWOO,LEGANZA,2001,1
CHEVROLET,K1500,1994,1
CHRYSLER,SEBRING CONVERTIBLE,1996,1
VOLKSWAGEN,JETTA,1997,1
MITSUBISHI CARIBBEAN,MONTERO,2001,1
CHEVROLET,CORVETTE,2001,1
FORD,F-350,2004,1
DODGE,GRAND CARAVAN,2000,1
HYUNDAI,SANTA FE,2003,1
PONTIAC,MONTANA,2005,1
HARNEY,RENEGADE,2000,1
AUDI,A4,1997,1
GMC,SIERRA,2001,1
KIA,LD SPECTRA,2004,1
SUZUKI,GRAND VITARA,1999,1
CHEVROLET,SILVERADO,2002,1
MAZDA,RX7,1989,1
SAAB,9-5,2000,1
CHEVROLET,SILVERADO,2000,1
GMC,SIERRA,2002,1
OLDSMOBILE,SILHOUETTE,1998,1
FORD,F-250,2004,1
GMC,YUKON,2000,1
GMC,SUBURBAN,2000,1
HOLIDAY RAMBLER,AMBASSADOR,2000,1
CHEVROLET,TRAILBLAZER,2002,1
CHEVROLET,SUBURBAN,2002,1
CHRYSLER,LHS,1995,1
HONDA,SILVERWING,1982,1
FLEETWOOD,PROWLER,2000,1
CHEVROLET,CORVETTE,2005,1
STERLING,LT9500,2004,1
DAEWOO,LEGANZA,2000,1
OLDSMOBILE,SILHOUETTE,1997,1
TOYOTA,4 RUNNER,2002,1
HOLIDAY RAMBLER,AMBASSADOR,2001,1
FORD,TAURUS,2001,1
JEEP,WRANGLER,2002,1
FORD,EXPLORER SPORT,1998,1
BMW,323I,2000,1
JEEP,GRAND CHEROKEE,2003,1
FORD,EXPEDITION,2000,1
FORD,F-150,1995,1
CHEVROLET,TRAILBLAZER EXT,2002,1
GEM,NEV,2002,1
ISUZU,RODEO,1999,1
CHEVROLET,VENTURE,2000,1
DODGE,INTREPID,2000,1
DODGE,STRATUS,2000,1
VOLKSWAGEN,GOLF,2001,1
SATURN,L200,2003,1
HYUNDAI,TUCSON,2006,1
CHEVROLET,SILVERADO 1500,1999,1
BUICK,REGAL,1998,1
TOYOTA,SEQUOIA,2004,1
FORD,F-350 SD,2003,1
WINNEBAGO,BRAVE,2002,1
HOLIDAY RAMBLER,VACATIONER,2002,1
JEEP,GRAND CHEROKEE,2000,1
FORD,CROWN VICTORIA,2003,1
NISSAN,MAXIMA,2004,1
VOLVO,V70,2001,1
OLDSMOBILE,ALERO,2003,1
MERCURY,SABLE,2001,1
FORD,EXPEDITION,1996,1
CHEVROLET,SUBURBAN 1500,2001,1
WORKHORSE,W22,2002,1
JEEP,LAREDO,1996,1
INFINITI,M30,1992,1
SUZUKI,GRAND VITARA,2000,1
CHEVROLET,SUBURBAN,1997,1
FORD,E SERIES SUPER DUTY,1999,1
SATURN,LS,2001,1
FORD,F-450 SD,1999,1
TOYOTA,SIENNA,2007,1
DODGE,AVENGER,2008,1
FORD,TAURUS SHO,1990,1
PONTIAC,SUNFIRE,1997,1
HONDA,CIVIC,2007,1
DODGE,DURANGO,2002,1
MERCURY,COUGAR,2001,1
KEYSTONE,MONTANA,2002,1
KEYSTONE,SPRINGDALE,2003,1
HYOSUNG,GV650,2007,1
VOLVO,V70,2000,1
TOYOTA,TUNDRA,2003,1
JEEP,GRAND CHEROKEE,1994,1
CADILLAC,SEVILLE,1995,1
PONTIAC,VIBE,2004,1
SAFARI COACH,SAFARI CLASS C,1999,1
GULF STREAM,ULTRA SUPREME,2003,1
BMW,530ITA,1995,1
FORD,F-150,2002,1
FORD,F-350 SD,2000,1
ACURA,TL,1999,1
TOYOTA,TACOMA,2003,1
FORD,RANGER,2001,1
MERCEDES BENZ,ML430,2000,1
MERCEDES BENZ,ML320,2001,1
HONDA,PILOT,2003,1
NISSAN,TITAN,2004,1
VOLKSWAGEN,PASSAT,2002,1
SAAB,9-3,2000,1
NISSAN,SENTRA,2006,1
FOREST RIVER,WILDWOOD,2001,1
VOLKSWAGEN,JETTA,2003,1
HONDA,CMX250C,2007,1
DODGE,STEALTH,1991,1
SATURN,LS,2002,1
CAN-AM,SPYDER GS,2008,1
BUICK,LESABRE,2000,1
KIA,SPORTAGE,2002,1
TOYOTA,AVALON,2006,1
DODGE,RAM 2500,2007,1
FORD,BRONCO,1989,1
LINCOLN,TOWN CAR,1999,1
PONTIAC,VIBE,2010,1
FLEETWOOD,BOUNDER,2002,1
NISSAN,MURANO,2006,1
LEXUS,HS,2010,1
LEXUS,ES350,2008,1
FORD,RANGER,1997,1
WORKHORSE,CHASSIS,2003,1
FREIGHTLINER,BUSINESS CLASS,2003,1
HYUNDAI,SANTA FE,2001,1
FLEETWOOD,BOUNDER,1997,1
NISSAN,PATHFINDER,1998,1
FORD,PROBE,1992,1
CHEVROLET,CORVETTE,1998,1
HONDA,VT750,2007,1
DODGE,RAM 3500,2007,1
LEXUS,ES350,2007,1
NORCOLD,REFRIGERATORS,1989,1
MONACO COACH,DYNASTY,2003,1
CHRYSLER,PACIFICA,2005,1
CHRYSLER,300M,2003,1
MAZDA,MAZDA3,2004,1
FORD,EXPLORER,1997,1
CHRYSLER,TOWN AND COUNTRY,2006,1
DODGE,RAM 5500,2008,1
CHEVROLET,SUBURBAN 1500,2002,1
VOLVO,S80,2007,1
TOYOTA,FJ CRUISER,2011,1
TOYOTA,COROLLA,2008,1
MERCEDES BENZ,CL600,2001,1
NISSAN,MURANO,2003,1
TIFFIN,ALLEGRO,2011,1
FORD,F-150,1998,1
NISSAN,PATHFINDER,2006,1
CHRYSLER,300,2005,1
NISSAN,ROGUE,2009,1
TOYOTA,PRIUS,2005,1
SUZUKI,FORENZA,2006,1
TOYOTA,TACOMA,2006,1
MONACO COACH,LAPALMA,2002,1
TOYOTA,PRIUS,2002,1
APRILIA,RSV 1000,2007,1
FORD,FREESTYLE,2004,1
HYUNDAI,ELANTRA,2000,1
MINI,COOPER S,2008,1
ACURA,MDX,2006,1
VOLKSWAGEN,PASSAT,2004,1
PONTIAC,G8,2008,1
NISSAN,ARMADA,2006,1
MERCEDES-BENZ,AMG E55,2006,1
TOYOTA,FJ CRUISER,2008,1
LOTUS,ELISE,2005,1
NISSAN,SENTRA,2004,1
INFINITI,M35,2006,1
KIA,OPTIMA,2006,1
CHRYSLER,TOWN AND COUNTRY,2010,1
DODGE,RAM 3500,2010,1
TOYOTA,PRIUS,2012,1
CHEVROLET,TRAILBLAZER,2003,1
HONDA,ODYSSEY,2006,1
DODGE,RAM 2500,2011,1
WINNEBAGO,ADVENTURER,2002,1
TOYOTA,CAMRY,2013,1
DODGE,GRAND CARAVAN,2005,1
FORD,CROWN VICTORIA,2007,1
CHEVROLET,SPARK,2013,1
JEEP,WRANGLER,2012,1
CHEVROLET,SILVERADO,2014,1
JEEP,COMMANDER 4X4,2008,1
CAN-AM,SPYDER RT,2013,1
CHEVROLET,SILVERADO,2007,1
BUICK,LUCERNE,2008,1
OLDSMOBILE,ALERO,2001,1
PONTIAC,G5,2009,1
SUBARU,WRX,2004,1
CHEVROLET,TAHOE,2015,1
SUBARU,FORESTER,2012,1
FLEETWOOD,PACE ARROW,2005,1
INFINITI,JX35,2013,1
CADILLAC,SRX,2013,1
BUICK,LACROSSE,2009,1
CHEVROLET,MALIBU,2001,1
SUBARU,OUTBACK,2010,1
MERCURY,GRAND MARQUIS,2009,1
CHEVROLET,MONTE CARLO,2005,1
CHEVROLET,MALIBU,1998,1
CHEVROLET,SILVERADO 1500,2002,1
CAN-AM,SPYDER RS,2009,1
BUICK,ENCLAVE,2008,1
HONDA,ODYSSEY,2005,1
JEEP,LIBERTY,2012,1
BMW,325CI,2004,1
BUICK,REGAL,2011,1
HONDA,ACCORD,2006,1
DODGE,RAM 3500,2006,1
PONTIAC,GRAND AM,2005,1
DODGE,RAM 1500,2004,1
CHRYSLER,PT CRUISER,2002,1
INFINITI,Q50,2014,1
CHEVROLET,TRAVERSE,2011,1
CADILLAC,DEVILLE,2001,1
TOYOTA,RAV4 EV,2012,1
BMW,650I,2006,1
TOYOTA,COROLLA MATRIX,2004,1
WINNEBAGO,TREND,2014,1
CHEVROLET,MALIBU,2002,1
BUICK,REGAL,1997,1
SUZUKI,SX4,2012,1
MERCEDES BENZ,C300,2008,1
LAND ROVER,RANGE ROVER,2004,1
TOYOTA,TUNDRA,2002,1
HYUNDAI,ELANTRA,2011,1
DODGE,RAM 1500,2008,1
HONDA,GL1800,2001,1
MERCEDES-BENZ,E350,2006,1
INFINITI,Q50,2016,1
FORD,MUSTANG,2010,1
CHRYSLER,300,2013,1
NISSAN,MURANO,2015,1
HYUNDAI,ELANTRA,2008,1
CHRYSLER,300,2012,1
VOLKSWAGEN,PASSAT,2013,1
HONDA,RIDGELINE,2012,1
HONDA,CR-V,2005,1
VOLKSWAGEN,GOLF,2016,1
HYUNDAI,SANTA FE,2007,1
HONDA,ACCORD,2009,1
TOYOTA,TACOMA,2016,1
LINCOLN,MKS,2013,1
BUICK,ENCLAVE,2009,1
CHEVROLET,EQUINOX,2005,1
HONDA,ELEMENT,2005,1
HONDA,CR-V,2015,1
SUBARU,IMPREZA,2012,1
DODGE,GRAND CARAVAN,2012,1
DODGE,CHARGER,2011,1
BMW,X5,2012,1
TOYOTA,MATRIX,2005,1
SUBARU,IMPREZA,2005,1
BMW,X5 SAV,2012,1
BMW,535XI,2011,1
CHEVROLET,EXPRESS 3500,2003,1
LAND ROVER,RANGE ROVER,2017,1
GMC,TERRAIN,2012,1
FORD,FLEX,2011,1
CHEVROLET,BLAZER,1997,1
SUBARU,OUTBACK,2008,1
BMW,325I,2006,1
VOLKSWAGEN,PASSAT WAGON,2007,1
VOLKSWAGEN,PASSAT,2010,1
VOLKSWAGEN,PASSAT,2008,1
TOYOTA,SEQUOIA,2002,1
BMW,328XI,2011,1
NISSAN,VERSA,2009,1
DODGE,RAM 2500,2012,1
BMW,745LI,2005,1
VOLKSWAGEN,PASSAT,2009,1
SATURN,SKY,2007,1
MITSUBISHI,OUTLANDER SPORT,2014,1
CHEVROLET,MONTE CARLO,2003,1
MERCEDES-BENZ,C300,2016,1
CHRYSLER,300,2011,1
FORD,CROWN VICTORIA,2005,1
FORD,EDGE,2007,1
MAZDA,MAZDA5,2015,1
TOYOTA,CAMRY,2014,1
GMC,YUKON,2015,1
TOYOTA,COROLLA,2016,1
INFINITI,FX45,2004,1
CHEVROLET,IMPALA,2000,1
MITSUBISHI,MIRAGE,2014,1
ACURA,CL,2001,1
SUBARU,OUTBACK,2007,1
CHRYSLER,300,2007,1
GMC,ACADIA,2010,1
CHEVROLET,CORVETTE,2002,1
NISSAN,TITAN,2006,1
DODGE,JOURNEY,2011,1
MAZDA,MAZDA6,2011,1
CHRYSLER,200,2012,1
KIA,SOUL,2012,1
TOYOTA,CAMRY,2012,1
HYUNDAI,SANTA FE SPORT,2014,1
PONTIAC,G5,2010,1
AUDI,A8,2012,1
GMC,SIERRA 1500,2007,1
JEEP,PATRIOT,2010,1
HYUNDAI,SONATA,2017,1
TOYOTA,TUNDRA,2005,1
NISSAN,ROGUE,2018,1
PONTIAC,VIBE,2003,1
DODGE,CHARGER,2013,1
NISSAN,QUEST,2007,1
NISSAN,ROGUE,2019,1
DODGE,CHARGER,2015,1
DODGE,RAM 1500,1994,1
BMW,R 1200 GS,2011,1
AUDI,Q7,2014,1
MERCEDES BENZ,C240,2002,1
SATURN,SKY,2009,1
FREIGHTLINER,CASCADIA,2019,1
HYUNDAI,AZERA,2007,1
VOLKSWAGEN,TIGUAN,2018,1
FOREST RIVER,CHEROKEE,2019,1
HONDA,CIVIC,2000,1
BMW,325I,2002,1
DODGE,CALIBER,2010,1
TOYOTA,TACOMA,2013,1
FORD,F-450,2017,1
VOLKSWAGEN,GTI,2016,1
KIA,SPORTAGE,2015,1
FORD,F-350 SD,2017,1
CHEVROLET,MALIBU,2005,1
GMC,SIERRA 1500,2016,1
LINCOLN,TOWN CAR,2007,1
GMC,YUKON,2008,1
TOYOTA,HIGHLANDER,2017,1
MERCURY,MILAN,2009,1
VOLKSWAGEN,ATLAS,2018,1
TOYOTA,CAMRY,2019,1
CHEVROLET,SILVERADO 1500,2009,1
APRILIA,RS 660,2021,1
AUDI,Q7,2008,1
KIA,SORENTO,2014,1
GMC,TERRAIN,2010,1
NISSAN,VERSA,2008,1
TESLA,MODEL S,2012,1
MERCURY,MILAN,2008,1
SUZUKI,KIZASHI,2012,1
VOLKSWAGEN,TOUAREG,2010,1
HYUNDAI,ELANTRA,2019,1
TOYOTA,TACOMA,2005,1
FLEETWOOD,DISCOVERY,2019,1
FORD,F-250 SD,2016,1
TESLA,MODEL X,2017,1
CADILLAC,SRX,2011,1
HYUNDAI,KONA,2020,1
HYUNDAI,SONATA,2006,1
LINCOLN,NAVIGATOR,2018,1
HYUNDAI,SANTA FE,2015,1
CHEVROLET,SILVERADO 1500,2010,1
HYUNDAI,SONATA HYBRID,2013,1
BMW,X5,2008,1
NISSAN,ARMADA,2010,1
CADILLAC,SRX,2015,1
MITSUBISHI,ECLIPSE,2006,1
KIA,SORENTO,2017,1
TIFFIN,ALLEGRO BUS,2020,1
MERCEDES-BENZ,ML350,2013,1
HYUNDAI,SANTA FE SPORT,2015,1
HYUNDAI,SONATA HYBRID,2011,1
FORD,FIESTA,2015,1
CHEVROLET,SILVERADO,2013,1
HYUNDAI,SONATA,2016,1
VOLKSWAGEN,TOUAREG,2004,1
HONDA,CIVIC,2003,1
GMC,ACADIA,2008,1
RAM,3500,2015,1
FORD,F-150 HYBRID,2021,1
HONDA,FIT,2019,1
THOR MOTOR COACH,PALAZZO,2017,1
CADILLAC,SRX,2012,1
GMC,YUKON,2014,1
FORD,C-MAX,2014,1
AUDI,S3,2015,1
BMW,X5,2006,1
HYUNDAI,VELOSTER,2016,1
FORD,F-250 SD,2019,1
HYUNDAI,SANTA FE,2010,1
MITSUBISHI,OUTLANDER SPORT,2019,1
HYUNDAI,VERACRUZ,2012,1
HYUNDAI,VELOSTER,2015,1
NEWMAR,NEW AIRE,2020,1
SUBARU,OUTBACK,2006,1
BMW,X3,2015,1
FORD,FIESTA,2014,1
KIA,SORENTO,2022,1
RAM,2500,2022,1
PORSCHE,CAYENNE,2006,1
MITSUBISHI,OUTLANDER,2022,1
VOLVO,V60,2015,1
GMC,TERRAIN,2017,1
TOYOTA,TUNDRA,2004,1
MERCEDES-BENZ,GL350,2011,1
BMW,X5,2015,1
GMC,YUKON,2007,1
BUICK,LACROSSE,2007,1
FORD,EXPEDITION,2018,1
AUDI,Q5,2017,1
LINCOLN,MKZ HYBRID,2014,1
HYUNDAI,SONATA,2009,1
CHRYSLER,200,2013,1
HONDA,CR-V,2010,1
TIFFIN,WAYFARER,2020,1
GMC,SIERRA 1500,2013,1
CADILLAC,SRX,2004,1
RAM,3500,2017,1
MAZDA,MAZDA6,2014,1
AUDI,Q3,2015,1
SUBARU,ASCENT,2020,1
VOLKSWAGEN,JETTA,2013,1
HONDA,CR-V,2009,1
INFINITI,G35,2005,1
MERCURY,GRAND MARQUIS,2004,1
HONDA,PILOT,2018,1
GENESIS,GV60,2023,1
PORSCHE,CAYENNE,2016,1
HYUNDAI,SANTA FE HYBRID,2021,1
FORD,F-350 SD,2020,1
FORD,EDGE,2013,1
CHEVROLET,VOLT,2017,1
KIA,SOUL EV,2015,1
CHEVROLET,CRUZE,2014,1
CADILLAC,DEVILLE,2003,1
FORD,MAVERICK HYBRID,2023,1
KEYSTONE,COUGAR,2023,1
MERCEDES BENZ,ML550,2009,1
BUICK,ENCORE GX,2024,1
FORD,BRONCO SPORT,2022,1
HYUNDAI,ELANTRA,2016,1
BUICK,ENCLAVE,2014,1
CHEVROLET,SPARK,2014,1
TESLA,MODEL Y,2023,1
HYUNDAI,SANTA FE,2017,1
HYUNDAI,SONATA,2015,1
BMW,X4,2015,1
KIA,RIO,2014,1
GMC,ACADIA,2020,1
MERCURY,MARINER,2009,1
DODGE,DART,2014,1
HONDA,ELEMENT,2003,1
HONDA,RIDGELINE,2020,1
MERCEDES-BENZ,E350,2008,1
LINCOLN,MKT,2012,1
FORD,EDGE,2019,1
FORD,MUSTANG,2015,1
THOR MOTOR COACH,SCOPE,2021,1
TOYOTA,HIGHLANDER HYBRID,2021,1
HONDA,RIDGELINE,2017,1
HYUNDAI,SONATA HYBRID,2012,1
SUBARU,WRX,2017,1
HYUNDAI,SANTA FE,2014,1
BMW,X7,2019,1
CHEVROLET,SILVERADO 2500,2000,1
RAM,2500,2019,1
BMW,540I,2024,1
FORD,FUSION,2014,1
FORD,TRANSIT,2020,1
KIA,OPTIMA HYBRID,2013,1
TOYOTA,COROLLA,2020,1
ACURA,TLX,2017,1
RAM,3500,2016,1
ACURA,MDX,2018,1
GENESIS,G80,2022,1
BMW,328I,2009,1
TOYOTA,TUNDRA,2023,1
BMW,330I,2018,1
BMW,X5,2020,1
MERCEDES-BENZ,GLA 250,2017,1
MITSUBISHI,MIGHTY MAX,1991,1
MINI,COOPER,2009,1
VOLKSWAGEN,ATLAS,2021,1
FORD,RANGER,2006,1
GMC,SIERRA 2500,2021,1
AUDI,Q7,2021,1
LEXUS,IS,2015,1
VOLVO,XC40,2023,1
FORD,MAVERICK HYBRID,2025,1
AUDI,A3,2018,1
TOYOTA,RAV4,2018,1
ACURA,TLX,2018,1
TOYOTA,RAV4,2011,1
VOLVO,XC40,2022,1
CADILLAC,XTS,2014,1
HONDA,HR-V,2019,1
BMW,X3,2007,1
MERCEDES-BENZ,C250,2014,1
MAZDA,CX-5,2016,1
NISSAN,KICKS,2025,1
GMC,SIERRA 2500,2024,1
JEEP,CHEROKEE,2016,1
AUDI,Q8,2021,1
CHEVROLET,TRAX,2024,1
HONDA,PILOT,2024,1
FORD,ECOSPORT,2019,1
FORD,EXPEDITION,2019,1
BUICK,REGAL,2018,1
CHEVROLET,EQUINOX,2012,1
MITSUBISHI,OUTLANDER,2011,1
FORD,F-150 LIGHTNING BEV,2022,1
JEEP,WRANGLER,2020,1
JEEP,GRAND CHEROKEE,2024,1
MAZDA,CX-90 PLUG-IN HYBRID,2024,1
HONDA,HR-V,2016,1
MERCURY,GRAND MARQUIS,2008,1
NISSAN,ROGUE,2017,1
POLESTAR,POLESTAR 2,2021,1
FORD,F-150,2018,1
NISSAN,NV200,2014,1
MERCEDES-BENZ,GLC 300,2022,1
CADILLAC,XT6,2021,1
LINCOLN,AVIATOR,2023,1
FORD,EXPLORER,2021,1
HONDA,CIVIC,2023,1
FIAT,500X,2016,1
BMW,X5,2024,1
BMW,X5,2007,1
VOLKSWAGEN,TIGUAN,2011,1
DODGE,DART,2013,1
HONDA,RIDGELINE,2018,1
CADILLAC,ESCALADE,2022,1
HONDA,CR-V,2007,1
FORD,F-350 SD,2015,1
HONDA,ACCORD,2019,1
BMW,528I,2016,1
KIA,SORENTO,2019,1
KIA,TELLURIDE,2022,1
DODGE,CHARGER,2019,1
TOYOTA,COROLLA,2006,1
CHEVROLET,EXPRESS CUTAWAY VAN,2018,1
CHEVROLET,TAHOE,2017,1
AUDI,Q5,2014,1
HYUNDAI,SANTA FE,2025,1
FORD,EXPLORER,2019,1
KIA,NIRO,2018,1
MAZDA,MAZDA3,2015,1
KIA,FORTE,2010,1
HONDA,CIVIC,2018,1
CHEVROLET,SILVERADO 1500,2024,1
BMW,335I,2007,1
LINCOLN,CORSAIR,2021,1
FORD,F-350 SD,2016,1
VOLKSWAGEN,ATLAS,2023,1
HYUNDAI,PALISADE,2025,1
BMW,328I,2010,1
GMC,SIERRA 1500,2024,1
BMW,528XI,2012,1
HONDA,CB1000SP,2025,1
FORD,EDGE,2017,1
HYUNDAI,TUCSON,2026,1
FORD,RANGER,2010,1
HONDA,CIVIC,2008,1
TOYOTA,RAV4 PRIME,2023,1
CHRYSLER,PACIFICA,2022,1
KIA,STINGER,2018,1
FORD,RANGER,2007,1
FORD,F-150,2022,1
HYUNDAI,TUCSON,2019,1
HYUNDAI,TUCSON HYBRID,2024,1
HYUNDAI,KONA,2022,1
CADILLAC,ESCALADE ESV,2021,1
NISSAN,ROGUE,2024,1
HYUNDAI,TUCSON HYBRID,2025,1
KIA,CARNIVAL,2024,1
BMW,R 1300 R,2026,1
HONDA,PASSPORT,2021,1
AUDI,A3,2015,1
ALFA ROMEO,GIULIA,2017,1
GMC,YUKON,2024,1
NISSAN,NV200,2020,1
CHEVROLET,SILVERADO 1500,2023,1
GMC,YUKON,2021,1
VOLKSWAGEN,ID.4,2023,1
