make,model,my_window,total_complaints,severe_complaints,crash_reports,injury_reports,death_reports,severe_share_pct
RAM,1500,2015-2022,7869,469,421,231,12,6.0
JEEP,GRAND CHEROKEE,2015-2022,4139,380,290,177,0,9.2
FORD,F-150,2015-2022,11074,363,281,196,5,3.3
TESLA,MODEL 3,2015-2022,3517,346,312,127,11,9.8
FORD,EXPLORER,2015-2022,8799,321,193,210,0,3.6
HONDA,CR-V,2015-2022,6975,310,236,176,1,4.4
TESLA,MODEL S,2015-2022,2340,298,289,88,10,12.7
TOYOTA,COROLLA,2015-2022,1530,279,270,172,3,18.2
NISSAN,ROGUE,2015-2022,3353,266,219,157,2,7.9
SUBARU,FORESTER,2015-2022,3836,258,244,107,1,6.7
TOYOTA,RAV4,2015-2022,3212,252,236,142,4,7.8
FORD,ESCAPE,2015-2022,9382,250,189,154,0,2.7
HONDA,ACCORD,2015-2022,5101,245,199,130,3,4.8
TESLA,MODEL Y,2015-2022,2197,237,220,78,8,10.8
HONDA,CIVIC,2015-2022,4456,230,202,97,1,5.2
TOYOTA,CAMRY,2015-2022,2212,225,216,130,2,10.2
CHEVROLET,SILVERADO 1500,2015-2022,5313,212,189,89,3,4.0
JEEP,CHEROKEE,2015-2022,7326,199,179,101,0,2.7
SUBARU,OUTBACK,2015-2022,5564,187,163,72,0,3.4
TESLA,MODEL X,2015-2022,1297,179,165,58,3,13.8
NISSAN,ALTIMA,2015-2022,2602,174,156,90,2,6.7
JEEP,WRANGLER,2015-2022,5684,168,142,95,0,3.0
TOYOTA,HIGHLANDER,2015-2022,2355,163,141,92,1,6.9
FORD,FUSION,2015-2022,4637,163,152,77,0,3.5
CHEVROLET,EQUINOX,2015-2022,2609,156,139,76,2,6.0
HYUNDAI,ELANTRA,2015-2022,2325,155,144,78,4,6.7
FORD,EDGE,2015-2022,5042,150,108,96,0,3.0
KIA,SOUL,2015-2022,3009,147,129,83,4,4.9
HYUNDAI,SONATA,2015-2022,3555,144,127,68,4,4.1
NISSAN,SENTRA,2015-2022,1671,142,126,79,1,8.5
CHRYSLER,200,2015-2022,2375,137,124,67,0,5.8
DODGE,DURANGO,2015-2022,1554,132,82,77,0,8.5
CHRYSLER,PACIFICA,2015-2022,3423,131,108,59,1,3.8
FORD,EXPEDITION,2015-2022,2343,126,65,90,0,5.4
KIA,SORENTO,2015-2022,4037,126,101,79,2,3.1
HONDA,ODYSSEY,2015-2022,3166,125,59,85,1,3.9
GMC,SIERRA 1500,2015-2022,3922,114,96,43,0,2.9
HYUNDAI,TUCSON,2015-2022,4331,114,94,59,1,2.6
MAZDA,CX-5,2015-2022,1719,110,96,43,0,6.4
RAM,2500,2015-2022,4364,110,105,38,2,2.5
HONDA,PILOT,2015-2022,5112,110,90,56,0,2.2
KIA,OPTIMA,2015-2022,2595,109,98,60,2,4.2
KIA,FORTE,2015-2022,1144,108,101,58,3,9.4
CHEVROLET,MALIBU,2015-2022,3070,108,101,52,3,3.5
DODGE,JOURNEY,2015-2022,1532,104,75,69,0,6.8
FORD,FOCUS,2015-2022,3922,100,91,58,0,2.5
CHEVROLET,TAHOE,2015-2022,1976,96,79,50,2,4.9
JEEP,COMPASS,2015-2022,2335,94,83,47,0,4.0
FORD,MUSTANG,2015-2022,1633,92,84,46,1,5.6
HYUNDAI,SANTA FE,2015-2022,2323,92,76,55,0,4.0
VOLKSWAGEN,JETTA,2015-2022,1250,88,69,52,3,7.0
JEEP,RENEGADE,2015-2022,2177,88,79,43,0,4.0
DODGE,GRAND CARAVAN,2015-2022,2220,86,46,59,1,3.9
HONDA,HR-V,2015-2022,978,82,77,39,0,8.4
TOYOTA,TACOMA,2015-2022,1306,82,75,45,1,6.3
CHEVROLET,TRAVERSE,2015-2022,2235,82,72,47,2,3.7
KIA,SPORTAGE,2015-2022,1162,79,59,44,0,6.8
FORD,F-250 SD,2015-2022,3842,77,56,39,0,2.0
TOYOTA,PRIUS,2015-2022,519,75,72,32,1,14.5
CHEVROLET,CRUZE,2015-2022,831,74,68,34,1,8.9
GMC,TERRAIN,2015-2022,1268,71,61,41,0,5.6
NISSAN,VERSA,2015-2022,504,69,63,48,2,13.7
CHEVROLET,SUBURBAN,2015-2022,1298,66,54,35,1,5.1
CHEVROLET,COLORADO,2015-2022,1944,64,53,31,3,3.3
RAM,3500,2015-2022,1873,61,59,21,1,3.3
CHEVROLET,TRAX,2015-2022,684,59,54,31,1,8.6
GMC,ACADIA,2015-2022,2248,59,49,33,0,2.6
DODGE,CHALLENGER,2015-2022,434,58,53,35,0,13.4
MITSUBISHI,OUTLANDER,2015-2022,575,58,51,33,0,10.1
TOYOTA,SIENNA,2015-2022,611,56,44,33,0,9.2
FORD,FIESTA,2015-2022,645,54,50,27,3,8.4
DODGE,CHARGER,2015-2022,792,53,47,27,1,6.7
VOLKSWAGEN,ATLAS,2015-2022,1606,53,26,33,0,3.3
JEEP,PATRIOT,2015-2022,830,52,45,39,1,6.3
FORD,F-350 SD,2015-2022,2048,51,35,25,0,2.5
CHEVROLET,CAMARO,2015-2022,726,50,45,24,1,6.9
SUBARU,LEGACY,2015-2022,848,50,47,19,0,5.9
BUICK,ENCORE,2015-2022,486,49,45,32,1,10.1
NISSAN,PATHFINDER,2015-2022,945,49,40,20,0,5.2
LEXUS,RX,2015-2022,296,48,43,21,0,16.2
TOYOTA,4RUNNER,2015-2022,431,48,43,27,0,11.1
VOLKSWAGEN,ID.4,2015-2022,466,48,42,22,0,10.3
DODGE,DART,2015-2022,778,47,46,22,0,6.0
VOLKSWAGEN,TIGUAN,2015-2022,1246,47,32,32,1,3.8
BMW,X3,2015-2022,804,46,41,14,0,5.7
ACURA,MDX,2015-2022,1405,46,38,23,0,3.3
SUBARU,CROSSTREK,2015-2022,933,45,42,16,0,4.8
AUDI,Q5,2015-2022,586,44,39,22,0,7.5
BMW,X5,2015-2022,826,44,39,19,2,5.3
CHEVROLET,IMPALA,2015-2022,629,43,35,27,0,6.8
CHRYSLER,TOWN AND COUNTRY,2015-2022,904,43,27,28,2,4.8
ACURA,RDX,2015-2022,1523,43,36,22,1,2.8
HONDA,FIT,2015-2022,732,42,31,28,0,5.7
GMC,YUKON XL,2015-2022,1192,42,36,18,0,3.5
FORD,ECOSPORT,2015-2022,1847,42,38,20,2,2.3
SUBARU,IMPREZA,2015-2022,731,41,36,19,1,5.6
ACURA,TLX,2015-2022,861,41,36,21,0,4.8
KIA,TELLURIDE,2015-2022,1425,41,25,22,1,2.9
FORD,BRONCO SPORT,2015-2022,1036,39,31,22,0,3.8
NISSAN,LEAF,2015-2022,792,38,34,13,0,4.8
GMC,YUKON,2015-2022,1646,38,35,22,0,2.3
MAZDA,MAZDA3,2015-2022,603,37,33,18,1,6.1
HYUNDAI,KONA,2015-2022,630,37,33,23,1,5.9
KIA,SEDONA,2015-2022,677,37,19,25,1,5.5
HYUNDAI,PALISADE,2015-2022,1261,37,26,22,0,2.9
LEXUS,RX350,2015-2022,213,36,35,13,1,16.9
HYUNDAI,ACCENT,2015-2022,330,36,29,26,0,10.9
VOLKSWAGEN,PASSAT,2015-2022,563,36,32,15,0,6.4
FORD,RANGER,2015-2022,544,35,26,15,0,6.4
CHEVROLET,SILVERADO 2500,2015-2022,758,35,24,17,0,4.6
KIA,RIO,2015-2022,262,34,28,21,1,13.0
CHRYSLER,300,2015-2022,502,34,34,22,0,6.8
NISSAN,MURANO,2015-2022,637,34,29,19,0,5.3
CHEVROLET,SONIC,2015-2022,231,33,29,20,1,14.3
MERCEDES-BENZ,C 300,2015-2022,452,32,23,20,0,7.1
FORD,TRANSIT,2015-2022,681,32,23,19,2,4.7
AUDI,Q7,2015-2022,682,32,21,18,0,4.7
BUICK,ENCLAVE,2015-2022,691,32,26,16,0,4.6
CHEVROLET,BOLT EV,2015-2022,908,32,29,9,0,3.5
TOYOTA,TUNDRA,2015-2022,912,32,24,19,0,3.5
TOYOTA,AVALON,2015-2022,211,31,25,13,6,14.7
CHEVROLET,MALIBU HYBRID,2015-2022,1086,31,29,14,0,2.9
KIA,CARNIVAL,2015-2022,133,29,4,28,0,21.8
FORD,FUSION HYBRID,2015-2022,268,29,24,18,1,10.8
VOLVO,XC60,2015-2022,314,29,23,20,0,9.2
VOLVO,XC90,2015-2022,456,29,17,15,0,6.4
CADILLAC,SRX,2015-2022,611,29,23,18,1,4.7
NISSAN,MAXIMA,2015-2022,329,28,24,18,0,8.5
JEEP,GLADIATOR,2015-2022,886,28,22,15,0,3.2
HYUNDAI,VELOSTER,2015-2022,482,27,21,17,0,5.6
HONDA,RIDGELINE,2015-2022,1115,27,20,15,0,2.4
CHEVROLET,SPARK,2015-2022,184,26,23,22,0,14.1
NISSAN,FRONTIER,2015-2022,317,26,25,9,1,8.2
LINCOLN,MKZ,2015-2022,336,26,21,10,0,7.7
VOLKSWAGEN,GTI,2015-2022,450,26,6,22,2,5.8
FORD,MUSTANG MACH E,2015-2022,478,26,26,8,0,5.4
SUBARU,ASCENT,2015-2022,918,26,25,15,0,2.8
LEXUS,NX,2015-2022,163,25,21,15,0,15.3
INFINITI,Q50,2015-2022,307,25,25,10,0,8.1
HONDA,ACCORD HYBRID,2015-2022,433,25,22,11,1,5.8
GMC,CANYON,2015-2022,751,25,24,14,0,3.3
KIA,K5,2015-2022,288,24,22,18,2,8.3
BMW,X1,2015-2022,457,24,14,20,0,5.3
ALFA ROMEO,GIULIA,2015-2022,261,23,22,9,0,8.8
KIA,NIRO,2015-2022,270,23,21,14,1,8.5
LINCOLN,NAVIGATOR,2015-2022,292,23,15,14,0,7.9
INFINITI,QX60,2015-2022,309,23,17,16,0,7.4
CADILLAC,ESCALADE,2015-2022,443,23,17,14,0,5.2
FORD,TAURUS,2015-2022,457,23,21,13,0,5.0
VOLKSWAGEN,GOLF,2015-2022,517,23,13,18,0,4.4
CHEVROLET,VOLT,2015-2022,1165,23,18,14,0,2.0
TOYOTA,VENZA HYBRID,2015-2022,230,22,21,10,0,9.6
SUBARU,WRX,2015-2022,263,22,20,10,0,8.4
LAND ROVER,RANGE ROVER,2015-2022,286,22,20,12,1,7.7
MERCEDES-BENZ,C300,2015-2022,665,22,16,12,0,3.3
HYUNDAI,SANTA FE SPORT,2015-2022,814,22,17,11,0,2.7
TOYOTA,PRIUS PRIME,2015-2022,100,21,21,6,0,21.0
CHEVROLET,SILVERADO,2015-2022,206,21,17,11,0,10.2
NISSAN,KICKS,2015-2022,409,21,21,9,0,5.1
MAZDA,CX-9,2015-2022,445,21,18,10,0,4.7
CHEVROLET,BLAZER,2015-2022,578,21,17,15,0,3.6
LINCOLN,MKC,2015-2022,584,21,19,7,0,3.6
MITSUBISHI,MIRAGE,2015-2022,74,20,20,16,0,27.0
FREIGHTLINER,CASCADIA,2015-2022,129,20,16,14,6,15.5
MAZDA,MAZDA6,2015-2022,280,20,17,10,0,7.1
MITSUBISHI,OUTLANDER SPORT,2015-2022,336,20,17,13,0,6.0
NISSAN,TITAN,2015-2022,424,20,17,10,2,4.7
KIA,SELTOS,2015-2022,437,20,19,9,0,4.6
FORD,F-150 HYBRID,2015-2022,463,20,9,13,1,4.3
FORD,FLEX,2015-2022,552,20,17,7,0,3.6
HONDA,PASSPORT,2015-2022,568,20,19,7,0,3.5
MINI,COOPER,2015-2022,152,19,18,11,0,12.5
HONDA,INSIGHT,2015-2022,183,19,16,10,0,10.4
HONDA,CR-V HYBRID,2015-2022,252,19,16,8,0,7.5
TOYOTA,REDUNDANT SIENNA,2015-2022,284,19,18,8,0,6.7
MERCEDES-BENZ,SPRINTER 2500,2015-2022,296,19,15,7,0,6.4
NISSAN,ROGUE SPORT,2015-2022,339,19,18,12,0,5.6
TOYOTA,RAV4 PRIME,2015-2022,119,18,17,5,0,15.1
HYUNDAI,IONIQ HYBRID,2015-2022,124,18,16,7,0,14.5
CADILLAC,ESCALADE ESV,2015-2022,253,18,14,12,0,7.1
MERCEDES-BENZ,GLC 300,2015-2022,325,18,17,10,0,5.5
HYUNDAI,GENESIS,2015-2022,388,18,13,9,0,4.6
TOYOTA,C-HR,2015-2022,519,18,16,12,0,3.5
TOYOTA,YARIS,2015-2022,74,17,17,12,1,23.0
LEXUS,ES,2015-2022,110,17,16,10,0,15.5
MAZDA,CX-30,2015-2022,166,17,15,10,0,10.2
FORD,BRONCO,2015-2022,598,17,12,9,0,2.8
LEXUS,ES350,2015-2022,81,16,15,9,0,19.8
FORD,C-MAX,2015-2022,98,16,14,9,0,16.3
MERCEDES-BENZ,CLA250,2015-2022,154,16,12,10,1,10.4
ACURA,ILX,2015-2022,174,16,14,8,0,9.2
NISSAN,ARMADA,2015-2022,299,16,13,11,1,5.4
JAGUAR,F-PACE,2015-2022,135,15,13,9,1,11.1
BMW,328I,2015-2022,180,15,14,7,0,8.3
LAND ROVER,RANGE ROVER SPORT,2015-2022,309,15,9,9,0,4.9
VOLKSWAGEN,ATLAS CROSS SPORT,2015-2022,338,15,13,8,0,4.4
GMC,SIERRA 2500,2015-2022,420,15,14,7,0,3.6
POLARIS,SLINGSHOT,2015-2022,89,14,10,13,3,15.7
BMW,428I,2015-2022,119,14,12,8,0,11.8
NISSAN,VERSA NOTE,2015-2022,128,14,14,7,0,10.9
VOLVO,XC40,2015-2022,130,14,10,9,0,10.8
VOLKSWAGEN,GOLF SPORTWAGEN,2015-2022,170,14,7,10,0,8.2
JEEP,WAGONEER,2015-2022,199,14,11,5,0,7.0
GENESIS,G80,2015-2022,213,14,14,8,0,6.6
CADILLAC,XT5,2015-2022,268,14,13,7,0,5.2
MERCEDES-BENZ,GLA 250,2015-2022,277,14,10,12,0,5.1
RAM,PROMASTER,2015-2022,458,14,14,1,0,3.1
BMW,530I,2015-2022,93,13,10,9,0,14.0
BUICK,ENVISION,2015-2022,194,13,8,7,0,6.7
MERCEDES-BENZ,GLE 350,2015-2022,213,13,12,7,1,6.1
INFINITI,QX50,2015-2022,262,13,10,9,0,5.0
KIA,EV6,2015-2022,275,13,11,4,1,4.7
FORD,TRANSIT CONNECT,2015-2022,317,13,9,7,0,4.1
HYUNDAI,SONATA HYBRID,2015-2022,364,13,12,7,0,3.6
MITSUBISHI,MIRAGE G4,2015-2022,43,12,12,11,1,27.9
MERCEDES-BENZ,ML350,2015-2022,52,12,10,3,0,23.1
TOYOTA,PRIUS V,2015-2022,53,12,12,4,0,22.6
BMW,320I,2015-2022,88,12,12,7,0,13.6
TOYOTA,RAV4 HYBRID,2015-2022,107,12,11,5,0,11.2
HONDA,CLARITY PLUG-IN HYBRID,2015-2022,185,12,12,4,1,6.5
GMC,SIERRA 3500,2015-2022,192,12,10,5,0,6.2
MERCEDES-BENZ,GLC300,2015-2022,231,12,12,7,0,5.2
AUDI,A4,2015-2022,282,12,10,5,0,4.3
CHEVROLET,TRAILBLAZER,2015-2022,300,12,10,7,0,4.0
FORD,ESCAPE HYBRID,2015-2022,474,12,6,8,0,2.5
CHRYSLER,PACIFICA PLUG-IN HYBRID,2015-2022,546,12,9,5,0,2.2
CHEVROLET,CORVETTE,2015-2022,686,12,10,10,0,1.7
FIAT,500,2015-2022,124,11,9,6,0,8.9
BUICK,LACROSSE,2015-2022,144,11,10,6,0,7.6
MERCEDES-BENZ,SPRINTER 3500,2015-2022,176,11,8,5,0,6.2
LINCOLN,MKX,2015-2022,255,11,9,4,0,4.3
LAND ROVER,RANGE ROVER EVOQUE,2015-2022,262,11,10,5,0,4.2
CHEVROLET,SILVERADO 3500,2015-2022,264,11,10,4,0,4.2
NISSAN,REDUNDANT ROGUE SPORT,2015-2022,31,10,10,6,0,32.3
LEXUS,NX200T,2015-2022,33,10,10,7,0,30.3
HARLEY-DAVIDSON,XG750,2015-2022,88,10,9,6,1,11.4
MERCEDES-BENZ,CLA 250,2015-2022,90,10,6,8,0,11.1
BMW,430I,2015-2022,109,10,8,7,0,9.2
MERCEDES-BENZ,GLE350,2015-2022,112,10,10,4,0,8.9
AUDI,A4 ALLROAD,2015-2022,114,10,8,5,0,8.8
GMC,SIERRA,2015-2022,120,10,10,1,0,8.3
BUICK,REGAL,2015-2022,133,10,7,7,0,7.5
VOLVO,S60,2015-2022,160,10,7,4,0,6.2
LINCOLN,AVIATOR,2015-2022,190,10,7,4,0,5.3
LEXUS,GX460,2015-2022,33,9,9,4,0,27.3
MINI,CLUBMAN,2015-2022,51,9,9,4,0,17.6
HONDA,GL1800,2015-2022,64,9,7,5,0,14.1
NISSAN,JUKE,2015-2022,76,9,8,2,0,11.8
LAND ROVER,RANGE ROVER VELAR,2015-2022,103,9,5,7,0,8.7
MAZDA,CX-3,2015-2022,111,9,9,2,0,8.1
FORD,MAVERICK,2015-2022,150,9,8,4,0,6.0
BMW,330I,2015-2022,201,9,7,7,0,4.5
PORSCHE,MACAN,2015-2022,204,9,9,1,0,4.4
TOYOTA,VENZA,2015-2022,27,8,8,3,0,29.6
SMART,FORTWO,2015-2022,36,8,6,5,0,22.2
HARLEY-DAVIDSON,FLHTCUTG,2015-2022,42,8,7,6,4,19.0
FORD,C-MAX ENERGI,2015-2022,57,8,8,2,0,14.0
MITSUBISHI,LANCER,2015-2022,59,8,7,5,0,13.6
RIVIAN,R1T,2015-2022,65,8,7,6,0,12.3
TOYOTA,CAMRY HYBRID,2015-2022,83,8,7,5,0,9.6
MERCEDES-BENZ,E350,2015-2022,89,8,7,6,0,9.0
GENESIS,GV70,2015-2022,92,8,8,2,1,8.7
GENESIS,G70,2015-2022,110,8,8,1,0,7.3
JEEP,GRAND CHEROKEE 4XE,2015-2022,147,8,8,5,0,5.4
BUICK,ENCORE GX,2015-2022,151,8,7,5,0,5.3
BMW,I3,2015-2022,158,8,7,4,0,5.1
AUDI,Q3,2015-2022,205,8,6,3,0,3.9
PORSCHE,TAYCAN,2015-2022,239,8,7,2,0,3.3
AUDI,A3,2015-2022,284,8,6,5,0,2.8
HYUNDAI,IONIQ 5,2015-2022,404,8,7,1,0,2.0
FORD,MAVERICK HYBRID,2015-2022,459,8,6,3,0,1.7
SCION,TC,2015-2022,28,7,5,5,0,25.0
TOYOTA,PRIUS C,2015-2022,37,7,5,6,0,18.9
MERCEDES-BENZ,AMG GLE43,2015-2022,38,7,4,5,0,18.4
MAZDA,MX-5,2015-2022,66,7,6,4,0,10.6
MERCEDES-BENZ,S550,2015-2022,72,7,4,5,0,9.7
BMW,540I,2015-2022,76,7,7,3,0,9.2
FOREST RIVER,ROCKWOOD,2015-2022,78,7,5,4,0,9.0
GENESIS,GV80,2015-2022,101,7,7,4,0,6.9
CADILLAC,ATS,2015-2022,116,7,6,6,0,6.0
GMC,SIERRA DENALI,2015-2022,118,7,4,4,0,5.9
CAN-AM,RYKER,2015-2022,123,7,6,4,0,5.7
LINCOLN,CORSAIR,2015-2022,128,7,4,5,0,5.5
RAM,5500,2015-2022,137,7,6,3,0,5.1
LAND ROVER,DISCOVERY SPORT,2015-2022,167,7,7,1,0,4.2
ALFA ROMEO,STELVIO,2015-2022,195,7,7,3,0,3.6
FORD,FUSION ENERGI,2015-2022,232,7,5,2,1,3.0
JAGUAR,XJ,2015-2022,19,6,6,4,0,31.6
SCION,IA,2015-2022,23,6,6,3,0,26.1
TOYOTA,MIRAI,2015-2022,24,6,4,3,0,25.0
LEXUS,RX HYBRID,2015-2022,30,6,6,2,0,20.0
KIA,SOUL EV,2015-2022,37,6,6,2,0,16.2
MITSUBISHI,ECLIPSE CROSS,2015-2022,43,6,5,5,1,14.0
BMW,530E,2015-2022,44,6,4,4,0,13.6
TOYOTA,COROLLA CROSS,2015-2022,45,6,6,6,0,13.3
BMW,X1 SAV,2015-2022,54,6,5,4,0,11.1
GENESIS,G90,2015-2022,57,6,6,2,0,10.5
MASERATI,GHIBLI,2015-2022,60,6,6,2,0,10.0
MERCEDES-BENZ,E 300,2015-2022,61,6,4,5,0,9.8
FORD,E-350,2015-2022,67,6,4,2,0,9.0
KIA,NIRO EV,2015-2022,68,6,6,1,0,8.8
MERCEDES-BENZ,GLS450,2015-2022,70,6,3,4,0,8.6
CADILLAC,XTS,2015-2022,72,6,5,1,0,8.3
BMW,X4,2015-2022,76,6,6,1,0,7.9
FORD,F-450,2015-2022,83,6,4,3,0,7.2
SUBARU,XV CROSSTREK,2015-2022,84,6,6,3,0,7.1
AUDI,SQ5,2015-2022,84,6,4,2,0,7.1
FORD,F-150 LIGHTNING BEV,2015-2022,90,6,4,2,0,6.7
MERCEDES-BENZ,GLB 250,2015-2022,91,6,4,4,0,6.6
CHEVROLET,EXPRESS,2015-2022,96,6,5,4,0,6.2
HYUNDAI,VENUE,2015-2022,96,6,6,2,0,6.2
HYUNDAI,TUCSON HYBRID,2015-2022,112,6,6,1,0,5.4
LINCOLN,CONTINENTAL,2015-2022,133,6,4,2,0,4.5
AUDI,A5,2015-2022,138,6,4,2,1,4.3
AUDI,E-TRON,2015-2022,145,6,5,3,0,4.1
JEEP,GRAND CHEROKEE L,2015-2022,146,6,5,2,0,4.1
BMW,X7,2015-2022,163,6,3,3,0,3.7
LINCOLN,NAUTILUS,2015-2022,168,6,6,1,0,3.6
NISSAN,TITAN XD,2015-2022,197,6,5,2,0,3.0
TOYOTA,COROLLA IM,2015-2022,20,5,5,4,0,25.0
LUCID,AIR,2015-2022,23,5,5,0,0,21.7
TOYOTA,YARIS IA,2015-2022,24,5,5,2,0,20.8
LEXUS,ES HYBRID,2015-2022,26,5,5,1,0,19.2
HYUNDAI,IONIQ PLUG-IN HYBRID,2015-2022,26,5,5,3,0,19.2
HARLEY-DAVIDSON,FLHXS,2015-2022,34,5,4,3,0,14.7
HYUNDAI,AZERA,2015-2022,36,5,3,3,0,13.9
BMW,X6,2015-2022,51,5,3,4,0,9.8
VOLKSWAGEN,GOLF R,2015-2022,53,5,1,4,0,9.4
INFINITI,QX30,2015-2022,59,5,5,4,0,8.5
MERCEDES-BENZ,E400,2015-2022,69,5,3,3,0,7.2
INFINITI,Q60,2015-2022,70,5,4,3,0,7.1
CADILLAC,CT5,2015-2022,71,5,5,3,0,7.0
KIA,CADENZA,2015-2022,106,5,5,2,0,4.7
MERCEDES-BENZ,GLK350,2015-2022,114,5,4,4,1,4.4
CADILLAC,CTS,2015-2022,123,5,4,1,0,4.1
HYUNDAI,KONA ELECTRIC,2015-2022,127,5,5,1,0,3.9
MERCEDES-BENZ,E300,2015-2022,132,5,2,5,0,3.8
KIA,STINGER,2015-2022,161,5,5,1,1,3.1
PORSCHE,CAYENNE,2015-2022,170,5,3,2,0,2.9
LAND ROVER,DISCOVERY,2015-2022,172,5,5,2,1,2.9
VOLKSWAGEN,BEETLE,2015-2022,177,5,5,1,0,2.8
AUDI,A6,2015-2022,261,5,4,4,0,1.9
HONDA,SXS1000,2015-2022,9,4,3,4,0,44.4
FORD,EXPLORER HYBRID,2015-2022,9,4,3,3,0,44.4
LEXUS,UX,2015-2022,9,4,4,1,0,44.4
HARLEY-DAVIDSON,XG500,2015-2022,14,4,3,3,0,28.6
LEXUS,CT,2015-2022,19,4,2,4,1,21.1
LEXUS,IS 300,2015-2022,22,4,3,4,0,18.2
MERCEDES-BENZ,GLE450,2015-2022,25,4,4,2,0,16.0
DODGE,CARAVAN,2015-2022,26,4,4,2,0,15.4
VOLVO,VNL,2015-2022,31,4,3,2,0,12.9
JAGUAR,XE,2015-2022,37,4,4,3,0,10.8
TOYOTA,SUPRA,2015-2022,37,4,4,1,0,10.8
LAND ROVER,LR4,2015-2022,46,4,1,3,0,8.7
BMW,228I,2015-2022,48,4,3,4,0,8.3
MERCEDES-BENZ,S 580,2015-2022,57,4,2,3,1,7.0
LINCOLN,MKT,2015-2022,59,4,2,3,0,6.8
FORD,F-550,2015-2022,60,4,4,0,0,6.7
TOYOTA,SEQUOIA,2015-2022,62,4,2,4,0,6.5
CADILLAC,CT6,2015-2022,64,4,4,2,1,6.2
MINI,COUNTRYMAN,2015-2022,67,4,3,1,0,6.0
HYUNDAI,ELANTRA HYBRID,2015-2022,68,4,3,3,0,5.9
MERCEDES-BENZ,GLS 450,2015-2022,69,4,4,1,0,5.8
VOLKSWAGEN,GOLF ALLTRACK,2015-2022,99,4,1,3,0,4.0
GMC,YUKON DENALI,2015-2022,108,4,4,3,0,3.7
BMW,528I,2015-2022,124,4,2,3,0,3.2
BUICK,VERANO,2015-2022,126,4,4,2,0,3.2
LAND ROVER,DEFENDER,2015-2022,163,4,3,2,0,2.5
AUDI,Q8,2015-2022,168,4,3,2,0,2.4
HYUNDAI,SANTA CRUZ,2015-2022,179,4,4,3,0,2.2
FIAT,500X,2015-2022,187,4,4,2,0,2.1
VOLKSWAGEN,TAOS,2015-2022,311,4,4,1,0,1.3
ASTON MARTIN,V8 VANTAGE S,2015-2022,4,3,3,3,0,75.0
WESTERN STAR,4700,2015-2022,5,3,2,1,1,60.0
KYMCO,K-PIPE,2015-2022,5,3,3,2,0,60.0
LEXUS,LS500,2015-2022,8,3,3,1,0,37.5
MERCEDES-BENZ,EQS 450+,2015-2022,8,3,3,2,0,37.5
BMW,I4,2015-2022,9,3,3,1,0,33.3
MAZDA,MAZDA5,2015-2022,11,3,3,1,0,27.3
WINNEBAGO,MICRO MINNIE,2015-2022,11,3,0,3,0,27.3
HARLEY-DAVIDSON,FLTRX,2015-2022,12,3,1,3,0,25.0
NISSAN,370Z,2015-2022,14,3,3,3,0,21.4
TOYOTA,LAND CRUISER,2015-2022,15,3,2,1,0,20.0
BMW,440I,2015-2022,16,3,3,2,0,18.8
INDIAN,SCOUT,2015-2022,18,3,3,2,0,16.7
VOLVO,V90CC,2015-2022,18,3,1,3,0,16.7
MERCEDES-BENZ,GLC,2015-2022,19,3,3,2,0,15.8
NISSAN,REDUNDANT NV200,2015-2022,20,3,1,3,0,15.0
BMW,Z4,2015-2022,21,3,3,1,0,14.3
HARLEY-DAVIDSON,FLHX,2015-2022,21,3,3,3,0,14.3
BMW,X2,2015-2022,21,3,3,2,0,14.3
CHRYSLER,300C,2015-2022,23,3,3,0,0,13.0
HYUNDAI,IONIQ ELECTRIC,2015-2022,24,3,3,1,0,12.5
HONDA,CIVIC TYPE R,2015-2022,24,3,3,1,0,12.5
NISSAN,NV200,2015-2022,26,3,3,2,0,11.5
LINCOLN,AVIATOR PHEV,2015-2022,27,3,2,1,0,11.1
BMW,R1200 GS,2015-2022,29,3,3,2,0,10.3
PORSCHE,PANAMERA,2015-2022,29,3,3,2,0,10.3
BMW,IX,2015-2022,29,3,3,0,0,10.3
MERCEDES-BENZ,GL450,2015-2022,32,3,2,1,0,9.4
RAM,4500,2015-2022,34,3,3,1,0,8.8
HARLEY-DAVIDSON,FLTRXS,2015-2022,41,3,3,2,0,7.3
MINI,COOPER S,2015-2022,43,3,3,2,0,7.0
MERCEDES-BENZ,E 450,2015-2022,43,3,1,3,0,7.0
NISSAN,NV,2015-2022,44,3,2,2,0,6.8
FORD,F-550 SD,2015-2022,45,3,2,2,0,6.7
VOLVO,V60,2015-2022,49,3,2,2,0,6.1
KENWORTH,T680,2015-2022,52,3,2,1,0,5.8
CAN-AM,SPYDER RT,2015-2022,52,3,1,3,1,5.8
TOYOTA,SIENNA HYBRID,2015-2022,61,3,1,3,0,4.9
AUDI,S5,2015-2022,62,3,2,1,0,4.8
AUDI,A8,2015-2022,72,3,3,1,0,4.2
MERCEDES-BENZ,A 220,2015-2022,77,3,2,3,0,3.9
FORD,E-450,2015-2022,84,3,2,1,0,3.6
INFINITI,QX80,2015-2022,92,3,3,3,0,3.3
GMC,YUKON DENALI XL,2015-2022,100,3,2,1,0,3.0
FORD,ESCAPE PHEV,2015-2022,101,3,2,2,0,3.0
GRAND DESIGN,REFLECTION,2015-2022,132,3,1,2,0,2.3
JAGUAR,I-PACE,2015-2022,205,3,3,0,0,1.5
POLESTAR,POLESTAR 2,2015-2022,452,3,3,0,0,0.7
MERCEDES-BENZ,E63,2015-2022,2,2,2,1,1,100.0
TRIUMPH,SPEED TRIPLE RR,2015-2022,2,2,2,2,0,100.0
KENWORTH,W900,2015-2022,3,2,2,1,0,66.7
MERCEDES-BENZ,GLE550E,2015-2022,4,2,2,0,0,50.0
MERCEDES-BENZ,AMG EQS,2015-2022,4,2,1,1,0,50.0
ALLIANCE RV,VALOR,2015-2022,4,2,0,2,0,50.0
HARLEY-DAVIDSON,XG750A,2015-2022,5,2,2,2,0,40.0
ISUZU,NPR,2015-2022,5,2,2,0,0,40.0
FOREST RIVER,AVENGER,2015-2022,5,2,1,1,0,40.0
MERCEDES-BENZ,GLS580,2015-2022,5,2,1,2,0,40.0
AUDI,Q4 E-TRON SPORTBACK,2015-2022,5,2,2,1,0,40.0
SCION,XB,2015-2022,6,2,2,1,0,33.3
RIVIAN,R1S,2015-2022,6,2,2,2,0,33.3
HARLEY-DAVIDSON,XL883N,2015-2022,7,2,2,2,0,28.6
KENWORTH,T880,2015-2022,7,2,2,0,0,28.6
LEXUS,NX HYBRID,2015-2022,8,2,2,0,0,25.0
INFINITI,Q40,2015-2022,8,2,1,1,0,25.0
SUZUKI,GSX-R1000,2015-2022,8,2,2,2,0,25.0
LEXUS,UX HYBRID,2015-2022,8,2,2,0,0,25.0
INDIAN,CHIEFTAIN,2015-2022,9,2,2,2,0,22.2
FERRARI,488 GTB,2015-2022,9,2,2,2,0,22.2
SONDORS,METACYCLE,2015-2022,9,2,2,2,0,22.2
HONDA,CRF1000D,2015-2022,10,2,1,2,0,20.0
MERCEDES-BENZ,ML250,2015-2022,10,2,2,2,0,20.0
MERCEDES-BENZ,AMG S63,2015-2022,10,2,2,1,0,20.0
JAYCO,GREYHAWK,2015-2022,11,2,0,2,0,18.2
INTERNATIONAL,LT,2015-2022,11,2,1,2,0,18.2
HONDA,CRF1100,2015-2022,11,2,2,0,0,18.2
BMW,640I,2015-2022,12,2,2,1,0,16.7
MERCEDES-BENZ,C250,2015-2022,13,2,2,2,0,15.4
VOLVO,S80,2015-2022,13,2,1,1,0,15.4
HARLEY-DAVIDSON,FLRT,2015-2022,13,2,1,2,0,15.4
LEXUS,NX200,2015-2022,14,2,1,2,0,14.3
CHEVROLET,CAPTIVA,2015-2022,14,2,1,2,0,14.3
TOYOTA,86,2015-2022,14,2,2,1,0,14.3
MERCEDES-BENZ,GLS 450 4MATIC,2015-2022,14,2,2,0,0,14.3
PETERBILT,389,2015-2022,16,2,1,0,1,12.5
POLARIS,SPORTSMAN 1000XP,2015-2022,16,2,0,2,0,12.5
MERCEDES-BENZ,AMG E53,2015-2022,16,2,2,1,0,12.5
BMW,328XI,2015-2022,18,2,1,2,0,11.1
INFINITI,Q70,2015-2022,18,2,1,1,0,11.1
MERCEDES-BENZ,S550 4MATIC,2015-2022,19,2,2,1,0,10.5
PORSCHE,MACAN S,2015-2022,20,2,2,2,0,10.0
CHEVROLET,SPARK EV,2015-2022,21,2,2,1,0,9.5
ENTEGRA,ASPIRE,2015-2022,21,2,2,0,0,9.5
THOR MOTOR COACH,OUTLAW,2015-2022,21,2,1,1,0,9.5
TOYOTA,GR86,2015-2022,21,2,1,1,0,9.5
TOYOTA,AVALON HYBRID,2015-2022,22,2,2,1,0,9.1
WINNEBAGO,TRAVATO,2015-2022,23,2,1,1,0,8.7
LEXUS,GS 350,2015-2022,23,2,2,1,0,8.7
BMW,330E,2015-2022,23,2,1,2,0,8.7
AUDI,Q5 SPORTBACK,2015-2022,23,2,1,2,0,8.7
FLEETWOOD,BOUNDER,2015-2022,25,2,1,1,0,8.0
LEXUS,NX300,2015-2022,25,2,2,2,0,8.0
FOREST RIVER,VENGEANCE,2015-2022,26,2,0,2,0,7.7
GMC,SAVANA,2015-2022,26,2,2,0,0,7.7
MERCEDES-BENZ,SPRINTER 1500,2015-2022,26,2,2,0,0,7.7
MERCEDES-BENZ,EQS 450,2015-2022,26,2,2,1,0,7.7
SUBARU,BRZ,2015-2022,27,2,2,0,0,7.4
MASERATI,LEVANTE,2015-2022,27,2,2,1,0,7.4
HYUNDAI,SANTA FE PLUG-IN HYBRID,2015-2022,27,2,2,0,0,7.4
MERCEDES-BENZ,E 350,2015-2022,29,2,0,2,0,6.9
BMW,740I,2015-2022,31,2,1,1,0,6.5
HONDA,CLARITY ELECTRIC,2015-2022,31,2,2,0,0,6.5
VOLVO,S90,2015-2022,32,2,2,1,0,6.2
JAGUAR,XF,2015-2022,33,2,2,1,0,6.1
LEXUS,GX,2015-2022,33,2,2,1,0,6.1
KEYSTONE,KEYSTONE,2015-2022,33,2,0,2,0,6.1
CHRYSLER,VOYAGER,2015-2022,33,2,2,1,0,6.1
FOREST RIVER,FLAGSTAFF,2015-2022,38,2,1,2,0,5.3
LINCOLN,MKZ HYBRID,2015-2022,39,2,2,2,0,5.1
HARLEY-DAVIDSON,FLHTK,2015-2022,40,2,2,2,0,5.0
KTM,790 ADVENTURE R,2015-2022,44,2,1,1,0,4.5
FOREST RIVER,SHASTA,2015-2022,49,2,0,2,0,4.1
FOREST RIVER,WILDWOOD,2015-2022,52,2,0,2,0,3.8
CHEVROLET,CHEVEROLET SS,2015-2022,52,2,1,1,0,3.8
VOLKSWAGEN,E-GOLF,2015-2022,53,2,0,2,0,3.8
CADILLAC,XT4,2015-2022,53,2,2,0,0,3.8
TOYOTA,HIGHLANDER HYBRID,2015-2022,54,2,1,1,0,3.7
HYUNDAI,SANTA FE HYBRID,2015-2022,57,2,2,0,0,3.5
VOLKSWAGEN,CC,2015-2022,60,2,2,2,0,3.3
KIA,K900,2015-2022,68,2,1,1,0,2.9
AUDI,A7,2015-2022,75,2,1,2,0,2.7
RAM,PROMASTER CITY,2015-2022,100,2,2,1,0,2.0
FOREST RIVER,CHEROKEE,2015-2022,129,2,2,0,0,1.6
MERCEDES-BENZ,METRIS,2015-2022,209,2,1,1,0,1.0
HARLEY-DAVIDSON,FLHXI,2015-2022,1,1,1,0,0,100.0
RZR,900,2015-2022,1,1,1,1,0,100.0
TRIUMPH,THRUXTON ACE,2015-2022,1,1,1,1,0,100.0
HONDA,VT1300,2015-2022,1,1,1,1,0,100.0
ROKETA,YOUNGFU,2015-2022,1,1,1,1,0,100.0
NEW FLYER,XT40,2015-2022,1,1,0,1,0,100.0
BMW,750LXI,2015-2022,1,1,1,0,0,100.0
ICEBEAR,PST300-19,2015-2022,1,1,1,1,0,100.0
YAMAHA,YZFR1S,2015-2022,1,1,1,1,0,100.0
BMW,428XI,2015-2022,1,1,1,1,0,100.0
TAOTAO,ATM50-A,2015-2022,1,1,1,1,0,100.0
APRILIA,SHIVER 750,2015-2022,1,1,1,1,0,100.0
YAMAHA,YZF-R6C,2015-2022,1,1,1,1,0,100.0
SCION,IQ,2015-2022,1,1,1,0,0,100.0
NEW FLYER,XD60,2015-2022,1,1,1,0,0,100.0
MCLAREN,MP4-12C SPIDER,2015-2022,1,1,1,1,0,100.0
FREIGHTLINER,1085D,2015-2022,1,1,1,0,0,100.0
TAOTAO,RACER50,2015-2022,1,1,0,1,0,100.0
ISUZU,NRR,2015-2022,1,1,1,0,1,100.0
JAYCO TRAVEL TRAILER,HUMMINGBIRD,2015-2022,1,1,1,0,0,100.0
MERCEDES-BENZ,C 250 D,2015-2022,1,1,1,1,0,100.0
IRONBULL,DDG22,2015-2022,1,1,1,0,0,100.0
HARLEY-DAVIDSON,FLS,2015-2022,1,1,0,1,0,100.0
CAN-AM,DEFENDER,2015-2022,1,1,1,0,0,100.0
TRIUMPH,SCRAMBLER,2015-2022,1,1,0,1,0,100.0
IRONBULL,NORSTAR TRAILER,2015-2022,1,1,1,1,0,100.0
ROYAL ENFIELD,BULLET ELECTRA EFI,2015-2022,1,1,0,1,0,100.0
DUCATI,PANIGALE R,2015-2022,1,1,1,1,0,100.0
HARLEY-DAVIDSON,FLSTN,2015-2022,1,1,1,1,0,100.0
YAMAHA,YZ250F,2015-2022,1,1,1,0,0,100.0
TRIUMPH,TIGER 1200 XRX,2015-2022,1,1,1,1,0,100.0
MAC TRAILERS,DUMP TRAILER,2015-2022,1,1,1,0,0,100.0
INTERNATIONAL,DURASTAR,2015-2022,1,1,1,1,0,100.0
KENWORTH,T270,2015-2022,1,1,1,0,1,100.0
HARLEY-DAVIDSON,FLSL,2015-2022,1,1,0,1,0,100.0
POLARIS,SLINGSHOT S,2015-2022,1,1,1,1,0,100.0
INNOVATIVE SPECIALTIES,INNOVATIVE SPECIALTIES,2015-2022,1,1,1,0,0,100.0
CHEVROLET,ONIX,2015-2022,1,1,1,1,0,100.0
LEXUS,NX350H,2015-2022,1,1,1,0,0,100.0
SUZUKI,GSX-S1000GT,2015-2022,1,1,1,1,0,100.0
HONDA,ADV150,2015-2022,1,1,0,1,0,100.0
T.A. PELSUE COMPANY,TRADESMAN FIBERLITE XL,2015-2022,1,1,1,0,0,100.0
CHRYSLER,300 AWD,2015-2022,1,1,1,1,0,100.0
HME,RAM 5500,2015-2022,1,1,1,0,0,100.0
ICON EV,I20,2015-2022,1,1,0,1,0,100.0
VMI OFFROAD,XTENDER COMPASS,2015-2022,1,1,1,0,0,100.0
INTERNATIONAL,WORKSTAR,2015-2022,1,1,1,0,0,100.0
ICE CASTLE,FISH HOUSE,2015-2022,1,1,1,0,0,100.0
MERCEDES-BENZ,AMG EQS 53,2015-2022,1,1,1,0,0,100.0
LAND ROVER,RANGE ROVER PHEV,2015-2022,1,1,1,0,0,100.0
MERCEDES-BENZ,SL 550,2015-2022,1,1,1,1,0,100.0
BUBBLE BUDDY,BUBBLE BUDDY,2015-2022,1,1,1,0,0,100.0
GREAT DANE,REEFER,2015-2022,1,1,0,1,0,100.0
VOLVO,780,2015-2022,2,1,1,1,0,50.0
BMW,F800 GS,2015-2022,2,1,1,1,0,50.0
BIG TEX,25GN,2015-2022,2,1,1,1,1,50.0
POLARIS,SPORTSMAN,2015-2022,2,1,1,1,0,50.0
LEXUS,RC 300,2015-2022,2,1,1,0,0,50.0
ZERO,SR,2015-2022,2,1,1,0,0,50.0
HONDA,CRF250L,2015-2022,2,1,1,1,0,50.0
TRIUMPH,BONNEVILLE T120 BLACK,2015-2022,2,1,1,0,1,50.0
LEXUS,GS HYBRID,2015-2022,2,1,1,0,0,50.0
KEYSTONE,IMPACT,2015-2022,2,1,0,1,0,50.0
CHEVROLET,LOW CAB FORWARD 3500,2015-2022,2,1,1,0,0,50.0
SUBARU,IMPREZA WRX,2015-2022,2,1,0,1,0,50.0
HARLEY-DAVIDSON,XL1200CX,2015-2022,2,1,0,1,0,50.0
LEXUS,IS F,2015-2022,2,1,1,1,0,50.0
KENWORTH,T800,2015-2022,2,1,1,1,0,50.0
KAWASAKI,KLX230,2015-2022,2,1,1,0,0,50.0
MIRAGE,CARGO TRAILERS,2015-2022,2,1,1,0,0,50.0
YONGFU,SOLANA,2015-2022,2,1,0,1,1,50.0
WINNEBAGO,HORIZON,2015-2022,2,1,1,0,0,50.0
TOYOTA,COROLLA HYBRID,2015-2022,2,1,0,1,0,50.0
HONDA,NAVI,2015-2022,2,1,1,0,0,50.0
KAWASAKI,NINJA 400,2015-2022,2,1,1,0,0,50.0
AUDI,Q4 E-TRON,2015-2022,2,1,1,0,0,50.0
MERCEDES-BENZ,AMG A35,2015-2022,2,1,1,0,0,50.0
RAM,3500 CAB CHASSIS,2015-2022,2,1,1,0,0,50.0
THOR MOTOR COACH,QUANTUM,2015-2022,3,1,0,1,0,33.3
MINI,JCW,2015-2022,3,1,1,0,0,33.3
DUTCHMEN,ASPEN TRAIL,2015-2022,3,1,0,1,0,33.3
VICTORY,MAGNUM,2015-2022,3,1,1,1,0,33.3
MACK,GRANITE (GU),2015-2022,3,1,1,1,0,33.3
HARLEY-DAVIDSON,FLSS,2015-2022,3,1,1,1,0,33.3
BLUE BIRD,CONVENTIONAL,2015-2022,3,1,1,1,1,33.3
MERCEDES-BENZ,GLE 550 E,2015-2022,3,1,1,0,0,33.3
HARLEY-DAVIDSON,FLFB,2015-2022,3,1,1,1,0,33.3
HYUNDAI TRANSLEAD,VAN TRAILER,2015-2022,3,1,1,1,0,33.3
PIERCE,SABER,2015-2022,3,1,0,1,0,33.3
NORTH CENTRAL EMERGENCY,FORD E-350,2015-2022,3,1,1,0,0,33.3
AUDI,R8,2015-2022,3,1,1,1,1,33.3
INTERNATIONAL MOTORS,CHEVY SILVERADO MEDIUM DUTY,2015-2022,3,1,1,1,0,33.3
HONDA,CLARITY,2015-2022,3,1,1,0,0,33.3
ESCAPE,ESCAPE,2015-2022,3,1,0,1,0,33.3
INTERNATIONAL,MV,2015-2022,3,1,0,0,1,33.3
CAN-AM,SPYDER F3-S,2015-2022,3,1,1,0,0,33.3
MERCEDES-BENZ,ML400,2015-2022,4,1,1,0,1,25.0
AIRSTREAM,INTERNATIONAL,2015-2022,4,1,1,0,0,25.0
KAWASAKI,VULCAN 900,2015-2022,4,1,1,0,0,25.0
HONDA,CTX700,2015-2022,4,1,1,1,0,25.0
ZERO,FX,2015-2022,4,1,0,1,0,25.0
INFINITI,Q50 HYBRID,2015-2022,4,1,1,1,0,25.0
FOREST RIVER,CLIPPER CAMPING TRAILER,2015-2022,4,1,0,1,0,25.0
OUTDOORS RV,GLACIER PEAK,2015-2022,4,1,0,1,0,25.0
HARLEY-DAVIDSON,FXSB,2015-2022,4,1,1,0,0,25.0
HONDA,CBR1000RR,2015-2022,4,1,1,0,1,25.0
BENTLEY,CONTINENTAL GT,2015-2022,4,1,1,0,0,25.0
WESTERN STAR,5700,2015-2022,4,1,0,1,0,25.0
FREIGHTLINER,SPRINTER 3500,2015-2022,4,1,1,0,0,25.0
HARLEY-DAVIDSON,FXDLS,2015-2022,4,1,1,1,0,25.0
FOREST RIVER,OZARK,2015-2022,4,1,1,0,0,25.0
BMW,M8,2015-2022,4,1,1,1,0,25.0
BMW,M440I,2015-2022,4,1,1,1,0,25.0
EZ LOADER,T102,2015-2022,4,1,1,0,0,25.0
INTERNATIONAL,LF687,2015-2022,4,1,1,0,1,25.0
MERCEDES-BENZ,AMG SL55,2015-2022,4,1,0,1,0,25.0
GMC,SIERRA HD,2015-2022,5,1,1,1,0,20.0
INDIAN,SPRINGFIELD,2015-2022,5,1,0,1,0,20.0
TOYOTA,PRIUS PLUG-IN HYBRID,2015-2022,5,1,1,0,0,20.0
CHEVROLET,TAHOE POLICE PURSUIT,2015-2022,5,1,1,0,0,20.0
FLEETWOOD,SOUTHWIND,2015-2022,5,1,1,0,0,20.0
THOMAS BUILT BUSES,SAF-T-LINER C2,2015-2022,5,1,1,1,0,20.0
VICTORY,CROSS COUNTRY TOUR,2015-2022,5,1,1,1,0,20.0
COACHMEN,CLIPPER,2015-2022,5,1,1,0,0,20.0
CHEVROLET,S10,2015-2022,5,1,0,1,0,20.0
HARLEY-DAVIDSON,FXLRS,2015-2022,5,1,0,0,1,20.0
LEXUS,UX200,2015-2022,5,1,1,0,0,20.0
FOREST RIVER,AMERA-LITE,2015-2022,6,1,1,0,0,16.7
KZRV,DURANGO,2015-2022,6,1,0,1,0,16.7
MERCEDES-BENZ,GLE400,2015-2022,6,1,1,0,0,16.7
DUTCHMEN,VOLTAGE,2015-2022,6,1,1,0,0,16.7
INDIAN,CHIEF DARK HORSE,2015-2022,6,1,1,1,0,16.7
BMW,G310R,2015-2022,6,1,1,0,0,16.7
MACK,ANTHEM (AN),2015-2022,6,1,1,0,0,16.7
VOLKSWAGEN,TIGUAN LIMITED,2015-2022,6,1,0,1,0,16.7
FLEETWOOD,FORTIS,2015-2022,6,1,1,0,0,16.7
APRILIA,RS 660,2015-2022,6,1,1,1,0,16.7
MERCEDES-BENZ,EQS 580,2015-2022,6,1,0,1,0,16.7
MERCEDES BENZ,REDUNDANT S550E,2015-2022,7,1,1,0,0,14.3
AUDI,ALLROAD,2015-2022,7,1,1,0,0,14.3
HONDA,CR-Z,2015-2022,7,1,1,1,0,14.3
INDIAN,CHIEF VINTAGE,2015-2022,7,1,1,0,0,14.3
FORD,ECONOLINE,2015-2022,7,1,1,1,0,14.3
LEXUS,CT HYBRID,2015-2022,7,1,1,0,0,14.3
LEXUS,LS460,2015-2022,7,1,0,1,0,14.3
HOLIDAY RAMBLER,ENDEAVOR,2015-2022,7,1,0,1,0,14.3
ACURA,NSX,2015-2022,7,1,1,0,0,14.3
FLEETWOOD,PACE ARROW,2015-2022,7,1,1,0,0,14.3
YAMAHA,XV1900,2015-2022,7,1,0,1,0,14.3
BMW,850I,2015-2022,7,1,1,0,0,14.3
MERCEDES-BENZ,AMG GLS63,2015-2022,7,1,0,1,0,14.3
MERCEDES-BENZ,AMG CLA35,2015-2022,7,1,1,1,0,14.3
YAMAHA,YZF-R1,2015-2022,8,1,0,1,0,12.5
PIERCE,ARROW XT,2015-2022,8,1,0,1,0,12.5
MERCEDES-BENZ,GLE,2015-2022,8,1,1,0,0,12.5
MERCEDES-BENZ,AMG E63S,2015-2022,8,1,0,1,0,12.5
MERCEDES-BENZ,AMG GLE63,2015-2022,8,1,1,0,0,12.5
MERCEDES-BENZ,AMG GLC63,2015-2022,8,1,0,1,0,12.5
MERCEDES-BENZ,SPRINTER (VS30),2015-2022,8,1,1,0,0,12.5
MERCEDES-BENZ,GLC 350,2015-2022,8,1,1,0,0,12.5
HARLEY-DAVIDSON,FLHTKSE,2015-2022,9,1,1,1,0,11.1
WINNEBAGO,ERA,2015-2022,9,1,0,1,0,11.1
HONDA,CB300F,2015-2022,9,1,0,1,0,11.1
MERCEDES-BENZ,GLE300D,2015-2022,9,1,1,0,0,11.1
SUBARU,WRX STI,2015-2022,9,1,1,1,0,11.1
FORD,POLICE INTERCEPTOR UTILIT,2015-2022,9,1,1,1,0,11.1
LEXUS,IS 350,2015-2022,9,1,0,1,0,11.1
HARLEY-DAVIDSON,FXFBS,2015-2022,9,1,1,1,0,11.1
KEYSTONE,HIDEOUT,2015-2022,9,1,1,0,0,11.1
INDIAN,SCOUT BOBBER,2015-2022,9,1,1,1,0,11.1
YAMAHA,FJ-09,2015-2022,10,1,1,0,0,10.0
THOR,PALAZZO,2015-2022,10,1,0,1,0,10.0
HARLEY-DAVIDSON,FLHXSE,2015-2022,10,1,1,0,0,10.0
THOR MOTOR COACH,ARIA,2015-2022,10,1,1,0,0,10.0
HARLEY-DAVIDSON,FLDE,2015-2022,10,1,0,1,0,10.0
CFMOTO,CF700,2015-2022,10,1,1,1,0,10.0
MASERATI,QUATTROPORTE,2015-2022,11,1,1,0,0,9.1
MERCEDES-BENZ,AMG C63,2015-2022,11,1,1,0,0,9.1
HONDA,CBR300R,2015-2022,11,1,1,1,0,9.1
CHEVROLET,CITY EXPRESS,2015-2022,11,1,1,1,0,9.1
MERCEDES-BENZ,SPRINTER 4500,2015-2022,11,1,1,0,0,9.1
LEXUS,RC,2015-2022,11,1,1,0,0,9.1
MERCEDES-BENZ,GL350,2015-2022,12,1,1,0,0,8.3
THOR MOTOR COACH,CHATEAU,2015-2022,12,1,0,1,0,8.3
SCION,IM,2015-2022,12,1,1,1,0,8.3
BMW,K 1600 GT,2015-2022,12,1,0,1,0,8.3
BENTLEY,BENTAYGA,2015-2022,12,1,1,1,0,8.3
LEXUS,GS,2015-2022,12,1,1,1,0,8.3
HARLEY-DAVIDSON,FLHR,2015-2022,13,1,1,1,0,7.7
RAM,PROMASTER 3500,2015-2022,13,1,1,0,0,7.7
TIFFIN,WAYFARER,2015-2022,13,1,0,1,0,7.7
WINNEBAGO,VISTA,2015-2022,14,1,0,1,0,7.1
THOR MOTOR COACH,HURRICANE,2015-2022,14,1,1,0,0,7.1
MERCEDES BENZ,SPRINTER 2500,2015-2022,14,1,1,0,0,7.1
BMW,S 1000 RR,2015-2022,14,1,0,1,0,7.1
LEXUS,RC 350,2015-2022,14,1,1,1,0,7.1
MINI,COOPER CONVERTIBLE,2015-2022,14,1,0,1,0,7.1
JAYCO TRAVEL TRAILER,JAY FEATHER,2015-2022,14,1,1,0,0,7.1
BMW,340I,2015-2022,14,1,1,1,0,7.1
FOREST RIVER,SANDPIPER,2015-2022,14,1,1,0,0,7.1
MERCEDES-BENZ,S 450,2015-2022,14,1,1,0,0,7.1
MERCEDES-BENZ,G 550,2015-2022,14,1,1,1,0,7.1
HONDA,CRF1100D4,2015-2022,14,1,1,0,0,7.1
FIAT,500E,2015-2022,15,1,1,1,0,6.7
KEYSTONE,FUZION,2015-2022,15,1,1,0,0,6.7
HEARTLAND,MALLARD,2015-2022,15,1,1,0,0,6.7
VOLKSWAGEN,GOLF SPORTSWAGEN,2015-2022,15,1,1,0,0,6.7
FREIGHTLINER,M2,2015-2022,15,1,1,0,0,6.7
INFINITI,QX70,2015-2022,16,1,1,1,0,6.2
KTM,1290 SUPER DUKE R,2015-2022,16,1,1,1,1,6.2
FOREST RIVER,BERKSHIRE,2015-2022,16,1,0,1,0,6.2
PORSCHE,718 CAYMAN,2015-2022,16,1,0,1,0,6.2
CHEVROLET,3500,2015-2022,16,1,1,0,0,6.2
FORD,E-150,2015-2022,17,1,0,1,0,5.9
FREIGHTLINER,BUSINESS CLASS M2,2015-2022,17,1,1,0,1,5.9
THOR MOTOR COACH,FOUR WINDS,2015-2022,17,1,0,1,0,5.9
SCION,FR-S,2015-2022,17,1,1,0,0,5.9
LEXUS,IS 250,2015-2022,17,1,1,0,0,5.9
HONDA,CRF1000A,2015-2022,17,1,1,0,0,5.9
MITSUBISHI,OUTLANDER PHEV,2015-2022,17,1,1,0,0,5.9
FREIGHTLINER,SPRINTER 2500,2015-2022,17,1,1,0,0,5.9
CADILLAC,ESCALADE NA,2015-2022,17,1,1,0,0,5.9
WINNEBAGO,REVEL,2015-2022,17,1,1,0,0,5.9
HYUNDAI,EQUUS,2015-2022,18,1,0,1,0,5.6
MERCEDES-BENZ,AMG GLA45,2015-2022,18,1,1,0,0,5.6
GMC,DENALI,2015-2022,18,1,1,1,0,5.6
JAYCO FIFTH WHEEL,EAGLE,2015-2022,19,1,1,1,0,5.3
BMW,750I,2015-2022,19,1,0,1,0,5.3
KIA,NIRO HYBRID,2015-2022,19,1,0,1,0,5.3
NISSAN,NV3500,2015-2022,19,1,0,1,0,5.3
AUDI,A6 ALLROAD,2015-2022,19,1,0,1,0,5.3
LINCOLN,MKS,2015-2022,20,1,0,1,0,5.0
INDIAN,ROADMASTER,2015-2022,21,1,1,0,0,4.8
MERCEDES-BENZ,E 400,2015-2022,21,1,1,0,0,4.8
NEWMAR,NEW AIRE,2015-2022,21,1,1,0,0,4.8
NISSAN,REDUNDANT ALTIMA,2015-2022,21,1,1,1,0,4.8
CADILLAC,CT4,2015-2022,21,1,1,1,0,4.8
MERCEDES-BENZ,S 500,2015-2022,21,1,0,1,0,4.8
TIFFIN,PHAETON,2015-2022,22,1,1,0,0,4.5
VOLVO,V60CC,2015-2022,22,1,1,1,0,4.5
KIA,SORENTO PHEV,2015-2022,22,1,1,0,0,4.5
HYUNDAI,GENESIS COUPE,2015-2022,23,1,1,1,0,4.3
MERCEDES-BENZ,CLS 450,2015-2022,23,1,1,1,0,4.3
ACURA,MDX TYPE S,2015-2022,23,1,1,1,0,4.3
FORD,FOCUS ELECTRIC,2015-2022,24,1,1,1,0,4.2
FOREST RIVER,CEDAR CREEK,2015-2022,24,1,1,0,0,4.2
FOREST RIVER,XLR TOYHAULER,2015-2022,24,1,0,1,0,4.2
JAGUAR,E-PACE,2015-2022,24,1,1,1,0,4.2
JAYCO TRAVEL TRAILER,WHITE HAWK,2015-2022,25,1,0,1,0,4.0
HYUNDAI,SANTA FE XL,2015-2022,25,1,1,0,0,4.0
NISSAN,REDUNDANT ROGUE,2015-2022,25,1,0,1,0,4.0
BMW,435I,2015-2022,26,1,1,1,0,3.8
HONDA,CROSSTOUR,2015-2022,26,1,1,1,0,3.8
FOREST RIVER,PUMA,2015-2022,26,1,0,1,1,3.8
CHEVROLET,BOLT EUV,2015-2022,26,1,1,0,0,3.8
ACURA,RLX,2015-2022,27,1,1,1,0,3.7
AUDI,S7,2015-2022,27,1,0,1,0,3.7
JAYCO FIFTH WHEEL,PINNACLE,2015-2022,27,1,1,0,0,3.7
LEXUS,LS,2015-2022,27,1,1,1,0,3.7
VOLKSWAGEN,ARTEON,2015-2022,28,1,1,0,0,3.6
FORD,F53,2015-2022,29,1,0,1,0,3.4
RAM,PROMASTER 2500,2015-2022,30,1,1,1,0,3.3
MERCEDES-BENZ,AMG GLC43,2015-2022,30,1,1,1,0,3.3
PETERBILT,579,2015-2022,31,1,1,0,0,3.2
NISSAN,QUEST,2015-2022,31,1,0,1,0,3.2
LINCOLN,CORSAIR PHEV,2015-2022,31,1,1,1,0,3.2
JAGUAR,F-TYPE,2015-2022,32,1,1,1,0,3.1
KEYSTONE,ALPINE,2015-2022,33,1,1,0,0,3.0
KIA,OPTIMA PHEV,2015-2022,33,1,1,0,0,3.0
SHASTA,AIRFLYTE,2015-2022,34,1,1,0,0,2.9
BMW,535I,2015-2022,35,1,1,0,0,2.9
LEXUS,IS,2015-2022,35,1,1,0,0,2.9
FOREST RIVER,GEORGETOWN,2015-2022,38,1,0,1,0,2.6
AUDI,S6,2015-2022,39,1,1,0,0,2.6
KEYSTONE,MONTANA,2015-2022,40,1,0,1,0,2.5
AUDI,Q5 E,2015-2022,41,1,0,1,0,2.4
JAYCO,PRECEPT,2015-2022,42,1,0,1,0,2.4
KIA,OPTIMA HYBRID,2015-2022,45,1,1,1,0,2.2
BMW,M4,2015-2022,46,1,0,1,0,2.2
WINNEBAGO,VIEW,2015-2022,47,1,1,0,0,2.1
FOREST RIVER,R-POD,2015-2022,48,1,1,0,0,2.1
BUICK,CASCADA,2015-2022,52,1,1,1,0,1.9
MERCEDES-BENZ,GLE 450,2015-2022,55,1,1,0,0,1.8
KIA,NIRO PHEV,2015-2022,57,1,1,0,0,1.8
MERCEDES-BENZ,AMG C43,2015-2022,58,1,1,0,0,1.7
JEEP,GRAND WAGONEER,2015-2022,58,1,1,1,0,1.7
HYUNDAI,VELOSTER N,2015-2022,60,1,1,0,1,1.7
FORD,F-53,2015-2022,64,1,0,1,0,1.6
FIAT,124 SPIDER,2015-2022,65,1,1,0,0,1.5
CADILLAC,XT6,2015-2022,69,1,1,1,0,1.4
CHONGQING HUANSONG,750,2015-2022,83,1,1,1,0,1.2
AUDI,S3,2015-2022,86,1,1,1,0,1.2
VOLKSWAGEN,TOUAREG,2015-2022,92,1,0,1,0,1.1
HONDA,CIVIC SI,2015-2022,94,1,1,1,0,1.1
HYUNDAI,ELANTRA GT,2015-2022,102,1,0,1,0,1.0
AUDI,A3 CABRIOLET,2015-2022,164,1,1,0,0,0.6
GRAND DESIGN,MOMENTUM,2015-2022,166,1,1,0,0,0.6
COACHMEN,MIRADA,2015-2022,10,0,0,0,0,0.0
YAMAHA,FZ07,2015-2022,3,0,0,0,0,0.0
CROSSROADS,SUNSET TRAIL,2015-2022,5,0,0,0,0,0.0
ALUMA,TM51-WA35EB4S6,2015-2022,1,0,0,0,0,0.0
PALOMINO,COLUMBUS,2015-2022,3,0,0,0,0,0.0
FORD,F-450 SD,2015-2022,47,0,0,0,0,0.0
GULF STREAM,INNSBRUCK,2015-2022,1,0,0,0,0,0.0
VENTURE,VBT4700,2015-2022,1,0,0,0,0,0.0
WESTERN STAR,4900,2015-2022,3,0,0,0,0,0.0
PETERBILT,388,2015-2022,3,0,0,0,0,0.0
VICTORY,HIGH BALL,2015-2022,1,0,0,0,0,0.0
BLUE BIRD,ALL AMERICAN,2015-2022,6,0,0,0,0,0.0
CHEVROLET,SILVERADO HD,2015-2022,9,0,0,0,0,0.0
BMW,K1300 S,2015-2022,2,0,0,0,0,0.0
WINNEBAGO,BRAVE,2015-2022,2,0,0,0,0,0.0
FOREST RIVER,LEGACY,2015-2022,2,0,0,0,0,0.0
THOR MOTOR COACH,AXIS,2015-2022,19,0,0,0,0,0.0
BMW,S1000 R,2015-2022,4,0,0,0,0,0.0
DUMP TRAILER,7X14X48,2015-2022,1,0,0,0,0,0.0
FIAT,500L,2015-2022,26,0,0,0,0,0.0
HEARTLAND,GATEWAY,2015-2022,5,0,0,0,0,0.0
NORTHWOOD,ARCTIC FOX,2015-2022,5,0,0,0,0,0.0
CROSSROADS,ZINGER Z-1,2015-2022,1,0,0,0,0,0.0
HOLIDAY RAMBLER,ALUMASCAPE,2015-2022,1,0,0,0,0,0.0
FOREST RIVER,SOLERA,2015-2022,5,0,0,0,0,0.0
BMW,R 1200 RT,2015-2022,3,0,0,0,0,0.0
YAMAHA,YZFR1M,2015-2022,2,0,0,0,0,0.0
FOREST RIVER,LIMITED EDITION,2015-2022,5,0,0,0,0,0.0
ALUMA,AE716TA,2015-2022,1,0,0,0,0,0.0
FOREST RIVER,CARDINAL,2015-2022,23,0,0,0,0,0.0
JAYCO,REDHAWK,2015-2022,11,0,0,0,0,0.0
KEYSTONE,RAPTOR,2015-2022,10,0,0,0,0,0.0
EZ LOADER,ADJUSTABLE ALUM TRAILER,2015-2022,3,0,0,0,0,0.0
HONDA,NC700X,2015-2022,2,0,0,0,0,0.0
HEARTLAND,CYCLONE,2015-2022,14,0,0,0,0,0.0
HIGHLAND RIDGE FW,OPEN RANGE 3X,2015-2022,2,0,0,0,0,0.0
HEARTLAND,SUNDANCE,2015-2022,5,0,0,0,0,0.0
MERCEDES-BENZ,CLS400,2015-2022,8,0,0,0,0,0.0
MERCEDES BENZ,SPRINTER 3500,2015-2022,16,0,0,0,0,0.0
BMW,S1000 RR,2015-2022,9,0,0,0,0,0.0
HEARTLAND,BIG HORN,2015-2022,6,0,0,0,0,0.0
GRAND DESIGN,MOMENTUM 385TH,2015-2022,3,0,0,0,0,0.0
MASTERCRAFT,BOAT TRAILER,2015-2022,1,0,0,0,0,0.0
ITASCA,SOLEI,2015-2022,1,0,0,0,0,0.0
TRIUMPH,ROCKET III X,2015-2022,1,0,0,0,0,0.0
FOREST RIVER,SURVEYOR,2015-2022,17,0,0,0,0,0.0
VICTORY,GUNNER,2015-2022,1,0,0,0,0,0.0
NISSAN,XTERRA,2015-2022,10,0,0,0,0,0.0
YAMAHA,FZ-09,2015-2022,13,0,0,0,0,0.0
APRILIA,CAPONORD 1200,2015-2022,1,0,0,0,0,0.0
EVERGREEN,AMPED,2015-2022,2,0,0,0,0,0.0
KTM,390 DUKE,2015-2022,7,0,0,0,0,0.0
MERCEDES BENZ,B-CLASS ELECTRIC,2015-2022,30,0,0,0,0,0.0
STARCRAFT RV TT,AR-ONE,2015-2022,2,0,0,0,0,0.0
HARLEY-DAVIDSON,FLS SOFTAIL,2015-2022,1,0,0,0,0,0.0
TRAILS WEST,CLASSIC II,2015-2022,1,0,0,0,0,0.0
HARLEY-DAVIDSON,VRSCDX,2015-2022,3,0,0,0,0,0.0
THOR MOTOR COACH,MIRAMAR,2015-2022,23,0,0,0,0,0.0
NEWMAR,DUTCH STAR,2015-2022,66,0,0,0,0,0.0
FOREST RIVER,PALOMINO,2015-2022,14,0,0,0,0,0.0
THOR MOTOR COACH,WINDSPORT,2015-2022,35,0,0,0,0,0.0
FOREST RIVER,SALEM,2015-2022,61,0,0,0,0,0.0
FOREST RIVER,FORESTER,2015-2022,21,0,0,0,0,0.0
JAYCO FIFTH WHEEL,EAGLE PREMIER,2015-2022,4,0,0,0,0,0.0
FOREST RIVER,CHARLESTON,2015-2022,1,0,0,0,0,0.0
DUCATI,MULTISTRADA,2015-2022,24,0,0,0,0,0.0
KEYSTONE,COUGAR,2015-2022,36,0,0,0,0,0.0
WINNEBAGO,ITASCA,2015-2022,6,0,0,0,0,0.0
FORD,STRIPPED CHASSIS,2015-2022,3,0,0,0,0,0.0
TRIUMPH,BONNEVILLE T100 BLACK A3,2015-2022,3,0,0,0,0,0.0
KAWASAKI,VERSYS 650,2015-2022,3,0,0,0,0,0.0
BMW,320XI,2015-2022,2,0,0,0,0,0.0
CROSSROADS,REDWOOD,2015-2022,6,0,0,0,0,0.0
FOREST RIVER,DYNAMAX,2015-2022,5,0,0,0,0,0.0
GMC,SAVANA 1500,2015-2022,2,0,0,0,0,0.0
COACHMEN,FREELANDER,2015-2022,5,0,0,0,0,0.0
INFINITI,Q70 HYBRID,2015-2022,1,0,0,0,0,0.0
LARK,CARGO TRAILER VT508SA,2015-2022,1,0,0,0,0,0.0
DUCATI,SCRAMBLER,2015-2022,20,0,0,0,0,0.0
HARLEY-DAVIDSON,FLHTKL,2015-2022,10,0,0,0,0,0.0
AIRSTREAM,INTERSTATE,2015-2022,6,0,0,0,0,0.0
HARLEY-DAVIDSON,FLHP,2015-2022,2,0,0,0,0,0.0
DRV,TOY HAULER,2015-2022,1,0,0,0,0,0.0
HYOSUNG,GV650,2015-2022,1,0,0,0,0,0.0
PACIFIC COACHWORKS,TANGO,2015-2022,4,0,0,0,0,0.0
KTM,1190 ADVENTURE,2015-2022,7,0,0,0,0,0.0
TRAILSTAR,NITRO Z7,2015-2022,1,0,0,0,0,0.0
SMART,FORTWO COUPE,2015-2022,3,0,0,0,0,0.0
MERCEDES-BENZ,GLK250,2015-2022,19,0,0,0,0,0.0
FOREST RIVER,XLR,2015-2022,7,0,0,0,0,0.0
MERCEDES-BENZ,C400,2015-2022,10,0,0,0,0,0.0
BMW,R1200 R,2015-2022,1,0,0,0,0,0.0
TUSCANY,40DX,2015-2022,1,0,0,0,0,0.0
CARRY-ON,5X10SSG,2015-2022,1,0,0,0,0,0.0
HARLEY-DAVIDSON,FLD,2015-2022,5,0,0,0,0,0.0
COACHMEN,BROOKSTONE,2015-2022,1,0,0,0,0,0.0
C&B QUALITY TRAILER WORKS,HORSE TRAILER,2015-2022,1,0,0,0,0,0.0
FOREST RIVER,BLUE RIDGE,2015-2022,8,0,0,0,0,0.0
TIFFIN,ALLEGRO,2015-2022,23,0,0,0,0,0.0
GRAND DESIGN,SOLITUDE,2015-2022,108,0,0,0,0,0.0
STARCRAFT RV TT,LAUNCH ULTRA LITE,2015-2022,1,0,0,0,0,0.0
POLARIS,RANGER 570,2015-2022,1,0,0,0,0,0.0
CARGO EXPRESS,CARGO TRAILER,2015-2022,1,0,0,0,0,0.0
THOR MOTOR COACH,CHATEAU CITATION,2015-2022,2,0,0,0,0,0.0
STARCRAFT RV FW,SOLSTICE,2015-2022,1,0,0,0,0,0.0
HARLEY-DAVIDSON,FLHTCUL,2015-2022,3,0,0,0,0,0.0
LOAD TRAIL,FLAT TRAILER 40FT,2015-2022,1,0,0,0,0,0.0
YAMAHA,YZFR1,2015-2022,4,0,0,0,0,0.0
HOLIDAY RAMBLER,AMBASSADOR,2015-2022,1,0,0,0,0,0.0
FORD,F-650 SD,2015-2022,9,0,0,0,0,0.0
YAMAHA,YZFR1MF,2015-2022,1,0,0,0,0,0.0
MERCEDES BENZ,GLC,2015-2022,5,0,0,0,0,0.0
HAULMARK,EDGE PRO,2015-2022,1,0,0,0,0,0.0
HEARTLAND,BIGHORN,2015-2022,5,0,0,0,0,0.0
LEXUS,RC F,2015-2022,12,0,0,0,0,0.0
EVERGREEN,I-GO,2015-2022,1,0,0,0,0,0.0
MERCEDES-BENZ,AMG S63 4MATIC,2015-2022,2,0,0,0,0,0.0
FORD,REDUNDANT C-MAX HYBRID,2015-2022,17,0,0,0,0,0.0
ITASCA,NAVION,2015-2022,3,0,0,0,0,0.0
HARLEY-DAVIDSON,FLTRUSE,2015-2022,4,0,0,0,0,0.0
AIRSTREAM,FLYING CLOUD,2015-2022,6,0,0,0,0,0.0
BLUECAR,SAS,2015-2022,1,0,0,0,0,0.0
BENTLEY,CONTINENTAL FLYING SPUR,2015-2022,1,0,0,0,0,0.0
NEWMAR,BAY STAR,2015-2022,23,0,0,0,0,0.0
HARLEY-DAVIDSON,XL1200X,2015-2022,2,0,0,0,0,0.0
C&M,CAR HAULER,2015-2022,1,0,0,0,0,0.0
FOREST RIVER,WILDCAT,2015-2022,9,0,0,0,0,0.0
NEWMAR,CANYON STAR,2015-2022,5,0,0,0,0,0.0
HONDA,CIVIC HYBRID,2015-2022,5,0,0,0,0,0.0
MOTO GUZZI,V7,2015-2022,1,0,0,0,0,0.0
IC,3000,2015-2022,1,0,0,0,0,0.0
GEM,E4,2015-2022,2,0,0,0,0,0.0
HOLIDAY RAMBLER,VACATIONER,2015-2022,9,0,0,0,0,0.0
EVERGREEN,BAY HILL,2015-2022,1,0,0,0,0,0.0
WINNEBAGO,31BE,2015-2022,2,0,0,0,0,0.0
AVION,AZURE,2015-2022,1,0,0,0,0,0.0
HARLEY-DAVIDSON,FLSTC,2015-2022,4,0,0,0,0,0.0
HARLEY-DAVIDSON,FLTRU,2015-2022,12,0,0,0,0,0.0
FORD,F-59,2015-2022,13,0,0,0,0,0.0
SUZUKI,AN650,2015-2022,2,0,0,0,0,0.0
BMW,C650 GT MAXI-SCOOTER,2015-2022,10,0,0,0,0,0.0
NEWMAR,LONDON AIRE,2015-2022,17,0,0,0,0,0.0
HARLEY-DAVIDSON,FLHTCU,2015-2022,14,0,0,0,0,0.0
ALLEGRO,450P,2015-2022,1,0,0,0,0,0.0
BMW,M235I,2015-2022,14,0,0,0,0,0.0
HEARTLAND,ROAD WARRIOR,2015-2022,7,0,0,0,0,0.0
SUZUKI,GSX-S750,2015-2022,2,0,0,0,0,0.0
EVERGREEN,EVER-LITE,2015-2022,1,0,0,0,0,0.0
FOREST RIVER,SUNSEEKER,2015-2022,17,0,0,0,0,0.0
EVERGREEN,TESLA,2015-2022,2,0,0,0,0,0.0
ALFA,ROMEO 4C,2015-2022,2,0,0,0,0,0.0
KEYSTONE,BULLET,2015-2022,16,0,0,0,0,0.0
FOREST RIVER,WORK AND PLAY,2015-2022,3,0,0,0,0,0.0
CHANGZHOU NANXIASHU,62647,2015-2022,2,0,0,0,0,0.0
JAYCO FIFTH WHEEL,SEISMIC,2015-2022,7,0,0,0,0,0.0
MERCEDES-BENZ,E550,2015-2022,5,0,0,0,0,0.0
MERCEDES-BENZ,G63,2015-2022,7,0,0,0,0,0.0
KEYSTONE,OUTBACK,2015-2022,11,0,0,0,0,0.0
CHEVROLET,EXPRESS 4500,2015-2022,2,0,0,0,0,0.0
MERCEDES-BENZ,C450,2015-2022,19,0,0,0,0,0.0
HYUNDAI,SONATA PLUG-IN HYBRID,2015-2022,63,0,0,0,0,0.0
BMW,740LI,2015-2022,6,0,0,0,0,0.0
JAYCO TRAVEL TRAILER,JAY FLIGHT,2015-2022,57,0,0,0,0,0.0
PACIFIC COACHWORKS,ECON 16RB,2015-2022,1,0,0,0,0,0.0
FOREST RIVER,SIERRA,2015-2022,11,0,0,0,0,0.0
CARGO MATE,ELIMINATOR,2015-2022,1,0,0,0,0,0.0
BMW,I8,2015-2022,9,0,0,0,0,0.0
EVERGREEN,SKYLINE,2015-2022,1,0,0,0,0,0.0
FOREST RIVER,FREELANDER,2015-2022,2,0,0,0,0,0.0
CROSSROADS,CRUISER,2015-2022,2,0,0,0,0,0.0
KTM,1290 SUPER ADVENTURE,2015-2022,3,0,0,0,0,0.0
BMW,G 650 GS,2015-2022,2,0,0,0,0,0.0
POLARIS,SPORTSMAN 850XP,2015-2022,1,0,0,0,0,0.0
HONDA,NPS50,2015-2022,1,0,0,0,0,0.0
KEYSTONE,MONTANA HIGH COUNTRY,2015-2022,11,0,0,0,0,0.0
BMW,750LI,2015-2022,5,0,0,0,0,0.0
PRIME TIME,SPARTAN,2015-2022,3,0,0,0,0,0.0
SHASTA,PHOENIX,2015-2022,1,0,0,0,0,0.0
KTM,690 ENDURO R,2015-2022,12,0,0,0,0,0.0
KEYSTONE,LAREDO,2015-2022,4,0,0,0,0,0.0
TAOTAO,CY50-A,2015-2022,1,0,0,0,0,0.0
BMW,R NINE T,2015-2022,2,0,0,0,0,0.0
MOBILITY WORKS,FORD E-350,2015-2022,3,0,0,0,0,0.0
HARLEY-DAVIDSON,FLSTFBS,2015-2022,2,0,0,0,0,0.0
KZRV,SPORTSMEN,2015-2022,8,0,0,0,0,0.0
THOR MOTOR COACH,CITATION,2015-2022,2,0,0,0,0,0.0
ECLIPSE,ATTITUDE,2015-2022,7,0,0,0,0,0.0
THOR MOTOR,MIRAMAR,2015-2022,7,0,0,0,0,0.0
FOREST RIVER,SANDSTORM,2015-2022,7,0,0,0,0,0.0
JAYCO TRAVEL TRAILER,OCTANE SUPER LITE,2015-2022,2,0,0,0,0,0.0
OPEN RANGE,3X,2015-2022,1,0,0,0,0,0.0
FREIGHTLINER,X-LINE,2015-2022,5,0,0,0,0,0.0
FLEETWOOD,EXCURSION,2015-2022,2,0,0,0,0,0.0
HEARTLAND,WILDERNESS,2015-2022,4,0,0,0,0,0.0
HEARTLAND,ELKRIDGE,2015-2022,4,0,0,0,0,0.0
SHORELAND'R,YAV50TCBLW,2015-2022,2,0,0,0,0,0.0
PRIME TIME,CRUSADER,2015-2022,8,0,0,0,0,0.0
HARLEY-DAVIDSON,FLHTP,2015-2022,3,0,0,0,0,0.0
THOR MOTOR,OUTLAW,2015-2022,6,0,0,0,0,0.0
PETERBILT,337,2015-2022,2,0,0,0,0,0.0
BMW,435XI,2015-2022,2,0,0,0,0,0.0
WINNEBAGO,FORZA,2015-2022,40,0,0,0,0,0.0
HISUN,STRIKE 250,2015-2022,1,0,0,0,0,0.0
BOOM,BD125-15,2015-2022,2,0,0,0,0,0.0
YAMAHA,XT250,2015-2022,2,0,0,0,0,0.0
WINNEBAGO,VIA,2015-2022,1,0,0,0,0,0.0
FCA,ALL MODELS,2015-2022,2,0,0,0,0,0.0
KAWASAKI,NINJA 300,2015-2022,1,0,0,0,0,0.0
WINNEBAGO,WINNIE DROP,2015-2022,1,0,0,0,0,0.0
FRANKLIN,RUSHMORE,2015-2022,1,0,0,0,0,0.0
INFINITI,QX60 HYBRID,2015-2022,3,0,0,0,0,0.0
CRUISER RV,STRYKER TOY,2015-2022,2,0,0,0,0,0.0
HARLEY-DAVIDSON,FLSTFB,2015-2022,1,0,0,0,0,0.0
BMW,M2,2015-2022,28,0,0,0,0,0.0
BMW,335XI,2015-2022,2,0,0,0,0,0.0
KAUFMAN,MINI CAR HAULER,2015-2022,1,0,0,0,0,0.0
COACHMEN,PRISM,2015-2022,9,0,0,0,0,0.0
NEWMAR,VENTANA LE,2015-2022,1,0,0,0,0,0.0
STARCRAFT RV TT,LAUNCH,2015-2022,3,0,0,0,0,0.0
AUDI,TT ROADSTER,2015-2022,5,0,0,0,0,0.0
FOREST RIVER,WILDCAT MAXX,2015-2022,2,0,0,0,0,0.0
ITASCA,SPIRIT,2015-2022,1,0,0,0,0,0.0
MASSEY,2606H,2015-2022,1,0,0,0,0,0.0
FOREST RIVER,PRIME TIME,2015-2022,4,0,0,0,0,0.0
JAYCO,ALANTE CLASS A 31L,2015-2022,2,0,0,0,0,0.0
LIVIN LITE,TRAIL TRAILER,2015-2022,3,0,0,0,0,0.0
LIVIN LITE,QUICKSILVER 6.0,2015-2022,1,0,0,0,0,0.0
CAN-AM,OUTLANDER,2015-2022,1,0,0,0,0,0.0
DUCATI,XDIAVEL S,2015-2022,2,0,0,0,0,0.0
FOREST RIVER,COACHMEN,2015-2022,10,0,0,0,0,0.0
LOOK,CARGO TRAILER,2015-2022,3,0,0,0,0,0.0
YAMAHA,XSR900,2015-2022,2,0,0,0,0,0.0
STARCRAFT,ALLSTAR,2015-2022,1,0,0,0,0,0.0
COACHMEN,FREEDOM EXPRESS,2015-2022,16,0,0,0,0,0.0
THOR MOTOR COACH,ACE,2015-2022,28,0,0,0,0,0.0
BMW,G650GS,2015-2022,7,0,0,0,0,0.0
KTM,690 DUKE,2015-2022,26,0,0,0,0,0.0
CHEROKEE,GREY WOLF,2015-2022,3,0,0,0,0,0.0
MACK,GU,2015-2022,2,0,0,0,0,0.0
YAMAHA,YZF-R3,2015-2022,3,0,0,0,0,0.0
TRIUMPH,THRUXTON,2015-2022,29,0,0,0,0,0.0
PACE,CARGO TRAILER,2015-2022,1,0,0,0,0,0.0
DUCATI,MONSTER,2015-2022,4,0,0,0,0,0.0
MERCEDES-BENZ,GL550,2015-2022,8,0,0,0,0,0.0
TOYOTA,FR-S,2015-2022,2,0,0,0,0,0.0
THOR MOTOR COACH,CHALLENGER,2015-2022,24,0,0,0,0,0.0
MITSUBISHI,LANCER EVOLUTION,2015-2022,3,0,0,0,0,0.0
SPARTAN,ADVANTAGE,2015-2022,1,0,0,0,0,0.0
DRV,ELITE SUITES ALL,2015-2022,2,0,0,0,0,0.0
VOLVO,XC70,2015-2022,13,0,0,0,0,0.0
BMW,550XI,2015-2022,2,0,0,0,0,0.0
DIAMOND CARGO,CARGO TRAILER,2015-2022,3,0,0,0,0,0.0
TEMSA,TS45,2015-2022,2,0,0,0,0,0.0
FORD,EXPLORER POLICE INTERCEPT,2015-2022,42,0,0,0,0,0.0
DRV,FULL HOUSE,2015-2022,10,0,0,0,0,0.0
PORSCHE,911,2015-2022,36,0,0,0,0,0.0
TRIUMPH,TROPHY SE A1,2015-2022,9,0,0,0,0,0.0
INTERNATIONAL,TERRASTAR,2015-2022,1,0,0,0,0,0.0
GMC,SAVANA 2500,2015-2022,1,0,0,0,0,0.0
MERCEDES-BENZ,C350,2015-2022,7,0,0,0,0,0.0
KYMCO,SUPER 8-150 X,2015-2022,1,0,0,0,0,0.0
JAGUAR,XK,2015-2022,2,0,0,0,0,0.0
HOLIDAY RAMBLER,ADMIRAL XE,2015-2022,1,0,0,0,0,0.0
SYM,RV 200,2015-2022,1,0,0,0,0,0.0
FOREST RIVER,CHEROKEE GREY WOLF,2015-2022,6,0,0,0,0,0.0
FOREST RIVER,SOFTSIDE,2015-2022,1,0,0,0,0,0.0
AUDI,A3 SPORTBACK E-TRON,2015-2022,4,0,0,0,0,0.0
KAWASAKI,CONCOURS 14,2015-2022,7,0,0,0,0,0.0
VOLVO,S60CC,2015-2022,3,0,0,0,0,0.0
MOTUS MOTORCYCLES,MST,2015-2022,1,0,0,0,0,0.0
MERCEDES-BENZ,C350E,2015-2022,11,0,0,0,0,0.0
HONDA,SXS700,2015-2022,1,0,0,0,0,0.0
GEM,E2,2015-2022,4,0,0,0,0,0.0
TOYOTA,SCION,2015-2022,1,0,0,0,0,0.0
VOLVO,XC90H,2015-2022,3,0,0,0,0,0.0
MCLAREN,570 GT,2015-2022,1,0,0,0,0,0.0
BMW,230I,2015-2022,22,0,0,0,0,0.0
HARLEY-DAVIDSON,FXDB,2015-2022,4,0,0,0,0,0.0
KTM,1290 SUPER DUKE GT,2015-2022,3,0,0,0,0,0.0
JAYCO TRAVEL TRAILER,EAGLE,2015-2022,14,0,0,0,0,0.0
LEXUS,IS200T,2015-2022,16,0,0,0,0,0.0
BMW,M5,2015-2022,23,0,0,0,0,0.0
HEARTLAND,PIONEER,2015-2022,7,0,0,0,0,0.0
FOREST RIVER,SHOCKWAVE,2015-2022,4,0,0,0,0,0.0
POLARIS,RANGER XP 570,2015-2022,1,0,0,0,0,0.0
FORD,F-650 ROUSH PROPANE,2015-2022,1,0,0,0,0,0.0
CH TRAILERS,CH TRAILER,2015-2022,2,0,0,0,0,0.0
KEYSTONE,CARBON,2015-2022,8,0,0,0,0,0.0
AUDI,RS 7,2015-2022,12,0,0,0,0,0.0
THOR MOTOR,HURRICANE,2015-2022,11,0,0,0,0,0.0
GILLIG,LOW FLOOR,2015-2022,2,0,0,0,0,0.0
WABASH,TRALERS,2015-2022,1,0,0,0,0,0.0
MERCEDES-BENZ,GLS550,2015-2022,6,0,0,0,0,0.0
CAN-AM,SPYDER RS,2015-2022,1,0,0,0,0,0.0
YAMAHA,FZ07C,2015-2022,1,0,0,0,0,0.0
PORSCHE,911 CARRERA,2015-2022,2,0,0,0,0,0.0
INTERNATIONAL,4000 SERIES 4300,2015-2022,2,0,0,0,0,0.0
BMW,M240I,2015-2022,10,0,0,0,0,0.0
DRV,ELITE SUITE,2015-2022,3,0,0,0,0,0.0
YAMAHA,FZ-10,2015-2022,1,0,0,0,0,0.0
FORD,FOCUS RS,2015-2022,6,0,0,0,0,0.0
TRANS TECH BUS,STUDENT SAFETY TRANSPORT,2015-2022,1,0,0,0,0,0.0
INTERNATIONAL,LONESTAR,2015-2022,4,0,0,0,0,0.0
THOR MOTOR COACH,TUSCANY,2015-2022,13,0,0,0,0,0.0
TIFFIN,ALLEGRO RED,2015-2022,18,0,0,0,0,0.0
SMART,FORTWO COUPE ELECTRIC,2015-2022,3,0,0,0,0,0.0
CAN-AM,SPYDER F3,2015-2022,33,0,0,0,0,0.0
HONDA,CB500,2015-2022,1,0,0,0,0,0.0
AMERICAN COACH,AMERICAN ALLEGIANCE,2015-2022,2,0,0,0,0,0.0
COACHMEN,LEPRECHAUN,2015-2022,6,0,0,0,0,0.0
YAMAHA,FZ09,2015-2022,2,0,0,0,0,0.0
MCI,D4505,2015-2022,1,0,0,0,0,0.0
STARCRAFT RV TT,AUTUMN RIDGE,2015-2022,7,0,0,0,0,0.0
HOLIDAY RAMBLER,VESTA,2015-2022,1,0,0,0,0,0.0
MERCEDES-MAYBACH,S550,2015-2022,2,0,0,0,0,0.0
AUDI,A5 CABRIOLET,2015-2022,3,0,0,0,0,0.0
FOREST RIVER,SPARTAN,2015-2022,2,0,0,0,0,0.0
FOREST RIVER,SANIBEL,2015-2022,2,0,0,0,0,0.0
LEXUS,GS 200T,2015-2022,2,0,0,0,0,0.0
HAULMARK,EDGE GOOSENECK,2015-2022,1,0,0,0,0,0.0
DUCATI,SUPERSPORT,2015-2022,19,0,0,0,0,0.0
DUCATI,939SP,2015-2022,1,0,0,0,0,0.0
HARLEY-DAVIDSON,XL1200T,2015-2022,4,0,0,0,0,0.0
FOREST RIVER,CONTINENTAL,2015-2022,2,0,0,0,0,0.0
VOLKSWAGEN,EGOLF,2015-2022,2,0,0,0,0,0.0
ENTEGRA,ANTHEM,2015-2022,17,0,0,0,0,0.0
4-STAR TRAILER,HORSE GOOSENECK,2015-2022,1,0,0,0,0,0.0
WHITE WATER,RETRO,2015-2022,1,0,0,0,0,0.0
BMW,K 1600 GTL,2015-2022,25,0,0,0,0,0.0
TOYOTA,UNKNOWN,2015-2022,2,0,0,0,0,0.0
LAND ROVER,LR2,2015-2022,6,0,0,0,0,0.0
MAHINDRA,GENZE 2.0,2015-2022,2,0,0,0,0,0.0
LOAD TRAIL,LOAD TRAIL,2015-2022,3,0,0,0,0,0.0
LOGAN COACH,LOGAN COACH,2015-2022,1,0,0,0,0,0.0
TRIUMPH,THRUXTON 1200R,2015-2022,4,0,0,0,0,0.0
JAYCO,ALANTE,2015-2022,17,0,0,0,0,0.0
HEARTLAND,NORTH TRAIL,2015-2022,2,0,0,0,0,0.0
MERCEDES-BENZ,AMG CLA45,2015-2022,12,0,0,0,0,0.0
GULF STREAM,CONQUEST,2015-2022,2,0,0,0,0,0.0
BMW,328XD,2015-2022,2,0,0,0,0,0.0
THOR MOTOR COACH,VEGAS,2015-2022,10,0,0,0,0,0.0
FOREST RIVER,VIBE,2015-2022,20,0,0,0,0,0.0
YAMAHA,BOLT,2015-2022,4,0,0,0,0,0.0
VICTORY,HAMMER,2015-2022,1,0,0,0,0,0.0
CHAMPION,CLASSIC SIDECAR,2015-2022,1,0,0,0,0,0.0
KARAVAN,KHD-2990-72-PR,2015-2022,1,0,0,0,0,0.0
COACHMEN,PURSUIT,2015-2022,3,0,0,0,0,0.0
CAN-AM,SPYDER ST,2015-2022,2,0,0,0,0,0.0
THE RV FACTORY,WEEKEND WARRIOR,2015-2022,2,0,0,0,0,0.0
PACIFIC COACHWORKS,POWERLITE 3213,2015-2022,2,0,0,0,0,0.0
GULF STREAM,VINTAGE CRUISER,2015-2022,3,0,0,0,0,0.0
TRIUMPH,EXPLORER,2015-2022,1,0,0,0,0,0.0
VANLEIGH,VILANO,2015-2022,13,0,0,0,0,0.0
WINNEBAGO,ASPECT,2015-2022,2,0,0,0,0,0.0
VOLKSWAGEN,JETTA TDI,2015-2022,2,0,0,0,0,0.0
JAYCO FIFTH WHEEL,SEISMIC WAVE,2015-2022,1,0,0,0,0,0.0
MERCEDES-BENZ,GL63,2015-2022,4,0,0,0,0,0.0
CHANGZHOU NANXIASHU,MT3,2015-2022,1,0,0,0,0,0.0
CRUISER RV,SHADOW CRUISER,2015-2022,5,0,0,0,0,0.0
FOREST RIVER,FR3,2015-2022,14,0,0,0,0,0.0
DUTCHMEN,DENALI,2015-2022,3,0,0,0,0,0.0
DUCATI,HYPERMOTARD,2015-2022,9,0,0,0,0,0.0
CADILLAC,CT6 PLUG-IN HYBRID,2015-2022,12,0,0,0,0,0.0
MERCEDES-BENZ,E250,2015-2022,6,0,0,0,0,0.0
SMART,FORTWO CABRIOLET,2015-2022,2,0,0,0,0,0.0
FREIGHTLINER,XC-M,2015-2022,1,0,0,0,0,0.0
LEXUS,LC500,2015-2022,7,0,0,0,0,0.0
WINNEBAGO,JOURNEY,2015-2022,5,0,0,0,0,0.0
FREIGHTLINER,XC-R,2015-2022,1,0,0,0,0,0.0
INTERSTATE,VICTORY TRAILER,2015-2022,1,0,0,0,0,0.0
WINNEBAGO,SCORPION,2015-2022,1,0,0,0,0,0.0
FLEETWOOD,DISCOVERY,2015-2022,5,0,0,0,0,0.0
JAYCO FIFTH WHEEL,NORTH POINT,2015-2022,23,0,0,0,0,0.0
MOBILITY VENTURES,MV-1,2015-2022,4,0,0,0,0,0.0
MERCEDES-BENZ,SLC 300,2015-2022,3,0,0,0,0,0.0
MERCEDES-BENZ,AMG E43,2015-2022,12,0,0,0,0,0.0
CHEVROLET,ORLANDO,2015-2022,1,0,0,0,0,0.0
BMW,S1000 XR,2015-2022,1,0,0,0,0,0.0
POLARIS,RZR,2015-2022,7,0,0,0,0,0.0
LANCE,TRAVEL TRAILER,2015-2022,11,0,0,0,0,0.0
FOREST RIVER,STEALTH,2015-2022,2,0,0,0,0,0.0
CADILLAC,CTS-V,2015-2022,1,0,0,0,0,0.0
PORSCHE,CAYENNE S E-HYBRID,2015-2022,3,0,0,0,0,0.0
HAULMARK,HAULMARK TRAILER,2015-2022,1,0,0,0,0,0.0
THOR MOTOR COACH,FOUR WINDS SIESTA,2015-2022,2,0,0,0,0,0.0
REDWOOD,FIFTH WHEEL TRAVEL TRAILE,2015-2022,2,0,0,0,0,0.0
DUCATI,DIAVEL,2015-2022,14,0,0,0,0,0.0
KEYSTONE,PASSPORT,2015-2022,5,0,0,0,0,0.0
KEYSTONE,DUTCHMEN,2015-2022,2,0,0,0,0,0.0
TIFFIN,ALLEGRO OPEN ROAD,2015-2022,29,0,0,0,0,0.0
LIVIN LITE,QUICKSILVER,2015-2022,3,0,0,0,0,0.0
APRILIA,CAPONORD RALLY,2015-2022,1,0,0,0,0,0.0
DUCATI,1299 PANIGALE,2015-2022,1,0,0,0,0,0.0
KAUFMAN,WEDGE CAR HAULER,2015-2022,1,0,0,0,0,0.0
HIGHLAND RIDGE TT,MESA RIDGE,2015-2022,3,0,0,0,0,0.0
BMW,R1200 GS ADVENTURE,2015-2022,8,0,0,0,0,0.0
FLEETWOOD,FLAIR,2015-2022,10,0,0,0,0,0.0
AIRSTREAM,BASECAMP,2015-2022,10,0,0,0,0,0.0
SCION,IC,2015-2022,1,0,0,0,0,0.0
AUDI,RS 3,2015-2022,20,0,0,0,0,0.0
NEWMAR,VENTANA,2015-2022,11,0,0,0,0,0.0
NISSAN,PATHFINDER HYBRID,2015-2022,2,0,0,0,0,0.0
BLUE BIRD,VISION,2015-2022,7,0,0,0,0,0.0
JAYCO TRAVEL TRAILER,JAY FLIGHT SLX,2015-2022,24,0,0,0,0,0.0
VOLKSWAGEN,PASSAT TDI,2015-2022,1,0,0,0,0,0.0
BMW,328D,2015-2022,59,0,0,0,0,0.0
HEARTLAND,BIG COUNTRY,2015-2022,3,0,0,0,0,0.0
VOLKSWAGEN,JETTA GLI,2015-2022,2,0,0,0,0,0.0
JAYCO TRAVEL TRAILER,JAY FLIGHT BUNGALOW,2015-2022,3,0,0,0,0,0.0
MERCEDES-BENZ,B 250E,2015-2022,27,0,0,0,0,0.0
AUDI,S4,2015-2022,29,0,0,0,0,0.0
KZ-RV,GOLD,2015-2022,2,0,0,0,0,0.0
FORD,E-250,2015-2022,4,0,0,0,0,0.0
BMW,335I,2015-2022,12,0,0,0,0,0.0
DRV,MOBILE SUITE,2015-2022,11,0,0,0,0,0.0
FOREST RIVER,HAULIN,2015-2022,1,0,0,0,0,0.0
YAMAHA,SUPER TENERE,2015-2022,1,0,0,0,0,0.0
BMW,750XI,2015-2022,2,0,0,0,0,0.0
YAMAHA,R6,2015-2022,1,0,0,0,0,0.0
COLUMBIA,ALINER ASCAPE,2015-2022,1,0,0,0,0,0.0
MERCEDES-BENZ,C200,2015-2022,29,0,0,0,0,0.0
RENEGADE,VILLAGIO,2015-2022,1,0,0,0,0,0.0
HAUL MASTER,UTILITY TRAILER,2015-2022,7,0,0,0,0,0.0
FOREST RIVER,SABRE,2015-2022,6,0,0,0,0,0.0
LANCE CAMPER,LANCE CAMPER,2015-2022,7,0,0,0,0,0.0
SHASTA,REVERE,2015-2022,1,0,0,0,0,0.0
UTILITY,FLATBED TRAILERS,2015-2022,1,0,0,0,0,0.0
R & J TRAILERS,R & J TRAILERS,2015-2022,1,0,0,0,0,0.0
BMW,740LXI,2015-2022,1,0,0,0,0,0.0
ISUZU,NPR XD,2015-2022,1,0,0,0,0,0.0
HARLEY-DAVIDSON,FXDF,2015-2022,1,0,0,0,0,0.0
CHANGZHOU NANXIASHU,TD,2015-2022,1,0,0,0,0,0.0
OREION,REEPER,2015-2022,1,0,0,0,0,0.0
LEXUS,RC 200T,2015-2022,6,0,0,0,0,0.0
LARK,CARGO TRAILER,2015-2022,3,0,0,0,0,0.0
COACHMEN,APEX,2015-2022,10,0,0,0,0,0.0
STAR EV,SPORT 4+2,2015-2022,1,0,0,0,0,0.0
STEALTH,GOOSENECK,2015-2022,1,0,0,0,0,0.0
HONDA,CLARITY FUEL CELL,2015-2022,5,0,0,0,0,0.0
DUCATI,XDIAVEL,2015-2022,3,0,0,0,0,0.0
ISUZU,NPR HD,2015-2022,5,0,0,0,0,0.0
FOREST RIVER,STEALTH EVO,2015-2022,1,0,0,0,0,0.0
PIERCE,VELOCITY,2015-2022,1,0,0,0,0,0.0
BMW,535D,2015-2022,15,0,0,0,0,0.0
PJ TRAILERS,T8,2015-2022,1,0,0,0,0,0.0
HAUL MASTER,TRAILER,2015-2022,3,0,0,0,0,0.0
MASERATI,GRANTURISMO,2015-2022,1,0,0,0,0,0.0
KEYSTONE,RETREAT,2015-2022,1,0,0,0,0,0.0
BMW,650I,2015-2022,5,0,0,0,0,0.0
HOLIDAY RAMBLER,NAVIGATOR XE,2015-2022,2,0,0,0,0,0.0
KAWASAKI,NINJA ZX-10R,2015-2022,4,0,0,0,0,0.0
HIGHLAND RIDGE FW,OPEN RANGE,2015-2022,7,0,0,0,0,0.0
NEXUS,PHANTOM,2015-2022,1,0,0,0,0,0.0
DUCATI,1299,2015-2022,1,0,0,0,0,0.0
AMERICAN COACH,AMERICAN EAGLE,2015-2022,3,0,0,0,0,0.0
AIRSTREAM,LAND YACHT,2015-2022,1,0,0,0,0,0.0
KAWASAKI,KLR650,2015-2022,2,0,0,0,0,0.0
SEA-DOO,MOVE II,2015-2022,1,0,0,0,0,0.0
CHEVROLET,COBALT,2015-2022,2,0,0,0,0,0.0
HIGHLAND RIDGE FW,3X,2015-2022,1,0,0,0,0,0.0
PETERBILT,567,2015-2022,5,0,0,0,0,0.0
YAMAHA,XVS950,2015-2022,7,0,0,0,0,0.0
WINNEBAGO,24J VIEW,2015-2022,1,0,0,0,0,0.0
VOLKSWAGEN,JETTA HYBRID,2015-2022,2,0,0,0,0,0.0
ACURA,MDX SPORT HYBRID,2015-2022,22,0,0,0,0,0.0
THOR MOTOR COACH,TUSCANY XTE,2015-2022,4,0,0,0,0,0.0
FEATHERLITE,1620,2015-2022,1,0,0,0,0,0.0
HOLIDAY RAMBLER,VACATIONER XE,2015-2022,1,0,0,0,0,0.0
BMW,M550I,2015-2022,27,0,0,0,0,0.0
AMERICAN COACH,AMERICAN REVOLUTION,2015-2022,1,0,0,0,0,0.0
WINNEBAGO,MINNIE WINNIE,2015-2022,13,0,0,0,0,0.0
HYUNDAI TRANSLEAD,CHASSIS,2015-2022,1,0,0,0,0,0.0
COACHMEN,CATALINA,2015-2022,5,0,0,0,0,0.0
VANDERHALL,VENICE,2015-2022,10,0,0,0,0,0.0
LANCE,2295,2015-2022,1,0,0,0,0,0.0
KZRV,VENOM,2015-2022,2,0,0,0,0,0.0
PORSCHE,718 BOXSTER,2015-2022,5,0,0,0,0,0.0
HARLEY-DAVIDSON,TRIKE,2015-2022,7,0,0,0,0,0.0
AUDI,S8,2015-2022,13,0,0,0,0,0.0
PORSCHE,MACAN TURBO,2015-2022,5,0,0,0,0,0.0
LANCE,1995,2015-2022,2,0,0,0,0,0.0
KAWASAKI,NINJA,2015-2022,4,0,0,0,0,0.0
SUBARU,XV CROSSTREK HYBRID,2015-2022,4,0,0,0,0,0.0
ROCKWOOD LITE WEIGHT TRA,WRLT8328BS,2015-2022,1,0,0,0,0,0.0
BMW,R 1200 GS ADVENTURE,2015-2022,4,0,0,0,0,0.0
KAWASAKI,ZX10R,2015-2022,1,0,0,0,0,0.0
BMW,K1600B,2015-2022,41,0,0,0,0,0.0
ENTEGRA,INSIGNIA,2015-2022,2,0,0,0,0,0.0
BMW,M3,2015-2022,25,0,0,0,0,0.0
VICTORY,CROSS COUNTRY,2015-2022,1,0,0,0,0,0.0
FOREST RIVER,CHEROKEE WOLF PUP,2015-2022,1,0,0,0,0,0.0
MERCEDES-BENZ,GLS 550,2015-2022,8,0,0,0,0,0.0
HARLEY-DAVIDSON,FLHCS,2015-2022,10,0,0,0,0,0.0
GRAND DESIGN,IMAGINE,2015-2022,57,0,0,0,0,0.0
COACHMEN,VIKING,2015-2022,4,0,0,0,0,0.0
BMW,550I,2015-2022,7,0,0,0,0,0.0
BMW,C600 SPORT MAXI-SCOOTER,2015-2022,2,0,0,0,0,0.0
KARAVAN,TANDEM AXLE TRAILER,2015-2022,2,0,0,0,0,0.0
SUZUKI,VL1500BL,2015-2022,1,0,0,0,0,0.0
TRIUMPH,STREET TRIPLE S,2015-2022,2,0,0,0,0,0.0
WINNEBAGO,FUSE,2015-2022,4,0,0,0,0,0.0
PALOMINO,PALOMINI,2015-2022,2,0,0,0,0,0.0
DUCATI,PANIGALE V4,2015-2022,7,0,0,0,0,0.0
HEARTLAND,SUNDANCE XLT TT,2015-2022,1,0,0,0,0,0.0
ITASCA,SUNSTAR,2015-2022,3,0,0,0,0,0.0
CONTINENTAL CARGO,CONTINENTAL CARGO,2015-2022,1,0,0,0,0,0.0
THOR MOTOR COACH,COMPASS,2015-2022,3,0,0,0,0,0.0
CROSSROADS,ELEVATION,2015-2022,1,0,0,0,0,0.0
VAN HOOL,CX35,2015-2022,1,0,0,0,0,0.0
AIRSTREAM,GLOBETROTTER,2015-2022,2,0,0,0,0,0.0
NISSAN,NV200 TAXI,2015-2022,1,0,0,0,0,0.0
DUCATI,MULTISTRADA 1200,2015-2022,3,0,0,0,0,0.0
CEDAR CREEK,SILVER BACK,2015-2022,1,0,0,0,0,0.0
COACHMEN,GALLERIA,2015-2022,6,0,0,0,0,0.0
ROYAL ENFIELD,HIMALAYAN,2015-2022,13,0,0,0,0,0.0
LANCE,2375,2015-2022,1,0,0,0,0,0.0
VOLKSWAGEN,BEETLE CONVERTIBLE,2015-2022,30,0,0,0,0,0.0
WINNEBAGO,SIGHTSEER,2015-2022,1,0,0,0,0,0.0
BMW,G310 GS,2015-2022,3,0,0,0,0,0.0
SUZUKI,M109R,2015-2022,1,0,0,0,0,0.0
CROSSROADS,ZINGER,2015-2022,3,0,0,0,0,0.0
HEARTLAND,LANDMARK 365,2015-2022,1,0,0,0,0,0.0
WINNEBAGO,PASEO,2015-2022,1,0,0,0,0,0.0
BISON,PREMIERE,2015-2022,1,0,0,0,0,0.0
INTERNATIONAL,CE,2015-2022,1,0,0,0,0,0.0
JAYCO TRAVEL TRAILER,JAY SERIES SPORT,2015-2022,5,0,0,0,0,0.0
FOREST RIVER,SONOMA,2015-2022,1,0,0,0,0,0.0
TRIUMPH,STREET CUP,2015-2022,3,0,0,0,0,0.0
TIFFIN,ALLEGRO BUS,2015-2022,6,0,0,0,0,0.0
MERCEDES-BENZ,GLE 400,2015-2022,8,0,0,0,0,0.0
ECHO TRAILER,PONTOON BOAT TRAILER,2015-2022,1,0,0,0,0,0.0
SAFARI CONDO,ALTO,2015-2022,1,0,0,0,0,0.0
KENWORTH,T370,2015-2022,2,0,0,0,0,0.0
ZERO,DS,2015-2022,1,0,0,0,0,0.0
ROCKWOOD LITE WEIGHT TRA,RLF8244BS,2015-2022,1,0,0,0,0,0.0
PRIME TIME,TRACER,2015-2022,2,0,0,0,0,0.0
NEXUS,VIPER,2015-2022,2,0,0,0,0,0.0
TRIUMPH,STREET TWIN,2015-2022,3,0,0,0,0,0.0
BRAUNABILITY,DODGE WHEELCHAIR VAN,2015-2022,2,0,0,0,0,0.0
TENNESSEE TRAILER,PONTOON BOAT TRAILER,2015-2022,1,0,0,0,0,0.0
BRAUNABILITY,CHRYSLER WHEELCHAIR VAN,2015-2022,2,0,0,0,0,0.0
THOR MOTOR COACH,FREEDOM ELITE,2015-2022,9,0,0,0,0,0.0
INFINITI,G37,2015-2022,1,0,0,0,0,0.0
TIFFIN,BUS,2015-2022,3,0,0,0,0,0.0
FOREST RIVER,WOLF PACK,2015-2022,1,0,0,0,0,0.0
PACIFIC COACHWORKS,SAND SPORT,2015-2022,1,0,0,0,0,0.0
FOREST RIVER,HERITAGE  GLEN 337BAR,2015-2022,1,0,0,0,0,0.0
AIRSTREAM,SPORT,2015-2022,1,0,0,0,0,0.0
MOTO GUZZI,ELDORADO,2015-2022,2,0,0,0,0,0.0
ECLIPSE,ICONIC,2015-2022,2,0,0,0,0,0.0
CADILLAC,ATS-V,2015-2022,4,0,0,0,0,0.0
ENTEGRA,CORNERSTONE,2015-2022,14,0,0,0,0,0.0
ROCKWOOD LITE WEIGHT TRA,RLTG12RK,2015-2022,3,0,0,0,0,0.0
FORD,F-750,2015-2022,5,0,0,0,0,0.0
DUCATI,PANIGALE 959,2015-2022,1,0,0,0,0,0.0
MERCEDES-BENZ,GLE63S,2015-2022,2,0,0,0,0,0.0
DUCATI,MULTISTRADA 1200S,2015-2022,7,0,0,0,0,0.0
MERCEDES-BENZ,CLS550,2015-2022,2,0,0,0,0,0.0
KEYSTONE,SPRINGDALE,2015-2022,9,0,0,0,0,0.0
FREEDOM TRAILERS,FREEDOM TRAILERS,2015-2022,4,0,0,0,0,0.0
HONDA,CMX500,2015-2022,4,0,0,0,0,0.0
HUSQVARNA,FE 501 S,2015-2022,2,0,0,0,0,0.0
NEXUS,GHOST,2015-2022,2,0,0,0,0,0.0
NEWMAR,KING AIRE,2015-2022,6,0,0,0,0,0.0
VOLVO,S60I,2015-2022,1,0,0,0,0,0.0
KAUFMAN,TRAILER,2015-2022,2,0,0,0,0,0.0
COACHMEN,CHAPARRAL,2015-2022,1,0,0,0,0,0.0
MASERATI,LEVANTE S,2015-2022,3,0,0,0,0,0.0
DYNA HAULER,GOOSENECK DOLLY,2015-2022,1,0,0,0,0,0.0
HARLEY-DAVIDSON,FLHRXS,2015-2022,3,0,0,0,0,0.0
ACURA,RLX HYBRID,2015-2022,5,0,0,0,0,0.0
MOTO GUZZI,V7 III,2015-2022,2,0,0,0,0,0.0
MERCEDES BENZ,C 300 4MATIC,2015-2022,12,0,0,0,0,0.0
CARADO,BANFF,2015-2022,1,0,0,0,0,0.0
MERCEDES-BENZ,AMG C63S,2015-2022,8,0,0,0,0,0.0
MOBILITY WORKS,CHEVY EXPRESS 2500,2015-2022,1,0,0,0,0,0.0
PACE,JOURNEY,2015-2022,2,0,0,0,0,0.0
AUDI,RS 5,2015-2022,7,0,0,0,0,0.0
FORD,TAURUS POLICE INTERCEPTOR,2015-2022,1,0,0,0,0,0.0
LIVIN' LITE,CAMPLITE,2015-2022,7,0,0,0,0,0.0
DODGE,AVENGER,2015-2022,1,0,0,0,0,0.0
BISON,SILVERADO,2015-2022,1,0,0,0,0,0.0
FOREST RIVER,RIVERSTONE LEGACY,2015-2022,1,0,0,0,0,0.0
BUICK,REGAL TOURX,2015-2022,17,0,0,0,0,0.0
HONDA,GL1800A,2015-2022,1,0,0,0,0,0.0
BMW,740LD,2015-2022,1,0,0,0,0,0.0
FREIGHTLINER,CORONADO,2015-2022,2,0,0,0,0,0.0
TRIUMPH,BONNEVILLE T100 BLACK,2015-2022,2,0,0,0,0,0.0
LEXUS,LX570,2015-2022,5,0,0,0,0,0.0
MERCEDES-BENZ,AMG GT S,2015-2022,4,0,0,0,0,0.0
ROADTREK,SIMPLICITY SRT,2015-2022,1,0,0,0,0,0.0
HYMER,CARADO BANFF,2015-2022,1,0,0,0,0,0.0
KZRV,DURANGO GOLD,2015-2022,2,0,0,0,0,0.0
LIVIN LITE,LIVIN LITE,2015-2022,1,0,0,0,0,0.0
PETERBILT,587,2015-2022,1,0,0,0,0,0.0
MERCEDES-BENZ,AMG CLS53,2015-2022,8,0,0,0,0,0.0
KEYSTONE,SPRINTER,2015-2022,5,0,0,0,0,0.0
WINNEBAGO,GRAND TOUR,2015-2022,1,0,0,0,0,0.0
JAYCO TRAVEL TRAILER,OCTANE,2015-2022,2,0,0,0,0,0.0
MINI,PACEMAN,2015-2022,2,0,0,0,0,0.0
WINNEBAGO,INTENT,2015-2022,2,0,0,0,0,0.0
HULL PORTER,TRAILER,2015-2022,1,0,0,0,0,0.0
DUCATI,MONSTER 821,2015-2022,5,0,0,0,0,0.0
LANCE,1685,2015-2022,1,0,0,0,0,0.0
TRIUMPH,BONNEVILLE T100,2015-2022,2,0,0,0,0,0.0
ROSENBAUER,COMMANDER,2015-2022,1,0,0,0,0,0.0
FOREST RIVER,CRUSADER,2015-2022,6,0,0,0,0,0.0
BISON,RANGER,2015-2022,2,0,0,0,0,0.0
INDIAN,CHIEF,2015-2022,5,0,0,0,0,0.0
PAGANI,HUAYRA,2015-2022,1,0,0,0,0,0.0
INDIAN,ROADMASTER ELITE,2015-2022,1,0,0,0,0,0.0
FOREST RIVER,ARCTIC WOLF,2015-2022,3,0,0,0,0,0.0
KAWASAKI,NINJA 650,2015-2022,1,0,0,0,0,0.0
MCLAREN,650S,2015-2022,2,0,0,0,0,0.0
PORSCHE,BOXSTER,2015-2022,3,0,0,0,0,0.0
FELLING,DROP-DECK,2015-2022,1,0,0,0,0,0.0
MERCEDES-BENZ,GLC350E,2015-2022,8,0,0,0,0,0.0
THOR MOTOR COACH,FREEDOM TRAVELER,2015-2022,5,0,0,0,0,0.0
URAL,GEAR-UP,2015-2022,3,0,0,0,0,0.0
MERCEDES-BENZ,GLE292 COUPE,2015-2022,1,0,0,0,0,0.0
ACURA,RL,2015-2022,2,0,0,0,0,0.0
YAMAHA,YZFR3,2015-2022,1,0,0,0,0,0.0
MERCEDES-BENZ,S560,2015-2022,18,0,0,0,0,0.0
PETERBILT,520,2015-2022,4,0,0,0,0,0.0
ROCKWOOD LITE WEIGHT TRA,RLF8289WS,2015-2022,1,0,0,0,0,0.0
HARLEY-DAVIDSON,FXLR,2015-2022,2,0,0,0,0,0.0
YAMAHA,YXZ1000,2015-2022,1,0,0,0,0,0.0
LANCE CAMPER,TRUCK CAMPER (1172),2015-2022,5,0,0,0,0,0.0
JAYCO FIFTH WHEEL,TALON,2015-2022,1,0,0,0,0,0.0
MAZDA,!MX-5,2015-2022,3,0,0,0,0,0.0
BMW,F850GS,2015-2022,1,0,0,0,0,0.0
NISSAN,NV1500,2015-2022,2,0,0,0,0,0.0
BMW,R1200 RT,2015-2022,5,0,0,0,0,0.0
EAGLE,BOAT TRAILER,2015-2022,1,0,0,0,0,0.0
MERCEDES ROYALE,SPRINTER COACH,2015-2022,23,0,0,0,0,0.0
CARRY-ON,ENCLOSED CARGO TRAILER,2015-2022,4,0,0,0,0,0.0
STEALTH,VIPER,2015-2022,1,0,0,0,0,0.0
HONDA,CRF50,2015-2022,1,0,0,0,0,0.0
TRACKER MARINE,BASS TRACKER,2015-2022,1,0,0,0,0,0.0
MORITZ,FH+10,2015-2022,1,0,0,0,0,0.0
HARLEY-DAVIDSON,FXSE,2015-2022,1,0,0,0,0,0.0
FOREST RIVER,COLUMBUS,2015-2022,6,0,0,0,0,0.0
HONDA,NC700JD,2015-2022,1,0,0,0,0,0.0
HARLEY-DAVIDSON,FLTRXSE,2015-2022,1,0,0,0,0,0.0
MOTO GUZZI,V9,2015-2022,1,0,0,0,0,0.0
RIVERSIDE,WHITEWATER,2015-2022,2,0,0,0,0,0.0
DYNAMAX,REV,2015-2022,3,0,0,0,0,0.0
HEARTLAND,TRAIL RUNNER,2015-2022,7,0,0,0,0,0.0
KME,PREDATOR AERIAL,2015-2022,1,0,0,0,0,0.0
POLARIS,RANGER 900,2015-2022,2,0,0,0,0,0.0
FORD,TRANSIT T-350 HD,2015-2022,1,0,0,0,0,0.0
KEYSTONE,RESIDENCE,2015-2022,1,0,0,0,0,0.0
ZERO,DSR,2015-2022,2,0,0,0,0,0.0
WABASH NATIONAL,VAN,2015-2022,1,0,0,0,0,0.0
ASTON MARTIN,V12 VANTAGE S,2015-2022,1,0,0,0,0,0.0
KTM,1290 SUPER ADVENTURE R,2015-2022,4,0,0,0,0,0.0
BIG TEX,35SA,2015-2022,1,0,0,0,0,0.0
VMI,CHRYSLER PACIFICA,2015-2022,1,0,0,0,0,0.0
YAMAHA,CZD300A,2015-2022,1,0,0,0,0,0.0
FERRARI,CALIFORNIA T,2015-2022,1,0,0,0,0,0.0
FOREST RIVER,CARDINAL LUXURY,2015-2022,1,0,0,0,0,0.0
BRAVO,SCOUT,2015-2022,1,0,0,0,0,0.0
VENTURE,SONIC,2015-2022,2,0,0,0,0,0.0
ASTON MARTIN,V8 VANTAGE,2015-2022,3,0,0,0,0,0.0
DYNAMAX,ISATA,2015-2022,14,0,0,0,0,0.0
BMW,R 1250 RT,2015-2022,20,0,0,0,0,0.0
TOYOTA,COROLLA HATCHBACK,2015-2022,5,0,0,0,0,0.0
DIAMOND COACH,VIP,2015-2022,1,0,0,0,0,0.0
VMI,HONDA PILOT,2015-2022,1,0,0,0,0,0.0
HONDA,ACCORD FHEV,2015-2022,1,0,0,0,0,0.0
FRONTIER,AMBASSADOR,2015-2022,1,0,0,0,0,0.0
THOR MOTOR COACH,OMNI,2015-2022,6,0,0,0,0,0.0
KAWASAKI,BRUTE FORCE 300,2015-2022,1,0,0,0,0,0.0
PLEASANT VALLEY,MYPOD TRAVEL TRAILER,2015-2022,1,0,0,0,0,0.0
DRV,MOBILE SUITE ESTATES,2015-2022,1,0,0,0,0,0.0
NISSAN,GT-R,2015-2022,1,0,0,0,0,0.0
FOREST RIVER,EVO,2015-2022,2,0,0,0,0,0.0
ICEBEAR,CHAMPION,2015-2022,1,0,0,0,0,0.0
ROCKWOOD LITE WEIGHT TRA,RLF8295WS,2015-2022,1,0,0,0,0,0.0
CRUISER RV,SHADOW CRUISER ULTRA LITE,2015-2022,1,0,0,0,0,0.0
HONDA,GROM125,2015-2022,5,0,0,0,0,0.0
KAWASAKI,NINJA H2,2015-2022,1,0,0,0,0,0.0
WINNEBAGO,NAVION,2015-2022,11,0,0,0,0,0.0
HEARTLAND,FUEL,2015-2022,1,0,0,0,0,0.0
HINO,CONVENTIONAL MODELS,2015-2022,2,0,0,0,0,0.0
LANCE,2285,2015-2022,1,0,0,0,0,0.0
SHADOW,KINGPRO,2015-2022,1,0,0,0,0,0.0
CRUISER RV,FUN FINDER EXTREME LITE,2015-2022,1,0,0,0,0,0.0
PLEASURE WAY,LEXOR,2015-2022,1,0,0,0,0,0.0
HARLEY-DAVIDSON,TOURING,2015-2022,1,0,0,0,0,0.0
HONDA,CRF1000,2015-2022,17,0,0,0,0,0.0
KTM,790 ADVENTURE,2015-2022,23,0,0,0,0,0.0
DELCO TRAILERS,BUMPER HORSE,2015-2022,1,0,0,0,0,0.0
HONDA,CB300R,2015-2022,3,0,0,0,0,0.0
KYMCO,LIKE 150I,2015-2022,2,0,0,0,0,0.0
PLEASURE WAY,PLATEAU,2015-2022,7,0,0,0,0,0.0
BMW,740LE,2015-2022,1,0,0,0,0,0.0
MITSUBISHI FUSO,FE140G,2015-2022,1,0,0,0,0,0.0
HYUNDAI,NEXO,2015-2022,16,0,0,0,0,0.0
ROCKWOOD LITE WEIGHT TRA,RLF8244WS,2015-2022,1,0,0,0,0,0.0
FOREST RIVER,IMPRESSION,2015-2022,6,0,0,0,0,0.0
DUTCHMEN,KODIAK,2015-2022,4,0,0,0,0,0.0
THOR MOTOR COACH,SIESTA,2015-2022,2,0,0,0,0,0.0
AUTOCAR,XPEDITOR,2015-2022,4,0,0,0,0,0.0
BENTLEY,CONTINENTAL,2015-2022,1,0,0,0,0,0.0
FERRARI,GTC4LUSSO T,2015-2022,1,0,0,0,0,0.0
UTILITY,4000D-X COMPOSITE,2015-2022,1,0,0,0,0,0.0
KYMCO,SPADE,2015-2022,1,0,0,0,0,0.0
VESPA,GTS 300,2015-2022,10,0,0,0,0,0.0
STARCRAFT RV TT,SATELLITE,2015-2022,1,0,0,0,0,0.0
CHEVROLET,N300,2015-2022,2,0,0,0,0,0.0
JAYCO FIFTH WHEEL,EAGLE HT,2015-2022,5,0,0,0,0,0.0
TEMP AIR,EBB-80,2015-2022,1,0,0,0,0,0.0
WINNEBAGO,SPIRIT,2015-2022,2,0,0,0,0,0.0
DETROIT CHASSIS,FORD MOTORHOME CHASSIS,2015-2022,4,0,0,0,0,0.0
MERCEDES-BENZ,E207,2015-2022,1,0,0,0,0,0.0
THOR MOTOR COACH,PALAZZO,2015-2022,28,0,0,0,0,0.0
RAM,C/V TRADESMAN,2015-2022,1,0,0,0,0,0.0
JAYCO,SENECA,2015-2022,10,0,0,0,0,0.0
IC BUS,CESB,2015-2022,10,0,0,0,0,0.0
FORD,F-650,2015-2022,10,0,0,0,0,0.0
COACHMEN,SPIRIT,2015-2022,4,0,0,0,0,0.0
VANDERHALL,CARMEL GTS,2015-2022,1,0,0,0,0,0.0
HARLEY-DAVIDSON,FXDL,2015-2022,1,0,0,0,0,0.0
ROADTREK,RS ADVENTUROUS,2015-2022,1,0,0,0,0,0.0
FLEETWOOD,EXPEDITION,2015-2022,1,0,0,0,0,0.0
BMW,R1250 GS ADVENTURE,2015-2022,3,0,0,0,0,0.0
STARCRAFT BUS,QUEST,2015-2022,2,0,0,0,0,0.0
DRAGSTER SUPPLY,DRAGSTER SUPPLY,2015-2022,2,0,0,0,0,0.0
AUDI,TT,2015-2022,3,0,0,0,0,0.0
PIERCE,PUMPER,2015-2022,1,0,0,0,0,0.0
PETERBILT,330,2015-2022,1,0,0,0,0,0.0
KEYSTONE,TRAVEL TRAILER,2015-2022,2,0,0,0,0,0.0
CHEVROLET,5500HD,2015-2022,6,0,0,0,0,0.0
BMW,R 1250 GS,2015-2022,27,0,0,0,0,0.0
MERCEDES-BENZ,AMG GT,2015-2022,18,0,0,0,0,0.0
ALUMINUM TRAILER CO,ALUMINUM TRAILER CO,2015-2022,5,0,0,0,0,0.0
MITSUBISHI,I-MIEV,2015-2022,1,0,0,0,0,0.0
FLEETWOOD,PACE ARROW LXE,2015-2022,2,0,0,0,0,0.0
HUSQVARNA,701 SUPERMOTO,2015-2022,1,0,0,0,0,0.0
TAOTAO,LANCER 150,2015-2022,1,0,0,0,0,0.0
MACK,PINNACLE (CHU),2015-2022,1,0,0,0,0,0.0
KZRV,SONIC LITE,2015-2022,1,0,0,0,0,0.0
BMW,R 1250 GS ADVENTURE,2015-2022,1,0,0,0,0,0.0
INDIAN,CHIEFTAIN DARK HORSE,2015-2022,7,0,0,0,0,0.0
JAYCO,MELBOURNE,2015-2022,3,0,0,0,0,0.0
MERCEDES-BENZ,GLB 200,2015-2022,1,0,0,0,0,0.0
MERCEDES-BENZ,GLE350D,2015-2022,6,0,0,0,0,0.0
BMW,840I,2015-2022,11,0,0,0,0,0.0
TRIUMPH,THRUXTON R,2015-2022,8,0,0,0,0,0.0
HINO,195,2015-2022,3,0,0,0,0,0.0
HARLEY-DAVIDSON,FLHT,2015-2022,3,0,0,0,0,0.0
YAMAHA,STAR VENTURE,2015-2022,5,0,0,0,0,0.0
MERCEDES-BENZ,E43 AMG,2015-2022,4,0,0,0,0,0.0
BMW,C 400 X,2015-2022,1,0,0,0,0,0.0
WINNEBAGO,TREND,2015-2022,1,0,0,0,0,0.0
DETAIL K2,5X7,2015-2022,1,0,0,0,0,0.0
BMW,M340I,2015-2022,69,0,0,0,0,0.0
WINNEBAGO,WGO,2015-2022,1,0,0,0,0,0.0
WINNEBAGO,MINNIE,2015-2022,10,0,0,0,0,0.0
KME,COMMERCIAL RESCUE,2015-2022,1,0,0,0,0,0.0
HUSQVARNA,VITPILEN 701,2015-2022,12,0,0,0,0,0.0
INDIAN,SPRINGFIELD DARK HORSE,2015-2022,1,0,0,0,0,0.0
KAWASAKI,Z125 PRO,2015-2022,2,0,0,0,0,0.0
HARLEY-DAVIDSON,FLFBS,2015-2022,2,0,0,0,0,0.0
FOREST RIVER,RAINIER,2015-2022,1,0,0,0,0,0.0
DODGE,VIPER,2015-2022,3,0,0,0,0,0.0
MERCEDES-BENZ,C 350,2015-2022,1,0,0,0,0,0.0
NORTH CENTRAL EMERGENCY,FORD E-450,2015-2022,8,0,0,0,0,0.0
VANDERHALL,CARMEL,2015-2022,6,0,0,0,0,0.0
HONDA,CRF1100A,2015-2022,9,0,0,0,0,0.0
TAXA,CRICKET,2015-2022,5,0,0,0,0,0.0
SUZUKI,GSX1300RAL8,2015-2022,1,0,0,0,0,0.0
DUCATI,MONSTER 1200,2015-2022,7,0,0,0,0,0.0
CAN-AM,COMMANDER,2015-2022,1,0,0,0,0,0.0
SYM,HD 200,2015-2022,2,0,0,0,0,0.0
VOLVO,V90,2015-2022,5,0,0,0,0,0.0
HONDA,VT750C,2015-2022,2,0,0,0,0,0.0
HONDA,Z125M,2015-2022,1,0,0,0,0,0.0
FOREST RIVER,RIVERSTONE,2015-2022,3,0,0,0,0,0.0
CRUISER RV,SOUTH FORK,2015-2022,1,0,0,0,0,0.0
SPARTAN,GLADIATOR,2015-2022,1,0,0,0,0,0.0
FOREST RIVER,FREEDOM EXPRESS,2015-2022,7,0,0,0,0,0.0
MCLAREN,570,2015-2022,3,0,0,0,0,0.0
BEAR TRAILER,BEAR TRAILER,2015-2022,1,0,0,0,0,0.0
YAMAHA,STAR ELUDE,2015-2022,1,0,0,0,0,0.0
RIVERSIDE,INTREPID,2015-2022,2,0,0,0,0,0.0
ROLLS-ROYCE,WRAITH,2015-2022,2,0,0,0,0,0.0
KTM,ENDURO,2015-2022,1,0,0,0,0,0.0
HIGHLAND RIDGE FW,LIGHT,2015-2022,1,0,0,0,0,0.0
TRIUMPH,BONNEVILLE T120,2015-2022,1,0,0,0,0,0.0
AMERICAN COACH,AMERICAN TRADITION,2015-2022,3,0,0,0,0,0.0
AUDI,RS5,2015-2022,1,0,0,0,0,0.0
CLASSIC WELDING,CLASSIC WELDING,2015-2022,1,0,0,0,0,0.0
RIVERSIDE,TRAVEL TRAILER,2015-2022,1,0,0,0,0,0.0
INTECH,CUSTOM TRAILER,2015-2022,5,0,0,0,0,0.0
NEWMAR,MOUNTAIN AIRE,2015-2022,8,0,0,0,0,0.0
HARLEY-DAVIDSON,FLHR / ROAD KING,2015-2022,1,0,0,0,0,0.0
FCCC,XCM,2015-2022,9,0,0,0,0,0.0
YAMAHA,XC155F,2015-2022,1,0,0,0,0,0.0
US CARGO,CARGO TRAILER,2015-2022,1,0,0,0,0,0.0
MERCEDES-BENZ,SL550,2015-2022,6,0,0,0,0,0.0
CRUISE CAR,MOKE,2015-2022,2,0,0,0,0,0.0
VANLEIGH,BEACON,2015-2022,12,0,0,0,0,0.0
BLACKSERIES CAMPERS,DOMINATOR,2015-2022,1,0,0,0,0,0.0
MERCEDES-BENZ,S550 HYBRID,2015-2022,1,0,0,0,0,0.0
CHEVROLET,DUPLICATE SILVERADO 5500,2015-2022,3,0,0,0,0,0.0
TRIUMPH,TIGER 800XC ABS A1,2015-2022,1,0,0,0,0,0.0
NEWMAR,ESSEX,2015-2022,3,0,0,0,0,0.0
YAMAHA,XC155,2015-2022,2,0,0,0,0,0.0
PALOMINO,COLUMBUS COMPASS,2015-2022,1,0,0,0,0,0.0
INDIAN,CHALLENGER,2015-2022,3,0,0,0,0,0.0
DUTCHMEN,COLEMAN,2015-2022,5,0,0,0,0,0.0
HONDA,CBR600RR,2015-2022,3,0,0,0,0,0.0
URAL,TOURIST,2015-2022,3,0,0,0,0,0.0
HOLIDAY RAMBLER,ENDEAVOR XE,2015-2022,1,0,0,0,0,0.0
BMW,M6,2015-2022,6,0,0,0,0,0.0
INTERSTATE,TRAILER,2015-2022,1,0,0,0,0,0.0
THOR MOTOR COACH,GEMINI,2015-2022,4,0,0,0,0,0.0
YACHT CLUB,1825B,2015-2022,1,0,0,0,0,0.0
KTM,1290 SUPER ADVENTURE S,2015-2022,5,0,0,0,0,0.0
COACH HOUSE,PLATINUM III,2015-2022,1,0,0,0,0,0.0
BMW,850GS,2015-2022,1,0,0,0,0,0.0
FREIGHTLINER,108SD,2015-2022,2,0,0,0,0,0.0
CARRY-ON,OPEN BED TRAILER,2015-2022,1,0,0,0,0,0.0
FLAGSTAFF LITE WEIGHT TRA,FLT831BHWSS,2015-2022,1,0,0,0,0,0.0
HONDA,CB500X,2015-2022,1,0,0,0,0,0.0
FLEETWOOD,STORM,2015-2022,5,0,0,0,0,0.0
KIA,FORTE KOUP,2015-2022,2,0,0,0,0,0.0
PJ TRAILERS,DE,2015-2022,1,0,0,0,0,0.0
ROADTREK,CS ADVENTUROUS,2015-2022,2,0,0,0,0,0.0
ALINER,CAMPER TRAILER,2015-2022,1,0,0,0,0,0.0
VOLVO,VN,2015-2022,10,0,0,0,0,0.0
KARAVAN,BOAT TRAILER,2015-2022,7,0,0,0,0,0.0
PJ TRAILERS,BUGGY HAULER,2015-2022,1,0,0,0,0,0.0
MIDWEST AUTOMOTIVE DESIGN,WEEKENDER,2015-2022,1,0,0,0,0,0.0
SSR,BENELLI,2015-2022,2,0,0,0,0,0.0
MACK,MRU,2015-2022,1,0,0,0,0,0.0
HARLEY-DAVIDSON,FLFBS ANV,2015-2022,1,0,0,0,0,0.0
THOR MOTOR COACH,SEQUENCE,2015-2022,6,0,0,0,0,0.0
FOREST RIVER,V-TREC,2015-2022,1,0,0,0,0,0.0
NEXUS,WRAITH,2015-2022,1,0,0,0,0,0.0
ALUMA,ALUMA,2015-2022,3,0,0,0,0,0.0
TRIUMPH,SPEED TRIPLE R,2015-2022,6,0,0,0,0,0.0
TRIUMPH,SPEED TWIN,2015-2022,2,0,0,0,0,0.0
TRIUMPH,SPEED TRIPLE RS,2015-2022,4,0,0,0,0,0.0
FCCC,XCR,2015-2022,3,0,0,0,0,0.0
CHEVROLET,6500HD,2015-2022,1,0,0,0,0,0.0
LEXUS,LS HYBRID,2015-2022,3,0,0,0,0,0.0
ISUZU,FTR,2015-2022,1,0,0,0,0,0.0
ALCOM,ALCOM,2015-2022,1,0,0,0,0,0.0
KTM,500 EXC,2015-2022,1,0,0,0,0,0.0
BLACKSERIES CAMPERS,ALPHA,2015-2022,1,0,0,0,0,0.0
STARCRAFT RV TT,MOSSY OAK,2015-2022,1,0,0,0,0,0.0
MERCEDES-BENZ,GLE 580,2015-2022,7,0,0,0,0,0.0
FERRARI,GTC4LUSSO,2015-2022,2,0,0,0,0,0.0
GMC,G3500,2015-2022,2,0,0,0,0,0.0
COACHMEN,BEYOND,2015-2022,3,0,0,0,0,0.0
YAMAHA,FJR1300,2015-2022,7,0,0,0,0,0.0
MERCEDES-BENZ,AMG GLC63 S,2015-2022,1,0,0,0,0,0.0
INFINITI,Q70L,2015-2022,8,0,0,0,0,0.0
FERRARI,458 ITALIA,2015-2022,1,0,0,0,0,0.0
MERCEDES-BENZ,SL400,2015-2022,3,0,0,0,0,0.0
THOR MOTOR COACH,MAGNITUDE,2015-2022,15,0,0,0,0,0.0
HOLMES ENTERPRISES,CAR HAULER,2015-2022,1,0,0,0,0,0.0
GENESIS SUPREME,GENESIS SUPREME,2015-2022,1,0,0,0,0,0.0
RENEGADE,VERONA,2015-2022,3,0,0,0,0,0.0
PRIME TIME,NAVI,2015-2022,1,0,0,0,0,0.0
MERCEDES-BENZ,SLK300,2015-2022,2,0,0,0,0,0.0
WINNEBAGO,TOUR,2015-2022,1,0,0,0,0,0.0
ARCIMOTO,FUV,2015-2022,2,0,0,0,0,0.0
DUCATI,PANIGALE V2,2015-2022,1,0,0,0,0,0.0
COACHMEN,SHASTA,2015-2022,1,0,0,0,0,0.0
HARLEY-DAVIDSON,VRSCF,2015-2022,5,0,0,0,0,0.0
ZONGSHEN,ZS491,2015-2022,1,0,0,0,0,0.0
HIGHLAND RIDGE TT,OPEN RANGE,2015-2022,1,0,0,0,0,0.0
YAMAHA,YZFR3K,2015-2022,1,0,0,0,0,0.0
VOLKSWAGEN,EOS,2015-2022,7,0,0,0,0,0.0
EZ LOADER,TEZL,2015-2022,1,0,0,0,0,0.0
YAMAHA,XTZ12,2015-2022,1,0,0,0,0,0.0
LEXUS,IS 250C,2015-2022,1,0,0,0,0,0.0
BMW,S 1000 XR,2015-2022,4,0,0,0,0,0.0
DUCATI,MULTISTRADA 1260,2015-2022,2,0,0,0,0,0.0
TRIUMPH,SPEED TRIPLE S,2015-2022,1,0,0,0,0,0.0
INTERNATIONAL,PROSTAR,2015-2022,1,0,0,0,0,0.0
FORD,F-750 SD,2015-2022,3,0,0,0,0,0.0
KAWASAKI,NINJA ZX-6R,2015-2022,3,0,0,0,0,0.0
PORSCHE,REDUNDANT CAYMAN,2015-2022,1,0,0,0,0,0.0
CONTINENTAL CARGO,V-SERIES,2015-2022,1,0,0,0,0,0.0
HUDSON TRAILER,HUDSON TRAILER,2015-2022,1,0,0,0,0,0.0
FCCC,S2RV,2015-2022,4,0,0,0,0,0.0
GRAND DESIGN,TRANSCEND,2015-2022,9,0,0,0,0,0.0
MERCEDES-BENZ,SL 450,2015-2022,2,0,0,0,0,0.0
LANCE,200I,2015-2022,1,0,0,0,0,0.0
BMW,X5 HYBRID,2015-2022,4,0,0,0,0,0.0
WINNEBAGO,SOLIS,2015-2022,6,0,0,0,0,0.0
FCCC,XBR,2015-2022,1,0,0,0,0,0.0
ENTEGRA,VISION,2015-2022,8,0,0,0,0,0.0
MCLAREN,600LT,2015-2022,2,0,0,0,0,0.0
LOAD RITE,LOAD RITE TRAILER,2015-2022,1,0,0,0,0,0.0
TRIUMPH,TIGER 800 XCA,2015-2022,1,0,0,0,0,0.0
MERCEDES-BENZ,AMG G63,2015-2022,7,0,0,0,0,0.0
HORTON,TYPE I,2015-2022,1,0,0,0,0,0.0
COACHMEN,BLAST,2015-2022,1,0,0,0,0,0.0
AUDI,A3 ETRON,2015-2022,2,0,0,0,0,0.0
INDIAN,CHIEFTAIN LIMITED,2015-2022,2,0,0,0,0,0.0
CONTINENTAL CARGO,CARGO TRAILER,2015-2022,1,0,0,0,0,0.0
KTM,690 SMC R,2015-2022,7,0,0,0,0,0.0
GMC,SAVANA 3500,2015-2022,1,0,0,0,0,0.0
TRIUMPH,ROCKET 3 R,2015-2022,6,0,0,0,0,0.0
MERCEDES-BENZ,GLE 350 E,2015-2022,2,0,0,0,0,0.0
KZRV,SONIC,2015-2022,2,0,0,0,0,0.0
DUCATI,MONSTER 797,2015-2022,1,0,0,0,0,0.0
ENTEGRA,ODYSSEY,2015-2022,4,0,0,0,0,0.0
LAMBORGHINI,AVENTADOR S,2015-2022,1,0,0,0,0,0.0
TAOTAO,TBR7,2015-2022,1,0,0,0,0,0.0
MERCEDES-BENZ,SLC300,2015-2022,4,0,0,0,0,0.0
IC BUS,PB105,2015-2022,2,0,0,0,0,0.0
BMW,K 1600 B,2015-2022,13,0,0,0,0,0.0
LEXUS,LX,2015-2022,9,0,0,0,0,0.0
LGS INDUSTRIES,LOOK,2015-2022,2,0,0,0,0,0.0
PRIME TIME,LACROSSE,2015-2022,2,0,0,0,0,0.0
SUZUKI,V-STROM 1050XT,2015-2022,3,0,0,0,0,0.0
COACHMEN,ENCORE,2015-2022,3,0,0,0,0,0.0
INDIAN,CHIEFTAN,2015-2022,2,0,0,0,0,0.0
THOR MOTOR COACH,DELANO,2015-2022,3,0,0,0,0,0.0
MERCEDES-BENZ,S63,2015-2022,1,0,0,0,0,0.0
POLARIS,SLINGSHOT SL,2015-2022,1,0,0,0,0,0.0
INDIAN,CHIEF ROADMASTER,2015-2022,3,0,0,0,0,0.0
NEXUS,TRIUMPH,2015-2022,1,0,0,0,0,0.0
KEYSTONE,SUMMERLAND,2015-2022,1,0,0,0,0,0.0
KZRV,SPORTTREK,2015-2022,7,0,0,0,0,0.0
NISSAN,REDUNDANT MURANO,2015-2022,3,0,0,0,0,0.0
H&H,ALUMINUM TANDEM AXLE,2015-2022,1,0,0,0,0,0.0
HOLIDAY RAMBLER,INVICTA,2015-2022,5,0,0,0,0,0.0
BLUE BIRD,BBCV,2015-2022,3,0,0,0,0,0.0
MERCEDES-BENZ,AMG GT53,2015-2022,4,0,0,0,0,0.0
FREIGHTLINER,CONVENTIONAL,2015-2022,1,0,0,0,0,0.0
BIG TEX,BIG TEX,2015-2022,2,0,0,0,0,0.0
PETERBILT,365,2015-2022,1,0,0,0,0,0.0
FOREST RIVER,SUNSHINE,2015-2022,2,0,0,0,0,0.0
MAXEY TRAILERS,MAXEY TRAILERS,2015-2022,2,0,0,0,0,0.0
EAST TO WEST,SILVER LAKE,2015-2022,1,0,0,0,0,0.0
AUDI,SQ8,2015-2022,8,0,0,0,0,0.0
NEWMAR,BAY STAR SPORT,2015-2022,5,0,0,0,0,0.0
EAST TO WEST,ALTA,2015-2022,2,0,0,0,0,0.0
ASTON MARTIN,DB9,2015-2022,2,0,0,0,0,0.0
FOREST RIVER,IBEX,2015-2022,2,0,0,0,0,0.0
HONDA,CRF450,2015-2022,2,0,0,0,0,0.0
ASTON MARTIN,V12 VANTAGE COUPE,2015-2022,1,0,0,0,0,0.0
SPARTAN,K2,2015-2022,7,0,0,0,0,0.0
TRIUMPH,ROCKET 3 GT,2015-2022,12,0,0,0,0,0.0
DUTCHMEN,ASTORIA,2015-2022,1,0,0,0,0,0.0
JAYCO,ALL TRAVEL TRAILERS,2015-2022,1,0,0,0,0,0.0
WINNEBAGO,ADVENTURER,2015-2022,15,0,0,0,0,0.0
THOR MOTOR COACH,VENETIAN,2015-2022,5,0,0,0,0,0.0
HUSQVARNA,SVARTPILEN 701,2015-2022,2,0,0,0,0,0.0
HUSQVARNA,701 ENDURO LR,2015-2022,1,0,0,0,0,0.0
DUCATI,PANIGALE,2015-2022,4,0,0,0,0,0.0
VOLKSWAGEN,GLI,2015-2022,2,0,0,0,0,0.0
TRIUMPH,ROCKET III ROADSTER,2015-2022,1,0,0,0,0,0.0
KENWORTH,T170,2015-2022,1,0,0,0,0,0.0
HARLEY-DAVIDSON,FLHC,2015-2022,4,0,0,0,0,0.0
SPARTAN,METROSTAR,2015-2022,1,0,0,0,0,0.0
TIFFIN,ALLEGRO BREEZE,2015-2022,7,0,0,0,0,0.0
MERCEDES-BENZ,AMG GLE53,2015-2022,29,0,0,0,0,0.0
COACHMEN,ORION,2015-2022,1,0,0,0,0,0.0
FOREST RIVER,ROCKPORT,2015-2022,1,0,0,0,0,0.0
RENEGADE RV,VALENCIA,2015-2022,3,0,0,0,0,0.0
KTM,LC4 DUKE,2015-2022,4,0,0,0,0,0.0
HONDA,CRF450L,2015-2022,1,0,0,0,0,0.0
KENDON,MOTORCYCLE TRAILER,2015-2022,1,0,0,0,0,0.0
TRIUMPH,STREET TRIPLE R,2015-2022,1,0,0,0,0,0.0
ALLIANCE RV,PARADIGM,2015-2022,11,0,0,0,0,0.0
THOR MOTOR COACH,SCOPE,2015-2022,15,0,0,0,0,0.0
VESPA,PRIMAVERA 150,2015-2022,2,0,0,0,0,0.0
KTM,1090 ADVENTURE R,2015-2022,3,0,0,0,0,0.0
BMW,G 310 R,2015-2022,2,0,0,0,0,0.0
ESCAPE,E21C,2015-2022,1,0,0,0,0,0.0
BMW,R1200 RS,2015-2022,4,0,0,0,0,0.0
FERRARI,812 SUPERFAST,2015-2022,1,0,0,0,0,0.0
EAST MANUFACTURING,FRAME GENESIS TRAILER,2015-2022,1,0,0,0,0,0.0
HARLEY-DAVIDSON,FXBBS,2015-2022,4,0,0,0,0,0.0
MOTO GUZZI,V85 TT,2015-2022,3,0,0,0,0,0.0
FCCC,XCA,2015-2022,1,0,0,0,0,0.0
FERRARI,488 SPIDER,2015-2022,1,0,0,0,0,0.0
GENUINE SCOOTER,BRIO,2015-2022,1,0,0,0,0,0.0
HIGHLAND RIDGE FW,HIGHLANDER,2015-2022,4,0,0,0,0,0.0
COACH HOUSE,PLATINUM,2015-2022,1,0,0,0,0,0.0
FOREST RIVER,ECONOMY HAULER,2015-2022,1,0,0,0,0,0.0
TRIUMPH,SPEED TRIPLE,2015-2022,2,0,0,0,0,0.0
NORTH SHORE,CARGO TRAILER,2015-2022,1,0,0,0,0,0.0
KTM,890 ADVENTURE R,2015-2022,4,0,0,0,0,0.0
MV AGUSTA,BRUTALE 800 DRAGSTER RC,2015-2022,1,0,0,0,0,0.0
KTM,890 ADVENTURE,2015-2022,1,0,0,0,0,0.0
WINNEBAGO,EKKO,2015-2022,54,0,0,0,0,0.0
MERCEDES-BENZ,AMG GLB35,2015-2022,7,0,0,0,0,0.0
KEYSTONE,CROSSROADS REDWOOD,2015-2022,2,0,0,0,0,0.0
HARLEY-DAVIDSON,FLTRK,2015-2022,4,0,0,0,0,0.0
PORSCHE,CAYENNE S,2015-2022,1,0,0,0,0,0.0
KZRV,SPORTSMEN LE,2015-2022,2,0,0,0,0,0.0
HONDA,TRAIL 125,2015-2022,2,0,0,0,0,0.0
TIFFIN,BREEZE,2015-2022,1,0,0,0,0,0.0
MCLAREN,720S,2015-2022,2,0,0,0,0,0.0
CHEVROLET,SUBURBAN 1500,2015-2022,1,0,0,0,0,0.0
HONDA,VFR1200X,2015-2022,2,0,0,0,0,0.0
TRIPLE E,UNITY,2015-2022,1,0,0,0,0,0.0
NISSAN,MURANO HYBRID,2015-2022,1,0,0,0,0,0.0
KTM,890 ADVENTURE R RALLY,2015-2022,1,0,0,0,0,0.0
GENESIS SUPREME,VORTEX,2015-2022,1,0,0,0,0,0.0
JAYCO,EMBARK,2015-2022,2,0,0,0,0,0.0
PORSCHE,CAYMAN,2015-2022,4,0,0,0,0,0.0
STEALTH,NOMAD,2015-2022,1,0,0,0,0,0.0
KTM,790 ADVENTURE R RALLY,2015-2022,2,0,0,0,0,0.0
LOTUS,EVORA,2015-2022,4,0,0,0,0,0.0
MERCEDES-BENZ,S500E,2015-2022,1,0,0,0,0,0.0
RENEGADE,VALENCIA,2015-2022,2,0,0,0,0,0.0
HARLEY-DAVIDSON,FXBB,2015-2022,1,0,0,0,0,0.0
BMW,R 18 CLASSIC,2015-2022,3,0,0,0,0,0.0
HONDA,CBF300,2015-2022,2,0,0,0,0,0.0
COACHMEN,CHAPARRAL LITE,2015-2022,1,0,0,0,0,0.0
KEYSTONE,COLEMAN,2015-2022,1,0,0,0,0,0.0
THOR MOTOR COACH,TELLARO,2015-2022,3,0,0,0,0,0.0
KIA,SORENTO HYBRID,2015-2022,33,0,0,0,0,0.0
JAYCO,REDHAWK SE,2015-2022,1,0,0,0,0,0.0
ATRO,ATRO,2015-2022,1,0,0,0,0,0.0
HONDA,NC750X,2015-2022,2,0,0,0,0,0.0
HOMESTEADER,HOMESTEADER,2015-2022,1,0,0,0,0,0.0
INDIAN,SUPER CHIEF,2015-2022,2,0,0,0,0,0.0
LIGHTNING EMOTORS,FORD E-450,2015-2022,1,0,0,0,0,0.0
AMERICAN HAULER,SILVER HAWK,2015-2022,1,0,0,0,0,0.0
MV AGUSTA,F1,2015-2022,2,0,0,0,0,0.0
GMC,TERRAIN NA,2015-2022,28,0,0,0,0,0.0
KENWORTH,T440,2015-2022,1,0,0,0,0,0.0
KTM,RC 390,2015-2022,1,0,0,0,0,0.0
4-STAR TRAILER,HORSE TRAILER,2015-2022,2,0,0,0,0,0.0
ROYAL ENFIELD,INTERCEPTOR 650,2015-2022,2,0,0,0,0,0.0
FOREST RIVER,CASCADE,2015-2022,2,0,0,0,0,0.0
AUDI,RS E-TRON GT,2015-2022,4,0,0,0,0,0.0
OLIVER TRAVEL TRAILERS,LEGACY ELITE II,2015-2022,3,0,0,0,0,0.0
BRAXTON CREEK,LX,2015-2022,1,0,0,0,0,0.0
ORANGE LINE,TH70,2015-2022,1,0,0,0,0,0.0
LEXUS,NX450H+,2015-2022,2,0,0,0,0,0.0
WHITE RIVER MARINE GROUP,BOAT TRAILER,2015-2022,10,0,0,0,0,0.0
MERCEDES-BENZ,AMG GLA35,2015-2022,1,0,0,0,0,0.0
BMW,F800 GT,2015-2022,1,0,0,0,0,0.0
KAWASAKI,Z 650,2015-2022,1,0,0,0,0,0.0
COACHMEN,SPORTSCOACH,2015-2022,4,0,0,0,0,0.0
EAST TO WEST,DELLA TERRA,2015-2022,1,0,0,0,0,0.0
AMERICAN HAULER,CARGO TRAILERS,2015-2022,1,0,0,0,0,0.0
JAYCO,MELBOURNE PRESTIGE,2015-2022,1,0,0,0,0,0.0
HARLEY-DAVIDSON,XL1200NS,2015-2022,1,0,0,0,0,0.0
KEYSTONE,ARCADIA,2015-2022,6,0,0,0,0,0.0
LEISURE TRAVEL VAN,UNITY,2015-2022,1,0,0,0,0,0.0
GULF STREAM,BT CRUISER,2015-2022,1,0,0,0,0,0.0
HYUNDAI,TUCSON PLUG-IN HYBRID,2015-2022,7,0,0,0,0,0.0
TRIUMPH,SPEED  TRIPLE,2015-2022,2,0,0,0,0,0.0
ISUZU,N-SERIES,2015-2022,1,0,0,0,0,0.0
KL MANUFACTURING,TRAILER,2015-2022,1,0,0,0,0,0.0
FOREST RIVER,CHEROKEE WOLF PACK,2015-2022,2,0,0,0,0,0.0
MERCEDES-BENZ,GLC 350 E,2015-2022,4,0,0,0,0,0.0
ZERO,S,2015-2022,1,0,0,0,0,0.0
HONDA,CB300,2015-2022,2,0,0,0,0,0.0
DUCATI,SCRAMBLER 800 CAFE RACER,2015-2022,3,0,0,0,0,0.0
VICTORY,VEGAS,2015-2022,1,0,0,0,0,0.0
HARLEY-DAVIDSON,FLSB,2015-2022,2,0,0,0,0,0.0
THOR MOTOR COACH,TIBURON,2015-2022,1,0,0,0,0,0.0
KTM,390 ADVENTURE,2015-2022,8,0,0,0,0,0.0
NEWMAR,KOUNTRY STAR,2015-2022,6,0,0,0,0,0.0
HONDA,CRF300L,2015-2022,1,0,0,0,0,0.0
AUDI,RS 6 AVANT,2015-2022,5,0,0,0,0,0.0
FOREST RIVER,EAST TO WEST ALTA,2015-2022,1,0,0,0,0,0.0
MERHOW,MERHOW,2015-2022,1,0,0,0,0,0.0
INFINITI,REDUNDANT QX55,2015-2022,1,0,0,0,0,0.0
INDIAN,FTR1200,2015-2022,3,0,0,0,0,0.0
GREENPOWER,SCHOOL BUS,2015-2022,1,0,0,0,0,0.0
MV AGUSTA,B1,2015-2022,2,0,0,0,0,0.0
INTERNATIONAL,CV,2015-2022,4,0,0,0,0,0.0
TRIUMPH,TIGER 900,2015-2022,3,0,0,0,0,0.0
AUDI,E-TRON GT,2015-2022,7,0,0,0,0,0.0
HARLEY-DAVIDSON,RA1250,2015-2022,20,0,0,0,0,0.0
BMW,540D,2015-2022,3,0,0,0,0,0.0
JAYCO,MELBOURNE CLASS C,2015-2022,2,0,0,0,0,0.0
HARLEY-DAVIDSON,NIGHTSTER (RH1250),2015-2022,3,0,0,0,0,0.0
PALOMINO,PUMA,2015-2022,2,0,0,0,0,0.0
MERCEDES-BENZ,C 350 E,2015-2022,2,0,0,0,0,0.0
HIGHLAND RIDGE TT,ULTRA LITE,2015-2022,1,0,0,0,0,0.0
FLEETWOOD,FRONTIER,2015-2022,3,0,0,0,0,0.0
GENUINE SCOOTER,NIU MQIGT EVO,2015-2022,3,0,0,0,0,0.0
KEYSTONE,ASPEN TRAIL,2015-2022,3,0,0,0,0,0.0
VITACCI,BULLET 25,2015-2022,1,0,0,0,0,0.0
THOMAS BUILT BUSES,SAF-T-LINER HDX,2015-2022,1,0,0,0,0,0.0
KZRV,SPORTSTER,2015-2022,1,0,0,0,0,0.0
QUALITY,CARGO TRAILER,2015-2022,2,0,0,0,0,0.0
AIRSTREAM,BAMBI,2015-2022,1,0,0,0,0,0.0
FOREST RIVER,AURORA,2015-2022,1,0,0,0,0,0.0
KZRV,SPREE,2015-2022,3,0,0,0,0,0.0
TOYOTA,REDUNDANT VENZA,2015-2022,1,0,0,0,0,0.0
ZERO,SR/S,2015-2022,2,0,0,0,0,0.0
HONDA,CRF1000LD,2015-2022,1,0,0,0,0,0.0
HYUNDAI,ELANTRA N,2015-2022,16,0,0,0,0,0.0
HOLIDAY HOUSE,18RB,2015-2022,4,0,0,0,0,0.0
D AND A CUSTOM,CUSTOM TRAILER,2015-2022,1,0,0,0,0,0.0
BMW,R 1250 RS,2015-2022,1,0,0,0,0,0.0
AIRSTREAM,TOMMY BAHAMA,2015-2022,1,0,0,0,0,0.0
XTREME OUTDOORS,LITTLE GUY MAX,2015-2022,2,0,0,0,0,0.0
TRAILSTAR,BOAT TRAILER,2015-2022,1,0,0,0,0,0.0
OSPREY CUSTOM,OC90,2015-2022,1,0,0,0,0,0.0
ENTEGRA,ETHOS,2015-2022,1,0,0,0,0,0.0
COACHMEN,CROSS COUNTRY,2015-2022,1,0,0,0,0,0.0
FREIGHTLINER,114SD,2015-2022,2,0,0,0,0,0.0
CARRY-ON,CARGO TRAILER,2015-2022,1,0,0,0,0,0.0
HOLIDAY HOUSE,24TB,2015-2022,1,0,0,0,0,0.0
ROADTREK,ZION SRT,2015-2022,1,0,0,0,0,0.0
AUDI,SQ7,2015-2022,12,0,0,0,0,0.0
FLEETWOOD,TERRA,2015-2022,1,0,0,0,0,0.0
HONDA,CRF1100 AFRICA TWIN,2015-2022,5,0,0,0,0,0.0
KEYSTONE,ATLAS,2015-2022,1,0,0,0,0,0.0
VOLVO,C40BEV,2015-2022,13,0,0,0,0,0.0
WINNEBAGO,SUNSTAR,2015-2022,3,0,0,0,0,0.0
HARLEY-DAVIDSON,FLTRKSE,2015-2022,1,0,0,0,0,0.0
ENTEGRA,ESTEEM,2015-2022,2,0,0,0,0,0.0
FCCC,MT45,2015-2022,1,0,0,0,0,0.0
FORD,F550,2015-2022,3,0,0,0,0,0.0
STONEWELL BODIES,MINI TRAILER,2015-2022,1,0,0,0,0,0.0
PLEASANT VALLEY,CIRRUS 620 TRUCK CAMPER,2015-2022,1,0,0,0,0,0.0
MERCEDES-BENZ,S 560,2015-2022,1,0,0,0,0,0.0
THOR MOTOR COACH,SANCTUARY,2015-2022,3,0,0,0,0,0.0
BLACKSERIES CAMPERS,PATRION,2015-2022,2,0,0,0,0,0.0
BLACK SERIES CAMPERS,BLACK SERIES CAMPER,2015-2022,1,0,0,0,0,0.0
BLACK SERIES CAMPERS,C12,2015-2022,1,0,0,0,0,0.0
AUDI,RS Q8,2015-2022,6,0,0,0,0,0.0
THOR MOTOR COACH,RIZE,2015-2022,7,0,0,0,0,0.0
BLUE BIRD,ALL AMERICAN SCHOOL BUS,2015-2022,6,0,0,0,0,0.0
ELITE TRAILER,GOOSENECK,2015-2022,1,0,0,0,0,0.0
HEARTLAND,TORQUE,2015-2022,1,0,0,0,0,0.0
ROUSH CLEANTECH,FORD E-450,2015-2022,1,0,0,0,0,0.0
WINNEBAGO,VOYAGE!,2015-2022,2,0,0,0,0,0.0
MERCEDES-BENZ,SLK250,2015-2022,4,0,0,0,0,0.0
CHEVROLET,SILVERADO 6500,2015-2022,2,0,0,0,0,0.0
BMW,640XI,2015-2022,8,0,0,0,0,0.0
YAMAHA,ZUMA 125,2015-2022,1,0,0,0,0,0.0
UTILITY TRAILER,VS2DC,2015-2022,2,0,0,0,0,0.0
THOMAS BUILT BUSES,MINOTOUR,2015-2022,1,0,0,0,0,0.0
KEYSTONE,AVALANCHE,2015-2022,3,0,0,0,0,0.0
BLUE BIRD,VISION SCHOOL BUS,2015-2022,1,0,0,0,0,0.0
JAYCO,SENECA PRESTIGE,2015-2022,1,0,0,0,0,0.0
CRUISER,STRYKER,2015-2022,1,0,0,0,0,0.0
AUDI,E-TRON SPORTBACK,2015-2022,20,0,0,0,0,0.0
YAMAHA,XTZ690,2015-2022,1,0,0,0,0,0.0
TRIUMPH,TIGER 1200 GT,2015-2022,1,0,0,0,0,0.0
ELDORADO MOBILITY,AMERIVAN,2015-2022,1,0,0,0,0,0.0
TRIUMPH,TRIDENT 660,2015-2022,3,0,0,0,0,0.0
RIVIAN,EDV,2015-2022,7,0,0,0,0,0.0
MERCEDES-MAYBACH,S 580,2015-2022,1,0,0,0,0,0.0
NISSAN,REDUNDANT PATHFINDER,2015-2022,5,0,0,0,0,0.0
KAWASAKI,VULCAN 1700 VOYAGER,2015-2022,1,0,0,0,0,0.0
APRILIA,RSV4,2015-2022,1,0,0,0,0,0.0
MERCEDES-BENZ,EQB 350 4MATIC,2015-2022,9,0,0,0,0,0.0
HONDA,CMX1100,2015-2022,5,0,0,0,0,0.0
GENESIS SUPREME,FIFTH WHEEL,2015-2022,2,0,0,0,0,0.0
KZRV,CAMPLITE,2015-2022,1,0,0,0,0,0.0
WINNEBAGO,INSPIRE,2015-2022,2,0,0,0,0,0.0
VAN HOOL,CX45,2015-2022,1,0,0,0,0,0.0
DRV,TRADITION,2015-2022,1,0,0,0,0,0.0
PLEASURE WAY,ASCENT,2015-2022,1,0,0,0,0,0.0
ELECTRAMECCANICA,SOLO G3,2015-2022,2,0,0,0,0,0.0
TRIUMPH,ROCKET 3 TFC,2015-2022,1,0,0,0,0,0.0
FOREST RIVER,NOMAD,2015-2022,1,0,0,0,0,0.0
FOUR WHEEL,HAWK,2015-2022,1,0,0,0,0,0.0
GMC,HUMMER EV PICKUP,2015-2022,6,0,0,0,0,0.0
LOAD TRAIL,S-TRLR,2015-2022,1,0,0,0,0,0.0
MIDWEST AUTOMOTIVE DESIGN,DAYCRUISER,2015-2022,1,0,0,0,0,0.0
LAKOTA,BIGHORN,2015-2022,1,0,0,0,0,0.0
CHEVROLET,SILVERADO 4500,2015-2022,3,0,0,0,0,0.0
CHEVROLET,4500HD,2015-2022,1,0,0,0,0,0.0
GENUINE SCOOTER,URBANO 50I,2015-2022,1,0,0,0,0,0.0
EAST TO WEST,TANDARA,2015-2022,2,0,0,0,0,0.0
TRIUMPH,STREET SCRAMBLER,2015-2022,1,0,0,0,0,0.0
LOAD TRAIL,TANDEM AXLE DUMP,2015-2022,1,0,0,0,0,0.0
KAWASAKI,KL650,2015-2022,2,0,0,0,0,0.0
HOLIDAY HOUSE,RECREATIONAL TRAILER,2015-2022,1,0,0,0,0,0.0
VOLVO,VNR,2015-2022,1,0,0,0,0,0.0
WINNEBAGO,BOLDT,2015-2022,1,0,0,0,0,0.0
DUTCHMEN,YUKON,2015-2022,1,0,0,0,0,0.0
CHARMAC,CARGO TRAILER,2015-2022,1,0,0,0,0,0.0
STARCRAFT RV TT,AUTUMN RIDGE OUTFITTER,2015-2022,1,0,0,0,0,0.0
HARLEY-DAVIDSON,RH1250S,2015-2022,7,0,0,0,0,0.0
ALLIANCE RV,AVENUE,2015-2022,3,0,0,0,0,0.0
ROYAL ENFIELD,CLASSIC 350,2015-2022,2,0,0,0,0,0.0
STARCRAFT RV FW,TELLURIDE,2015-2022,1,0,0,0,0,0.0
WALTON TRAILERS,TRAILER,2015-2022,1,0,0,0,0,0.0
PLEASANT VALLEY,TEARDROP TRAILER,2015-2022,2,0,0,0,0,0.0
OUTBACK CUSTOM,DODGE RAM RCA,2015-2022,1,0,0,0,0,0.0
TRIUMPH,TIGER 850,2015-2022,1,0,0,0,0,0.0
MIDWEST AUTOMOTIVE DESIGN,PASSAGE,2015-2022,1,0,0,0,0,0.0
ENTEGRA,QWEST,2015-2022,2,0,0,0,0,0.0
HIGHLAND RIDGE FW,OPEN RANGE ROAMER,2015-2022,1,0,0,0,0,0.0
KZRV,STRATUS,2015-2022,3,0,0,0,0,0.0
TRIUMPH,TIGER SPORT,2015-2022,1,0,0,0,0,0.0
HARLEY-DAVIDSON,FXLRST,2015-2022,4,0,0,0,0,0.0
KTM,V-TWIN RC8 SUPER DUKE R,2015-2022,1,0,0,0,0,0.0
TRIUMPH,BONNEVILLE BOBBER,2015-2022,2,0,0,0,0,0.0
CHAMPION BUS,CHALLENGER,2015-2022,2,0,0,0,0,0.0
FOREST RIVER,SHASTA OASIS,2015-2022,2,0,0,0,0,0.0
LAMBORGHINI,URUS,2015-2022,2,0,0,0,0,0.0
EARTHROAMER,LTI,2015-2022,1,0,0,0,0,0.0
DORSEY,DORSEY,2015-2022,1,0,0,0,0,0.0
FOREST RIVER,NO BOUNDARIES,2015-2022,1,0,0,0,0,0.0
TRAVEL LITE,TRAVEL LITE,2015-2022,1,0,0,0,0,0.0
SHASTA,OASIS,2015-2022,1,0,0,0,0,0.0
ROADTREK,SS AGILE,2015-2022,1,0,0,0,0,0.0
HONDA,CT125,2015-2022,1,0,0,0,0,0.0
PORSCHE,PANAMERA S E-HYBRID,2015-2022,1,0,0,0,0,0.0
ENTEGRA,ACCOLADE,2015-2022,5,0,0,0,0,0.0
NEW FLYER,XCELSIOR,2015-2022,2,0,0,0,0,0.0
GULF STREAM,CRUISER VN23BHS,2015-2022,1,0,0,0,0,0.0
BMW,740E,2015-2022,2,0,0,0,0,0.0
DUTCHMEN,ATLAS,2015-2022,1,0,0,0,0,0.0
MACK,LR,2015-2022,1,0,0,0,0,0.0
MACK,GRANITE (GR),2015-2022,6,0,0,0,0,0.0
DONGFANG,DF250RTB,2015-2022,1,0,0,0,0,0.0
KARAVAN,KARAVAN TRAILER,2015-2022,1,0,0,0,0,0.0
SUNSET PARK & RV,SUNLITE,2015-2022,1,0,0,0,0,0.0
MASTER TOW,MASTER TOW,2015-2022,1,0,0,0,0,0.0
MERCEDES-BENZ,AMG GT43,2015-2022,2,0,0,0,0,0.0
INDIAN,PURSUIT,2015-2022,2,0,0,0,0,0.0
YAMAHA,MT-09,2015-2022,2,0,0,0,0,0.0
BMW,R 18,2015-2022,9,0,0,0,0,0.0
HONDA,REBEL 1100,2015-2022,1,0,0,0,0,0.0
COACHMEN,NOVA,2015-2022,6,0,0,0,0,0.0
URAL,CT,2015-2022,2,0,0,0,0,0.0
RAM,PROMASTER 1500,2015-2022,4,0,0,0,0,0.0
CHEVROLET,SILVERADO LT,2015-2022,3,0,0,0,0,0.0
LIVEWIRE,LIVEWIRE,2015-2022,9,0,0,0,0,0.0
HYUNDAI,KONA N,2015-2022,7,0,0,0,0,0.0
ALFA ROMEO,4C,2015-2022,1,0,0,0,0,0.0
FLEETWOOD,DISCOVERY LXE,2015-2022,3,0,0,0,0,0.0
MERCEDES-MAYBACH,S 560 4MATIC,2015-2022,8,0,0,0,0,0.0
PORSCHE,911 GT3,2015-2022,1,0,0,0,0,0.0
ENTEGRA,EMBLEM,2015-2022,1,0,0,0,0,0.0
TOYOTA,TUNDRA HYBRID,2015-2022,2,0,0,0,0,0.0
MERCEDES-BENZ,G550,2015-2022,1,0,0,0,0,0.0
SUZUKI,GSX1300R,2015-2022,2,0,0,0,0,0.0
CRUISER,TWILIGHT,2015-2022,1,0,0,0,0,0.0
ALTEC,AT200A,2015-2022,3,0,0,0,0,0.0
PORSCHE,MACAN GTS,2015-2022,1,0,0,0,0,0.0
CARRY-ON,CARRY-ON,2015-2022,1,0,0,0,0,0.0
KTM,890 DUKE,2015-2022,3,0,0,0,0,0.0
INTERNATIONAL,HV,2015-2022,1,0,0,0,0,0.0
SPORT HAVEN,ALUMINUM UTILITY TRAILER,2015-2022,1,0,0,0,0,0.0
BMW,F 850 GS,2015-2022,1,0,0,0,0,0.0
KEYSTONE,SUNSET TRAIL,2015-2022,1,0,0,0,0,0.0
WINNEBAGO,SPYDER,2015-2022,1,0,0,0,0,0.0
SPARTAN TOOL,WARRIOR,2015-2022,1,0,0,0,0,0.0
QUALITY CARGO,BOX TRAILER,2015-2022,1,0,0,0,0,0.0
PJ TRAILERS,UC,2015-2022,1,0,0,0,0,0.0
ICON EV,I40,2015-2022,1,0,0,0,0,0.0
IC BUS,BE,2015-2022,1,0,0,0,0,0.0
AIRSTREAM,INTERSTATE NINETEEN,2015-2022,1,0,0,0,0,0.0
MERCEDES-BENZ,AMG SL63,2015-2022,5,0,0,0,0,0.0
BMW,R 1250 R,2015-2022,2,0,0,0,0,0.0
OLIVER TRAVEL TRAILERS,LEGACY ELITE,2015-2022,1,0,0,0,0,0.0
APRILIA,TUONO 660,2015-2022,1,0,0,0,0,0.0
PIAGGIO,BV 400,2015-2022,1,0,0,0,0,0.0
ARCIMOTO,ROADSTER,2015-2022,1,0,0,0,0,0.0
HARLEY-DAVIDSON,RA1250S,2015-2022,18,0,0,0,0,0.0
POLARIS,SLINGSHOT R,2015-2022,3,0,0,0,0,0.0
CHEVROLET,G4500,2015-2022,1,0,0,0,0,0.0
FREIGHTLINER,M2 BUSINESS CLASS,2015-2022,13,0,0,0,0,0.0
CUSTOM FIRE,FREIGHTLINER M2,2015-2022,1,0,0,0,0,0.0
CHEVROLET,4500,2015-2022,1,0,0,0,0,0.0
ZERO,SR/F,2015-2022,1,0,0,0,0,0.0
WESTERN STAR,49X,2015-2022,1,0,0,0,0,0.0
ALUMA,7816 TAESA,2015-2022,1,0,0,0,0,0.0
THOR MOTOR COACH,REDUNDANT CHALLENGER,2015-2022,1,0,0,0,0,0.0
AUDI,TT RS,2015-2022,1,0,0,0,0,0.0
MERCEDES-BENZ,GLS 580 4MATIC,2015-2022,3,0,0,0,0,0.0
MERCEDES-BENZ,AMG CLS63,2015-2022,1,0,0,0,0,0.0
FORD,F-600 SD,2015-2022,3,0,0,0,0,0.0
VESPA,GTS RST,2015-2022,1,0,0,0,0,0.0
GULF STREAM,VISTA CRUISER,2015-2022,1,0,0,0,0,0.0
AIRSTREAM,NEST,2015-2022,1,0,0,0,0,0.0
HINO,258,2015-2022,1,0,0,0,0,0.0
NORSTAR,TRAILER,2015-2022,1,0,0,0,0,0.0
QUALITY TRAILER,SINGLE AXLE TRAILER,2015-2022,1,0,0,0,0,0.0
MERCEDES-BENZ,S 560 E,2015-2022,5,0,0,0,0,0.0
IC BUS,CE SBUS,2015-2022,1,0,0,0,0,0.0
BUCKEYE,BUCKEYE,2015-2022,1,0,0,0,0,0.0
4 STAR,HORSE TRAILER,2015-2022,1,0,0,0,0,0.0
ENTEGRA,LAUNCH,2015-2022,2,0,0,0,0,0.0
MINI,COOPER S CLUBMAN,2015-2022,1,0,0,0,0,0.0
HONDA,CIVIC HATCHBACK,2015-2022,17,0,0,0,0,0.0
BAODIAO,9-LINES,2015-2022,1,0,0,0,0,0.0
INDIAN,FTR 1200 S,2015-2022,1,0,0,0,0,0.0
CFMOTO,650NK,2015-2022,1,0,0,0,0,0.0
INDIAN,CHALLENGER LIMITED,2015-2022,1,0,0,0,0,0.0
HIGHLAND RIDGE FW,MESA RIDGE XLT,2015-2022,1,0,0,0,0,0.0
HUSQVARNA,SVARTPILEN 401,2015-2022,3,0,0,0,0,0.0
FREIGHTLINER,122SD,2015-2022,2,0,0,0,0,0.0
HIGHLAND RIDGE TT,OPEN RANGE LIGHT,2015-2022,1,0,0,0,0,0.0
ACURA,TLX TYPE S,2015-2022,41,0,0,0,0,0.0
PROTERRA,CATALYST,2015-2022,1,0,0,0,0,0.0
PORSCHE,TAYCAN 4S,2015-2022,2,0,0,0,0,0.0
KEYSTONE,VOLTAGE,2015-2022,2,0,0,0,0,0.0
CHEVROLET,6500,2015-2022,1,0,0,0,0,0.0
JEEP,WRANGLER 4XE,2015-2022,7,0,0,0,0,0.0
TIFFIN,ALLEGRO BAY,2015-2022,1,0,0,0,0,0.0
YAMAHA,YZF690,2015-2022,1,0,0,0,0,0.0
INFINITI,QX55,2015-2022,8,0,0,0,0,0.0
ROYAL ENFIELD,INT 650,2015-2022,2,0,0,0,0,0.0
FREIGHTLINER,MT55,2015-2022,1,0,0,0,0,0.0
CRUISER,RADIANCE ULTRA-LITE,2015-2022,1,0,0,0,0,0.0
FCCC,XC CHASSIS,2015-2022,1,0,0,0,0,0.0
TOWMASTER,TILT TRAILER,2015-2022,1,0,0,0,0,0.0
GREENPOWER,EV STAR BUS,2015-2022,3,0,0,0,0,0.0
HINO,268,2015-2022,1,0,0,0,0,0.0
KAWASAKI,KLX250,2015-2022,1,0,0,0,0,0.0
PIERCE,LADDER AND PLATFORM,2015-2022,1,0,0,0,0,0.0
CADILLAC,ELR,2015-2022,4,0,0,0,0,0.0
TAXA,MANTIS,2015-2022,1,0,0,0,0,0.0
FREIGHTLINER,SPRINTER 4500,2015-2022,1,0,0,0,0,0.0
HARLEY-DAVIDSON,FXDRS,2015-2022,1,0,0,0,0,0.0
GMC,SAVANA CUTAWAY VAN,2015-2022,1,0,0,0,0,0.0
VESPA,GTS 300 HPE,2015-2022,1,0,0,0,0,0.0
PORSCHE,TAYCAN TURBO S,2015-2022,1,0,0,0,0,0.0
LAMBORGHINI,HURACAN,2015-2022,1,0,0,0,0,0.0
MERCEDES-BENZ,AMG C63 S,2015-2022,2,0,0,0,0,0.0
DUCATI,STREETFIGHTER,2015-2022,2,0,0,0,0,0.0
CHEVROLET,EXPRESS 3500,2015-2022,3,0,0,0,0,0.0
MINI,COOPER SE,2015-2022,1,0,0,0,0,0.0
JERR-DAN,MEDIUM DUTY CARRIER,2015-2022,1,0,0,0,0,0.0
TRIUMPH,SCRAMBLER 1200 XC,2015-2022,3,0,0,0,0,0.0
TRIUMPH,TIGER 900 GT,2015-2022,1,0,0,0,0,0.0
FORETRAVEL,REALM,2015-2022,1,0,0,0,0,0.0
KENTUCKY TRAILER,MV,2015-2022,1,0,0,0,0,0.0
GREAT DANE,DRY FREIGHT VAN,2015-2022,1,0,0,0,0,0.0
DUCATI,1199 PANIGALE,2015-2022,1,0,0,0,0,0.0
INDIAN,SCOUT BOBBER SIXTY,2015-2022,1,0,0,0,0,0.0
KTM,890 DUKE R,2015-2022,1,0,0,0,0,0.0
BMW,M850I,2015-2022,2,0,0,0,0,0.0
HYUNDAI,IONIQ,2015-2022,1,0,0,0,0,0.0
COTTRELL,2-CAR CARRIER,2015-2022,1,0,0,0,0,0.0
HARLEY-DAVIDSON,FXFB,2015-2022,1,0,0,0,0,0.0
FIELD VAN,SPRINTER,2015-2022,1,0,0,0,0,0.0
MCLAREN,570S,2015-2022,1,0,0,0,0,0.0
HOLIDAY RAMBLER,ARMADA,2015-2022,1,0,0,0,0,0.0
TAKE 3 TRAILERS,AUTO TRANSPORTER,2015-2022,1,0,0,0,0,0.0
HYUNDAI TRANSLEAD,DRY VAN TRAILER,2015-2022,1,0,0,0,0,0.0
ROSENBAUER,COMMERCIAL F-550,2015-2022,1,0,0,0,0,0.0
BRAXTON CREEK,BUSHWACKER,2015-2022,1,0,0,0,0,0.0
FORD,REDUNDANT F-250,2015-2022,4,0,0,0,0,0.0
MAC TRAILERS,WASTE TRAILER,2015-2022,1,0,0,0,0,0.0
GRECH,STRADA,2015-2022,1,0,0,0,0,0.0
BMW,M760I,2015-2022,1,0,0,0,0,0.0
BIG TEX,XT,2015-2022,1,0,0,0,0,0.0
KAWASAKI,NINJA ZX-14R,2015-2022,1,0,0,0,0,0.0
VOLVO,XC60PHEV,2015-2022,2,0,0,0,0,0.0
CLIPPER TOWABLE,CWT272RLS,2015-2022,1,0,0,0,0,0.0
AUDI,A7 E,2015-2022,2,0,0,0,0,0.0
BERKSHIRE,BE43C-450,2015-2022,1,0,0,0,0,0.0
CHEVROLET,EXPRESS CUTAWAY VAN,2015-2022,4,0,0,0,0,0.0
ESCAPE,ESCAPE 21,2015-2022,1,0,0,0,0,0.0
AMERICAN COACH,AMERICAN DREAM,2015-2022,1,0,0,0,0,0.0
HUSQVARNA,VITPILEN 401,2015-2022,2,0,0,0,0,0.0
STARCRAFT RV TT,TRAVEL STAR,2015-2022,1,0,0,0,0,0.0
LEXUS,LC,2015-2022,3,0,0,0,0,0.0
SUZUKI,DL650,2015-2022,1,0,0,0,0,0.0
MERCEDES BENZ,C205,2015-2022,1,0,0,0,0,0.0
INDIAN,CHIEFTAIN CLASSIC,2015-2022,1,0,0,0,0,0.0
CRUISER RV,RADIANCE,2015-2022,1,0,0,0,0,0.0
TRIPLE E RV,WONDER,2015-2022,1,0,0,0,0,0.0
MERCEDES-BENZ,EQB 300 4MATIC,2015-2022,8,0,0,0,0,0.0
ITASCA,SUNOVA,2015-2022,1,0,0,0,0,0.0
AUDI,A8 L E,2015-2022,1,0,0,0,0,0.0
MERCEDES BENZ,C190,2015-2022,1,0,0,0,0,0.0
PORSCHE,911 CARRERA S,2015-2022,1,0,0,0,0,0.0
PORSCHE,911 TURBO,2015-2022,1,0,0,0,0,0.0
MACK,CXU,2015-2022,1,0,0,0,0,0.0
BENTLEY,FLYING SPUR,2015-2022,2,0,0,0,0,0.0
MERCEDES-BENZ,C 300 4MATIC,2015-2022,1,0,0,0,0,0.0
AIRSTREAM,ATLAS,2015-2022,1,0,0,0,0,0.0
AIRSTREAM,MERCEDES-BENZ SPRINTER,2015-2022,1,0,0,0,0,0.0
HOLIDAY RAMBLER,ADMIRAL,2015-2022,1,0,0,0,0,0.0
STOUGHTON,VAN TRAILER,2015-2022,1,0,0,0,0,0.0
MERCEDES-BENZ,EQS 580 4MATIC,2015-2022,1,0,0,0,0,0.0
HIGHLAND RIDGE FW,MESA RIDGE,2015-2022,2,0,0,0,0,0.0
MERCEDES-BENZ,GLA 250 4MATIC,2015-2022,2,0,0,0,0,0.0
MERCEDES-BENZ,GLB 250 4MATIC,2015-2022,8,0,0,0,0,0.0
MERCEDES-MAYBACH,S 680,2015-2022,1,0,0,0,0,0.0
SUBARU,CROSSTREK HYBRID,2015-2022,1,0,0,0,0,0.0
HARLEY-DAVIDSON,FLHCS ANV,2015-2022,1,0,0,0,0,0.0
MERCEDES-BENZ,GLE 350 4MATIC,2015-2022,10,0,0,0,0,0.0
HOLIDAY RAMBLER,NAUTICA,2015-2022,1,0,0,0,0,0.0
TRIUMPH,SCRAMBLER A2,2015-2022,1,0,0,0,0,0.0
MERCEDES-BENZ,C220,2015-2022,4,0,0,0,0,0.0
FOREST RIVER,CARGO MATE,2015-2022,1,0,0,0,0,0.0
MERCEDES-BENZ,CLA 250 4MATIC,2015-2022,1,0,0,0,0,0.0
ROADTREK,ZION SLUMBER,2015-2022,2,0,0,0,0,0.0
FRAZER,RAM 5500 CHASSIS,2015-2022,1,0,0,0,0,0.0
MERCEDES-BENZ,S 560 4MATIC,2015-2022,7,0,0,0,0,0.0
HINO,338,2015-2022,1,0,0,0,0,0.0
AM GENERAL,MV-1,2015-2022,1,0,0,0,0,0.0
FORD,EXPLORER INTERCEPT HYBRID,2015-2022,2,0,0,0,0,0.0
VANTAGE,AMS EDGE II,2015-2022,1,0,0,0,0,0.0
DRV,MOBILE SUITES,2015-2022,1,0,0,0,0,0.0
MERCEDES-BENZ,E 450 4MATIC COUPE,2015-2022,1,0,0,0,0,0.0
MERCEDES-BENZ,E 450 4MATIC,2015-2022,6,0,0,0,0,0.0
THOR MOTOR COACH,TRANQUILITY,2015-2022,1,0,0,0,0,0.0
DUCATI,PANIGALE V4 S,2015-2022,1,0,0,0,0,0.0
YAMAHA,SR400,2015-2022,1,0,0,0,0,0.0
TIFFIN,CAHABA,2015-2022,1,0,0,0,0,0.0
YAMAHA,XMAX,2015-2022,1,0,0,0,0,0.0
DYNAMAX,DX3,2015-2022,1,0,0,0,0,0.0
MERCEDES-BENZ,E 400 4MATIC,2015-2022,2,0,0,0,0,0.0
MERCEDES-BENZ,AMG GLE63 S,2015-2022,1,0,0,0,0,0.0
URAL,RETRO,2015-2022,1,0,0,0,0,0.0
MERCEDES-BENZ,A 220 4MATIC,2015-2022,2,0,0,0,0,0.0
VOLVO,XC90PHEV,2015-2022,1,0,0,0,0,0.0
DIAMOND CITY,BOAT TRAILER,2015-2022,1,0,0,0,0,0.0
YAMAHA,TENERE 700,2015-2022,1,0,0,0,0,0.0
KTM,790 DUKE,2015-2022,1,0,0,0,0,0.0
MERCEDES-BENZ,GLE 450 4MATIC,2015-2022,1,0,0,0,0,0.0
AUDI,E-TRON QUATTRO,2015-2022,1,0,0,0,0,0.0
MERCEDES-BENZ,AMG SLC43,2015-2022,1,0,0,0,0,0.0
