make,model,model_years,complaints_total,fuel_complaints,fuel_share_pct,recall_referencing,recall_referencing_pct,fuel_ex_recall_loose,fuel_share_ex_recall_loose_pct,pure_recall_admin,fuel_ex_recall_strict,fuel_share_ex_recall_strict_pct,fuel_complaints_citing_fire,top_campaign_cited,note
HONDA,CR-V,1997;1998;1999;2000;2001;2002;2003;2004;2005;2006;2007;2008;2009;2010;2011;2012;2013;2014;2015;2016;2017;2018;2019;2020;2021;2022;2023;2024;2025;2026,12608,429,3.4,347,80.9,82,0.65,299,130,1.03,1,23V858,
FORD,ESCAPE,2000;2001;2002;2003;2004;2005;2006;2007;2008;2009;2010;2011;2012;2013;2014;2015;2016;2017;2018;2019;2020;2021;2022;2023;2024;2025;2026,19582,380,1.94,274,72.1,106,0.54,221,159,0.81,4,25V467,
FORD,FOCUS,2000;2001;2002;2003;2004;2005;2006;2007;2008;2009;2010;2011;2012;2013;2014;2015;2016;2017;2018,12087,365,3.02,277,75.9,88,0.73,182,183,1.51,1,18V735,
HONDA,ACCORD,1988;1990;1991;1992;1993;1994;1995;1996;1997;1998;1999;2000;2001;2002;2003;2004;2005;2006;2007;2008;2009;2010;2011;2012;2013;2014;2015;2016;2017;2018;2019;2020;2021;2022;2023;2024;2025;2026,11336,301,2.66,252,83.7,49,0.43,202,99,0.87,0,23V858,
HONDA,PILOT,2003;2004;2005;2006;2007;2008;2009;2010;2011;2012;2013;2014;2015;2016;2017;2018;2019;2020;2021;2022;2023;2024;2025;2026,7308,204,2.79,165,80.9,39,0.53,140,64,0.88,1,23V858,
HONDA,CIVIC,1986;1990;1991;1993;1994;1995;1996;1997;1998;1999;2000;2001;2002;2003;2004;2005;2006;2007;2008;2009;2010;2011;2012;2013;2014;2015;2016;2017;2018;2019;2020;2021;2022;2023;2024;2025;2026,8219,183,2.23,165,90.2,18,0.22,153,30,0.37,1,23V858,
HYUNDAI,SONATA,1999;2000;2001;2002;2003;2004;2005;2006;2007;2008;2009;2010;2011;2012;2013;2014;2015;2016;2017;2018;2019;2020;2021;2022;2023;2024;2025;2026,11544,181,1.57,137,75.7,44,0.38,103,78,0.68,6,22V312,
FORD,F-150,1984;1987;1989;1990;1991;1992;1993;1994;1995;1996;1997;1998;1999;2000;2001;2002;2003;2004;2005;2006;2007;2008;2009;2010;2011;2012;2013;2014;2015;2016;2017;2018;2019;2020;2021;2022;2023;2024;2025;2026,21296,175,0.82,100,57.1,75,0.35,81,94,0.44,4,25V455,
FORD,BRONCO SPORT,2021;2022;2023;2024;2025;2026,1336,147,11.0,136,92.5,11,0.82,118,29,2.17,8,25V467,
HONDA,ODYSSEY,1995;1996;1997;1998;1999;2000;2001;2002;2003;2004;2005;2006;2007;2008;2009;2010;2011;2012;2013;2014;2015;2016;2017;2018;2019;2020;2021;2022;2023;2024;2025;2026,6078,120,1.97,98,81.7,22,0.36,85,35,0.58,3,23V858,
RAM,1500,2009;2013;2014;2015;2016;2017;2018;2019;2020;2021;2022;2023;2024;2025;2026,11472,116,1.01,59,50.9,57,0.5,41,75,0.65,1,22V767,
JEEP,GRAND CHEROKEE,1989;1991;1993;1994;1995;1996;1997;1998;1999;2000;2001;2002;2003;2004;2005;2006;2007;2008;2009;2010;2011;2012;2013;2014;2015;2016;2017;2018;2019;2020;2021;2022;2023;2024;2025;2026,14143,105,0.74,50,47.6,55,0.39,26,79,0.56,3,19V813,
FORD,FUSION,2006;2007;2008;2009;2010;2011;2012;2013;2014;2015;2016;2017;2018;2019;2020,18011,100,0.56,35,35.0,65,0.36,15,85,0.47,0,15V793,
CHEVROLET,EQUINOX,2005;2006;2007;2008;2009;2010;2011;2012;2013;2014;2015;2016;2017;2018;2019;2020;2021;2022;2023;2024;2025;2026,6838,85,1.24,37,43.5,48,0.7,11,74,1.08,1,23V013,
JEEP,LIBERTY,2000;2001;2002;2003;2004;2005;2006;2007;2008;2009;2010;2011;2012,2685,78,2.91,46,59.0,32,1.19,41,37,1.38,0,13V252,
FORD,EXPLORER,1991;1992;1993;1994;1995;1996;1997;1998;1999;2000;2001;2002;2003;2004;2005;2006;2007;2008;2009;2010;2011;2012;2013;2014;2015;2016;2017;2018;2019;2020;2021;2022;2023;2024;2025;2026,15238,78,0.51,30,38.5,48,0.32,18,60,0.39,1,25V455,
HONDA,HR-V,2016;2017;2018;2019;2020;2021;2022;2023;2024;2025;2026;2027,1832,78,4.26,75,96.2,3,0.16,70,8,0.44,0,23V858,
CHEVROLET,COBALT,2005;2006;2007;2008;2009;2010;2011;2012;2016;2017,2196,77,3.51,17,22.1,60,2.73,1,76,3.46,1,12V459,
FORD,EDGE,2004;2007;2008;2009;2010;2011;2012;2013;2014;2015;2016;2017;2018;2019;2020;2021;2022;2023;2024,12435,71,0.57,23,32.4,48,0.39,5,66,0.53,2,14V682,
KIA,OPTIMA,2001;2002;2003;2004;2005;2006;2007;2008;2009;2010;2011;2012;2013;2014;2015;2016;2017;2018;2019;2020,6138,68,1.11,46,67.6,22,0.36,28,40,0.65,5,18V907,
DODGE,RAM 1500,1991;1993;1994;1995;1996;1997;1998;1999;2000;2001;2002;2003;2004;2005;2006;2007;2008;2009;2010;2011;2012;2014,5103,67,1.31,31,46.3,36,0.71,11,56,1.1,0,18V160,
TOYOTA,TUNDRA,1999;2000;2001;2002;2003;2004;2005;2006;2007;2008;2009;2010;2011;2012;2013;2014;2015;2016;2017;2018;2019;2020;2021;2022;2023;2024;2025;2026,3993,66,1.65,49,74.2,17,0.43,38,28,0.7,2,23V566,
TOYOTA,CAMRY,1985;1986;1987;1988;1989;1990;1991;1992;1993;1994;1995;1996;1997;1998;1999;2000;2001;2002;2003;2004;2005;2006;2007;2008;2009;2010;2011;2012;2013;2014;2015;2016;2017;2018;2019;2020;2021;2022;2023;2024,6281,61,0.97,39,63.9,22,0.35,32,29,0.46,0,20V682,
JEEP,WRANGLER,1987;1989;1990;1991;1992;1993;1994;1995;1997;1998;1999;2000;2001;2002;2003;2004;2005;2006;2007;2008;2009;2010;2011;2012;2013;2014;2015;2016;2017;2018;2019;2020;2021;2022;2023;2024;2025;2026,10293,61,0.59,35,57.4,26,0.25,26,35,0.34,2,22V767,
ACURA,MDX,2001;2002;2003;2004;2005;2006;2007;2008;2009;2010;2011;2012;2013;2014;2015;2016;2017;2018;2019;2020;2022;2023;2024;2025;2026,2319,61,2.63,52,85.2,9,0.39,47,14,0.6,1,23V858,
HONDA,RIDGELINE,2006;2007;2008;2009;2010;2011;2012;2013;2014;2015;2017;2018;2019;2020;2021;2022;2023;2024;2025;2026,1901,58,3.05,49,84.5,9,0.47,44,14,0.74,1,23V858,
TOYOTA,TACOMA,1995;1996;1997;1998;1999;2000;2001;2002;2003;2004;2005;2006;2007;2008;2009;2010;2011;2012;2013;2014;2015;2016;2017;2018;2019;2020;2021;2022;2023;2024;2025;2026,4609,56,1.22,47,83.9,9,0.2,40,16,0.35,0,20V012,
VOLKSWAGEN,PASSAT,1996;1998;1999;2000;2001;2002;2003;2004;2005;2006;2007;2008;2009;2010;2011;2012;2013;2014;2015;2016;2017;2018;2019;2020;2021;2022,3147,54,1.72,38,70.4,16,0.51,22,32,1.02,1,17V509,
FORD,TAURUS,1989;1992;1994;1995;1996;1997;1998;1999;2000;2001;2002;2003;2004;2005;2006;2007;2008;2009;2010;2011;2012;2013;2014;2015;2016;2017;2018;2019,2216,52,2.35,25,48.1,27,1.22,9,43,1.94,0,16V621,
CHEVROLET,MALIBU,1997;1998;1999;2000;2001;2002;2003;2004;2005;2006;2007;2008;2009;2010;2011;2012;2013;2014;2015;2016;2017;2018;2019;2020;2021;2022;2023;2024;2025,10245,51,0.5,15,29.4,36,0.35,7,44,0.43,1,19V642,
MERCEDES-BENZ,E350,2003;2004;2005;2006;2007;2008;2009;2010;2011;2012;2013;2014;2015;2016;2017,1599,50,3.13,15,30.0,35,2.19,0,50,3.13,0,12V557,
CHEVROLET,SILVERADO 1500,1994;1996;1997;1998;1999;2000;2001;2002;2003;2004;2005;2006;2007;2008;2009;2010;2011;2012;2013;2014;2015;2016;2017;2018;2019;2020;2021;2022;2023;2024;2025;2026,12593,46,0.37,3,6.5,43,0.34,1,45,0.36,0,14V152,
TOYOTA,HIGHLANDER,2001;2002;2003;2004;2005;2006;2007;2008;2009;2010;2011;2012;2013;2014;2015;2016;2017;2018;2019;2020;2021;2022;2023;2024;2025;2026,3787,46,1.21,37,80.4,9,0.24,32,14,0.37,0,20V012,
ACURA,RDX,2007;2008;2009;2010;2011;2012;2013;2014;2015;2016;2017;2018;2019;2020;2021;2022;2023;2024;2025;2026,2078,46,2.21,46,100.0,0,0.0,41,5,0.24,0,23V858,
ALFA ROMEO,STELVIO,2018;2019;2020;2021;2022;2023;2024;2025,205,44,21.46,38,86.4,6,2.93,30,14,6.83,0,25V586,
CHEVROLET,HHR,2006;2007;2008;2009;2010;2011,1210,42,3.47,0,0.0,42,3.47,0,42,3.47,2,,
CHEVROLET,TAHOE,1995;1996;1997;1998;1999;2000;2001;2002;2003;2004;2005;2006;2007;2008;2009;2010;2011;2012;2013;2014;2015;2016;2017;2018;2019;2020;2021;2022;2023;2024;2025;2026,5198,41,0.79,16,39.0,25,0.48,6,35,0.67,0,21V739,
DODGE,DURANGO,1998;1999;2000;2001;2002;2003;2004;2005;2006;2007;2008;2009;2011;2012;2013;2014;2015;2016;2017;2018;2019;2020;2021;2022;2023;2024;2025;2026,5223,41,0.78,23,56.1,18,0.34,6,35,0.67,0,19V813,
FORD,BRONCO,1981;1990;1993;1994;1995;1996;2021;2022;2023;2024;2025;2026,958,39,4.07,36,92.3,3,0.31,31,8,0.84,1,25V455,
HYUNDAI,SANTA FE,2001;2002;2003;2004;2005;2006;2007;2008;2009;2010;2011;2012;2013;2014;2015;2016;2017;2018;2019;2020;2021;2022;2023;2024;2025;2026,5418,38,0.7,6,15.8,32,0.59,1,37,0.68,1,18V934,
TOYOTA,COROLLA,1988;1993;1994;1995;1996;1997;1998;1999;2000;2001;2002;2003;2004;2005;2006;2007;2008;2009;2010;2011;2012;2013;2014;2015;2016;2017;2018;2019;2020;2021;2022;2023;2024;2025;2026,6279,37,0.59,29,78.4,8,0.13,25,12,0.19,1,20V012,
KIA,K5,2021;2022;2023;2024;2025;2026,485,37,7.63,22,59.5,15,3.09,11,26,5.36,0,25V794,
LAND ROVER,RANGE ROVER SPORT,2006;2008;2009;2010;2011;2012;2013;2014;2015;2016;2017;2018;2019;2020;2021;2022;2023;2024;2025;2026,579,36,6.22,24,66.7,12,2.07,6,30,5.18,1,21V635,
KIA,SORENTO,2003;2004;2005;2006;2007;2008;2009;2010;2011;2012;2013;2014;2015;2016;2017;2018;2019;2020;2021;2022;2023;2024;2025;2026,8483,34,0.4,15,44.1,19,0.22,11,23,0.27,5,18V907,
CHEVROLET,CORVETTE,1960;1975;1981;1984;1985;1986;1987;1988;1989;1990;1991;1993;1994;1995;1996;1997;1998;1999;2000;2001;2002;2003;2004;2005;2006;2007;2008;2009;2010;2011;2012;2013;2014;2015;2016;2017;2018;2019;2020;2021;2022;2023;2024;2025,2501,34,1.36,2,5.9,32,1.28,2,32,1.28,0,25V536,
FORD,MUSTANG,1965;1986;1987;1988;1989;1991;1994;1995;1996;1997;1998;1999;2000;2001;2002;2003;2004;2005;2006;2007;2008;2009;2010;2011;2012;2013;2014;2015;2016;2017;2018;2019;2020;2021;2022;2023;2024;2025;2026,4520,33,0.73,21,63.6,12,0.27,17,16,0.35,0,25V455,
VOLKSWAGEN,JETTA,1991;1998;2000;2001;2002;2003;2004;2005;2006;2007;2008;2009;2010;2011;2012;2013;2014;2015;2016;2017;2018;2019;2020;2021;2022;2023;2024;2025;2026,3920,32,0.82,18,56.2,14,0.36,4,28,0.71,1,20V648,
HONDA,FIT,2007;2008;2009;2010;2011;2012;2013;2015;2016;2017;2018;2019;2020,1632,32,1.96,22,68.8,10,0.61,19,13,0.8,0,23V858,
GMC,TERRAIN,2010;2011;2012;2013;2014;2015;2016;2017;2018;2019;2020;2021;2022;2023;2024;2025;2026,2866,31,1.08,6,19.4,25,0.87,0,31,1.08,0,23V013,
MAZDA,CX-5,2013;2014;2015;2016;2017;2018;2019;2020;2021;2022;2023;2024;2025;2026,2301,30,1.3,26,86.7,4,0.17,21,9,0.39,0,21V875,
HONDA,ACCORD HYBRID,2005;2007;2014;2015;2016;2017;2018;2019;2020;2021;2022;2023;2024;2025,711,30,4.22,28,93.3,2,0.28,27,3,0.42,0,23V858,
DODGE,CHARGER,2001;2006;2007;2008;2009;2010;2011;2012;2013;2014;2015;2016;2017;2018;2019;2020;2021;2022;2023;2024;2026,3843,29,0.75,2,6.9,27,0.7,0,29,0.75,1,14V634,
NISSAN,ROGUE,2008;2009;2010;2011;2012;2013;2014;2015;2016;2017;2018;2019;2020;2021;2022;2023;2024;2025;2026,6698,29,0.43,9,31.0,20,0.3,7,22,0.33,0,15V197,
ACURA,TLX,2012;2015;2016;2017;2018;2019;2020;2021;2022;2023;2024;2025,873,28,3.21,25,89.3,3,0.34,23,5,0.57,0,23V858,
ALFA ROMEO,GIULIA,2017;2018;2019;2020;2021;2022;2023;2024;2025,273,28,10.26,21,75.0,7,2.56,17,11,4.03,0,25V586,
HONDA,PASSPORT,1995;1996;1997;1998;1999;2000;2001;2002;2019;2020;2021;2022;2023;2024;2025;2026,754,27,3.58,24,88.9,3,0.4,22,5,0.66,0,23V858,
FORD,F-250 SD,1991;1993;1997;1999;2000;2001;2002;2003;2004;2005;2006;2007;2008;2009;2010;2011;2012;2013;2014;2015;2016;2017;2018;2019;2020;2021;2022;2023;2024;2025;2026,4198,26,0.62,15,57.7,11,0.26,12,14,0.33,1,25V455,
LAND ROVER,LR4,2010;2011;2012;2013;2014;2015;2016,127,25,19.69,21,84.0,4,3.15,10,15,11.81,1,21V635,
DODGE,GRAND CARAVAN,1991;1992;1993;1994;1996;1997;1998;1999;2000;2001;2002;2003;2004;2005;2006;2007;2008;2009;2010;2011;2012;2013;2014;2015;2016;2017;2018;2019;2020,6067,24,0.4,5,20.8,19,0.31,1,23,0.38,0,20V278,
JEEP,CHEROKEE,1989;1990;1991;1992;1993;1994;1995;1996;1997;1998;1999;2000;2001;2014;2015;2016;2017;2018;2019;2020;2021;2022;2023;2026,9890,24,0.24,2,8.3,22,0.22,1,23,0.23,2,13V252,
SATURN,ION,2003;2004;2005;2006;2007;2008,638,24,3.76,5,20.8,19,2.98,0,24,3.76,0,12V459,
ACURA,ILX,2013;2014;2015;2016;2017;2018;2019;2020;2021;2022,262,24,9.16,23,95.8,1,0.38,20,4,1.53,0,23V858,
VOLKSWAGEN,CC,2008;2009;2010;2011;2012;2013;2014;2015;2016;2017,876,23,2.63,15,65.2,8,0.91,13,10,1.14,0,17V509,
FORD,EXPEDITION,1994;1996;1997;1998;1999;2000;2001;2002;2003;2004;2005;2006;2007;2008;2009;2010;2011;2012;2013;2014;2015;2016;2017;2018;2019;2020;2021;2022;2023;2024;2025;2026,3417,23,0.67,11,47.8,12,0.35,7,16,0.47,0,25V455,
MERCEDES-BENZ,C300,2010;2011;2012;2013;2014;2015;2016,2141,23,1.07,11,47.8,12,0.56,2,21,0.98,0,12V557,
HONDA,CR-V HYBRID,2020;2021;2022;2023;2024;2025;2026,477,23,4.82,21,91.3,2,0.42,18,5,1.05,1,24V763,
TOYOTA,RAV4,1994;1995;1996;1997;1998;1999;2000;2001;2002;2003;2004;2005;2006;2007;2008;2009;2010;2011;2012;2013;2014;2015;2016;2017;2018;2019;2020;2021;2022;2023;2024;2025,5809,22,0.38,13,59.1,9,0.15,12,10,0.17,0,20V682,
JEEP,PATRIOT,2002;2007;2008;2009;2010;2011;2012;2013;2014;2015;2016;2017,2454,22,0.9,7,31.8,15,0.61,2,20,0.81,1,12V142,
NISSAN,PATHFINDER,1995;1996;1997;1998;1999;2000;2001;2002;2003;2004;2005;2006;2007;2008;2009;2010;2011;2012;2013;2014;2015;2016;2017;2018;2019;2020;2022;2023;2024;2025;2026,3418,22,0.64,6,27.3,16,0.47,0,22,0.64,1,10V075,
CHRYSLER,TOWN AND COUNTRY,1992;1993;1994;1995;1996;1997;1998;1999;2000;2001;2002;2003;2004;2005;2006;2007;2008;2009;2010;2011;2012;2013;2014;2015;2016,6567,21,0.32,1,4.8,20,0.3,1,20,0.3,0,14V373,
CHEVROLET,TRAVERSE,2009;2010;2011;2012;2013;2014;2015;2016;2017;2018;2019;2020;2021;2022;2023;2024;2025;2026,4651,21,0.45,4,19.0,17,0.37,1,20,0.43,0,20V639,
CHEVROLET,SUBURBAN,1988;1989;1991;1994;1995;1997;1998;1999;2000;2001;2002;2003;2004;2005;2006;2007;2008;2009;2010;2011;2012;2013;2014;2015;2016;2017;2018;2019;2020;2021;2022;2023;2024,2623,21,0.8,7,33.3,14,0.53,0,21,0.8,0,21V739,
AUDI,Q7,2007;2008;2009;2010;2011;2012;2013;2014;2015;2016;2017;2018;2019;2020;2021;2022;2023;2024;2025;2026,963,21,2.18,14,66.7,7,0.73,5,16,1.66,0,16V660,
TOYOTA,4RUNNER,1986;1990;1991;1992;1993;1994;1995;1996;1997;1998;1999;2000;2001;2002;2003;2004;2005;2006;2007;2008;2009;2010;2011;2012;2013;2014;2015;2016;2017;2018;2019;2020;2021;2022;2023;2024;2025;2026,3207,21,0.65,15,71.4,6,0.19,13,8,0.25,0,20V682,
HONDA,CLARITY PLUG-IN HYBRID,2017;2018;2019;2020;2021,185,20,10.81,20,100.0,0,0.0,19,1,0.54,0,23V858,
BMW,X5,2000;2001;2002;2003;2004;2005;2006;2007;2008;2009;2010;2011;2012;2013;2014;2015;2016;2017;2018;2019;2020;2021;2022;2023;2024;2025;2026,2429,19,0.78,8,42.1,11,0.45,3,16,0.66,1,16V746,
VOLKSWAGEN,GTI,2000;2001;2002;2003;2004;2005;2006;2007;2008;2009;2010;2011;2012;2013;2014;2015;2016;2017;2018;2019;2020;2021;2022;2023;2024,774,19,2.45,15,78.9,4,0.52,4,15,1.94,0,24V110,
JAGUAR,XF,2009;2010;2011;2012;2013;2014;2015;2016;2017;2018;2022;2023;2024,308,19,6.17,14,73.7,5,1.62,4,15,4.87,1,12V521,
JEEP,RENEGADE,2015;2016;2017;2018;2019;2020;2021;2022;2023,2198,19,0.86,9,47.4,10,0.45,5,14,0.64,0,18V731,
GMC,YUKON,1996;1997;1998;1999;2000;2001;2002;2003;2004;2005;2006;2007;2008;2009;2010;2011;2012;2013;2014;2015;2016;2017;2018;2019;2020;2021;2022;2023;2024;2025;2026,3210,18,0.56,7,38.9,11,0.34,2,16,0.5,0,21V739,
GMC,ACADIA,2007;2008;2009;2010;2011;2012;2013;2014;2015;2016;2017;2018;2019;2020;2021;2022;2023;2024;2025;2026,4288,18,0.42,5,27.8,13,0.3,0,18,0.42,1,20V639,
NISSAN,JUKE,2011;2012;2013;2014;2015;2016;2017,413,18,4.36,12,66.7,6,1.45,5,13,3.15,2,14V683,
PORSCHE,CAYENNE,2003;2004;2005;2006;2008;2009;2010;2011;2012;2013;2014;2015;2016;2017;2018;2019;2020;2021;2022;2023;2024;2025;2026,441,18,4.08,13,72.2,5,1.13,7,11,2.49,0,17V576,
SUBARU,FORESTER,1998;1999;2000;2001;2002;2003;2004;2005;2006;2007;2008;2009;2010;2011;2012;2013;2014;2015;2016;2017;2018;2019;2020;2021;2022;2023;2024;2025;2026,5216,17,0.33,5,29.4,12,0.23,2,15,0.29,0,26V106,
SUBARU,OUTBACK,1999;2000;2001;2002;2003;2004;2005;2006;2007;2008;2009;2010;2011;2012;2013;2014;2015;2016;2017;2018;2019;2020;2021;2022;2023;2024;2025;2026,7838,17,0.22,10,58.8,7,0.09,5,12,0.15,0,21V587,
KIA,SOUL,2010;2011;2012;2013;2014;2015;2016;2017;2018;2019;2020;2021;2022;2023;2024;2025,5252,17,0.32,1,5.9,16,0.3,1,16,0.3,2,21V259,
NISSAN,FRONTIER,1998;1999;2000;2001;2002;2003;2004;2005;2006;2007;2008;2009;2010;2011;2012;2013;2014;2015;2016;2017;2018;2019;2020;2021;2022;2023;2024;2025;2026,1393,17,1.22,8,47.1,9,0.65,2,15,1.08,0,04V230,
PONTIAC,G6,2005;2006;2007;2008;2009;2010,2283,16,0.7,2,12.5,14,0.61,0,16,0.7,0,12V459,
FORD,FIESTA,2001;2002;2011;2012;2013;2014;2015;2016;2017;2018;2019,2504,16,0.64,3,18.8,13,0.52,2,14,0.56,0,15V005,
AUDI,Q5,2009;2010;2011;2012;2013;2014;2015;2016;2017;2018;2019;2020;2021;2022;2023;2024;2025;2026,1268,16,1.26,8,50.0,8,0.63,2,14,1.1,0,17V298,
HONDA,INSIGHT,2000;2001;2002;2003;2004;2006;2010;2011;2012;2013;2014;2019;2020;2021;2022,406,16,3.94,14,87.5,2,0.49,14,2,0.49,0,23V858,
MERCEDES-BENZ,GLK350,2007;2010;2011;2012;2013;2014;2015,863,16,1.85,5,31.2,11,1.27,0,16,1.85,1,12V557,
FORD,FLEX,2009;2010;2011;2012;2013;2014;2015;2016;2017;2018;2019,1687,15,0.89,6,40.0,9,0.53,1,14,0.83,0,16V621,
TOYOTA,SIENNA,1996;1998;1999;2000;2001;2002;2003;2004;2005;2006;2007;2008;2009;2010;2011;2012;2013;2014;2015;2016;2017;2018;2019;2020,3031,15,0.49,13,86.7,2,0.07,12,3,0.1,0,20V012,
HYUNDAI,ELANTRA,1997;1999;2000;2001;2002;2003;2004;2005;2006;2007;2008;2009;2010;2011;2012;2013;2014;2015;2016;2017;2018;2019;2020;2021;2022;2023;2024;2025;2026,5766,15,0.26,5,33.3,10,0.17,2,13,0.23,0,00V095,
FORD,F-250,1989;1990;1991;1992;1993;1994;1995;1996;1997;1998;1999;2000;2001;2002;2003;2004;2005;2006;2007;2008;2009;2010;2011;2012;2013;2014,1217,15,1.23,3,20.0,12,0.99,1,14,1.15,0,93V125,
LEXUS,RX350,2007;2008;2009;2010;2011;2012;2013;2014;2015;2016;2017;2018;2019;2020;2021;2022;2023,500,15,3.0,14,93.3,1,0.2,12,3,0.6,0,20V012,
VOLKSWAGEN,GOLF,1999;2001;2002;2003;2004;2005;2006;2007;2008;2009;2010;2011;2012;2013;2014;2015;2016;2017;2018;2019;2020;2021;2022;2023,685,15,2.19,10,66.7,5,0.73,3,12,1.75,0,24V110,
BUICK,LUCERNE,2006;2007;2008;2009;2010;2011,424,14,3.3,0,0.0,14,3.3,0,14,3.3,2,,
NISSAN,ALTIMA,1993;1994;1995;1996;1997;1998;1999;2000;2001;2002;2003;2004;2005;2006;2007;2008;2009;2010;2011;2012;2013;2014;2015;2016;2017;2018;2019;2020;2021;2022;2023;2024;2025,9157,14,0.15,4,28.6,10,0.11,3,11,0.12,0,03V251,
JEEP,COMPASS,2007;2008;2009;2010;2011;2012;2013;2014;2015;2016;2017;2018;2019;2020;2021;2022;2023;2024;2025;2026,3417,14,0.41,4,28.6,10,0.29,2,12,0.35,0,12V142,
CHEVROLET,COLORADO,2004;2005;2006;2007;2008;2009;2010;2011;2012;2013;2014;2015;2016;2017;2018;2019;2020;2021;2022;2023;2024;2025;2026,2647,14,0.53,3,21.4,11,0.42,1,13,0.49,0,09V154,
NISSAN,ARMADA,2004;2005;2006;2007;2008;2009;2010;2011;2012;2013;2014;2015;2016;2017;2018;2019;2020;2021;2022;2023;2024;2025;2026,848,14,1.65,3,21.4,11,1.3,2,12,1.42,0,21V373,
AUDI,A3,2003;2004;2006;2007;2008;2009;2010;2011;2012;2013;2015;2016;2017;2018;2019;2020;2022;2023;2024;2025,578,14,2.42,11,78.6,3,0.52,4,10,1.73,0,24V110,
GMC,SIERRA 1500,1994;1997;1998;1999;2000;2001;2002;2003;2004;2005;2006;2007;2008;2009;2010;2011;2012;2013;2014;2015;2016;2017;2018;2019;2020;2021;2022;2023;2024;2025;2026,7256,13,0.18,2,15.4,11,0.15,1,12,0.17,0,14V246,
UNKNOWN,UNKNOWN,,910,13,1.43,6,46.2,7,0.77,6,7,0.77,0,00V110,
KIA,SEDONA,2002;2003;2004;2005;2006;2007;2008;2009;2010;2011;2012;2014;2015;2016;2017;2018;2019;2020;2021,1290,13,1.01,8,61.5,5,0.39,3,10,0.78,0,20V101,
HYUNDAI,TUCSON,2005;2006;2007;2008;2009;2010;2011;2012;2013;2014;2015;2016;2017;2018;2019;2020;2021;2022;2023;2024;2025;2026,5874,13,0.22,2,15.4,11,0.19,0,13,0.22,1,21V727,
MERCEDES-BENZ,C 300,2017;2018;2019;2020;2021;2022;2023;2024;2025;2026,490,13,2.65,7,53.8,6,1.22,4,9,1.84,1,23V445,
CHEVROLET,TRAILBLAZER,2000;2001;2002;2003;2004;2005;2006;2007;2008;2009;2014;2021;2022;2023;2024;2025;2026,1502,12,0.8,1,8.3,11,0.73,1,11,0.73,0,,
MAZDA,MAZDA3,2004;2005;2006;2007;2008;2009;2010;2011;2012;2013;2014;2015;2016;2017;2018;2019;2020;2021;2022;2023;2024;2025;2026,1829,12,0.66,5,41.7,7,0.38,1,11,0.6,0,16V684,
CHRYSLER,300,1970;2004;2005;2006;2007;2008;2009;2010;2011;2012;2013;2014;2015;2016;2017;2018;2019;2020;2021;2022;2023,3422,12,0.35,1,8.3,11,0.32,1,11,0.32,0,14V002,
CHRYSLER,PACIFICA,2003;2004;2005;2006;2007;2008;2016;2017;2018;2019;2020;2021;2022;2023;2024;2025;2026,4795,12,0.25,2,16.7,10,0.21,0,12,0.25,0,06V432,
AUDI,A3 CABRIOLET,2015;2016;2017;2018;2019,160,12,7.5,5,41.7,7,4.38,1,11,6.88,0,16V647,
LINCOLN,MKX,2007;2008;2009;2010;2011;2012;2013;2014;2015;2016;2017;2018,1255,12,0.96,8,66.7,4,0.32,1,11,0.88,0,14V682,
MERCEDES-BENZ,ML350,2010;2011;2012;2013;2014;2015,415,12,2.89,9,75.0,3,0.72,5,7,1.69,0,22V955,
KIA,SPORTAGE,1997;1998;1999;2000;2001;2002;2005;2006;2007;2008;2009;2010;2011;2012;2013;2014;2015;2016;2017;2018;2019;2020;2021;2022;2023;2024;2025;2026,2774,12,0.43,5,41.7,7,0.25,2,10,0.36,1,18V907,
MAZDA,MAZDA6,2003;2004;2005;2006;2007;2008;2009;2010;2011;2012;2013;2014;2015;2016;2017;2018;2019;2020;2021,1588,12,0.76,7,58.3,5,0.31,3,9,0.57,0,21V744,
BMW,R 1200 GS,2005;2006;2007;2008;2009;2010;2011;2012;2013;2014,54,12,22.22,10,83.3,2,3.7,2,10,18.52,1,20V471,
VOLKSWAGEN,TAOS,2022;2023;2024;2025;2026,476,12,2.52,8,66.7,4,0.84,7,5,1.05,0,21V651,
CHRYSLER,200,2010;2011;2012;2013;2014;2015;2016;2017;2018,3826,11,0.29,3,27.3,8,0.21,1,10,0.26,0,13V043,
FORD,F-350 SD,1999;2000;2001;2002;2003;2004;2005;2006;2007;2008;2009;2010;2011;2012;2013;2014;2015;2016;2017;2018;2019;2020;2021;2022;2023;2024;2025;2026,2308,11,0.48,5,45.5,6,0.26,5,6,0.26,0,25V455,
MERCEDES BENZ,E500,2003;2004;2005;2006;2007,178,11,6.18,0,0.0,11,6.18,0,11,6.18,0,,
VOLVO,XC90,2003;2004;2005;2006;2007;2008;2009;2010;2011;2012;2013;2014;2016;2017;2018;2019;2020;2021;2022;2023;2024;2025,793,11,1.39,4,36.4,7,0.88,0,11,1.39,1,09V483,
BMW,528I,1998;1999;2000;2001;2007;2008;2009;2010;2011;2012;2013;2014;2015;2016,618,11,1.78,5,45.5,6,0.97,4,7,1.13,0,16V746,
LINCOLN,MKS,2009;2010;2011;2012;2013;2014;2015;2016,299,11,3.68,7,63.6,4,1.34,3,8,2.68,0,16V621,
GENESIS,GV80,2021;2022;2023;2024;2025;2026,181,11,6.08,7,63.6,4,2.21,4,7,3.87,1,24V282,
NISSAN,VERSA,2007;2008;2009;2010;2011;2012;2013;2014;2015;2016;2017;2018;2019;2020;2021;2022;2023;2024;2025,2616,10,0.38,1,10.0,9,0.34,0,10,0.38,1,19V645,
GMC,ENVOY,2002;2003;2004;2005;2006;2007;2008;2009,541,10,1.85,1,10.0,9,1.66,0,10,1.85,0,,
VOLKSWAGEN,TIGUAN,2009;2010;2011;2012;2013;2014;2015;2016;2017;2018;2019;2020;2021;2022;2023;2024;2025;2026,2036,10,0.49,2,20.0,8,0.39,2,8,0.39,0,14V441,
INFINITI,QX80,2014;2015;2016;2017;2018;2019;2020;2021;2022;2023;2024;2025;2026;2027,133,10,7.52,6,60.0,4,3.01,2,8,6.02,0,14V683,
VOLKSWAGEN,ATLAS,2018;2019;2020;2021;2022;2023;2024;2025;2026,1957,10,0.51,1,10.0,9,0.46,0,10,0.51,0,22V245,
MERCEDES-BENZ,GLC 300,2018;2019;2020;2021;2022;2023;2024;2025,417,10,2.4,10,100.0,0,0.0,9,1,0.24,0,23V445,
JEEP,GLADIATOR,2020;2021;2022;2023;2024;2025;2026,983,10,1.02,10,100.0,0,0.0,8,2,0.2,0,22V767,
MERCURY,MARINER,2005;2006;2007;2008;2009;2010;2011,764,9,1.18,6,66.7,3,0.39,5,4,0.52,0,16V777,
MITSUBISHI,OUTLANDER,2003;2004;2005;2006;2007;2008;2009;2010;2011;2012;2013;2014;2015;2016;2017;2018;2019;2020;2022;2023;2024;2025;2026,1053,9,0.85,7,77.8,2,0.19,5,4,0.38,0,22V027,
BMW,535I,2008;2009;2010;2011;2012;2013;2014;2015;2016,346,9,2.6,4,44.4,5,1.45,1,8,2.31,0,16V746,
VOLKSWAGEN,GOLF SPORTWAGEN,2013;2015;2016;2017;2018;2019,171,9,5.26,7,77.8,2,1.17,2,7,4.09,0,16V647,
KIA,STINGER,2018;2019;2020;2021;2022;2023,166,9,5.42,8,88.9,1,0.6,4,5,3.01,0,23V634,
LEXUS,NX300,2018;2019;2020,25,9,36.0,8,88.9,1,4.0,8,1,4.0,0,20V682,
AUDI,Q8,2019;2020;2021;2022;2023;2024;2025,200,9,4.5,9,100.0,0,0.0,8,1,0.5,0,22V516,
GENESIS,G70,2019;2020;2021;2022;2023;2024;2025;2026,135,9,6.67,8,88.9,1,0.74,5,4,2.96,0,24V528,
CHEVROLET,CRUZE,2010;2011;2012;2013;2014;2015;2016;2017;2018;2019,2928,8,0.27,4,50.0,4,0.14,1,7,0.24,0,18V304,
DODGE,MAGNUM,2003;2005;2006;2007;2008;2009,497,8,1.61,1,12.5,7,1.41,0,8,1.61,0,,
CHRYSLER,300C,2005;2006;2007;2008;2009;2010;2011;2012;2013;2014;2015;2016;2017,594,8,1.35,0,0.0,8,1.35,0,8,1.35,0,,
LINCOLN,AVIATOR,2003;2004;2005;2020;2021;2022;2023;2024;2025;2026,273,8,2.93,8,100.0,0,0.0,8,0,0.0,0,25V455,
AUDI,A6,1996;1997;1998;1999;2000;2001;2002;2003;2004;2005;2006;2007;2008;2009;2010;2011;2012;2013;2014;2015;2016;2017;2018;2019;2020;2021;2022;2023;2024;2025;2026,700,8,1.14,4,50.0,4,0.57,1,7,1.0,0,17V781,
JAGUAR,S-TYPE,2000;2001;2002;2003;2004;2005;2006;2007;2008,92,8,8.7,3,37.5,5,5.43,0,8,8.7,0,06V418,
VOLKSWAGEN,TOUAREG,2004;2005;2006;2007;2008;2009;2010;2011;2012;2013;2014;2015;2016;2017,331,8,2.42,4,50.0,4,1.21,2,6,1.81,0,17V583,
LINCOLN,NAVIGATOR,1998;1999;2000;2001;2002;2003;2004;2005;2006;2007;2008;2009;2010;2011;2012;2013;2014;2015;2016;2017;2018;2019;2020;2021;2022;2023;2024;2025,511,8,1.57,7,87.5,1,0.2,6,2,0.39,0,25V455,
PONTIAC,G5,2007;2008;2009;2010,147,8,5.44,5,62.5,3,2.04,1,7,4.76,0,12V459,
BMW,R 1200 RT,2005;2007;2008;2009;2010;2011;2012;2013;2014;2015;2016,58,8,13.79,8,100.0,0,0.0,6,2,3.45,0,20V471,
MERCEDES-BENZ,GLE 350,2018;2019;2020;2021;2022;2023;2024,235,8,3.4,7,87.5,1,0.43,4,4,1.7,0,22V955,
HONDA,CIVIC HATCHBACK,2017;2018;2019;2020;2021;2022;2023;2024;2025,34,8,23.53,8,100.0,0,0.0,6,2,5.88,0,23V858,
CHEVROLET,IMPALA,1998;2000;2001;2002;2003;2004;2005;2006;2007;2008;2009;2010;2011;2012;2013;2014;2015;2016;2017;2018;2019;2020,3852,7,0.18,1,14.3,6,0.16,1,6,0.16,1,15V701,
NISSAN,XTERRA,2000;2001;2002;2003;2004;2005;2006;2007;2008;2009;2010;2011;2012;2013;2014;2015,861,7,0.81,2,28.6,5,0.58,1,6,0.7,0,10V075,
BMW,328I,1997;1998;1999;2000;2007;2008;2009;2010;2011;2012;2013;2014;2015;2016,2037,7,0.34,2,28.6,5,0.25,0,7,0.34,0,24V608,
SATURN,AURA,2000;2005;2007;2008;2009;2010,692,7,1.01,2,28.6,5,0.72,0,7,1.01,0,13E043,
DODGE,CARAVAN,1991;1992;1993;1994;1995;1996;1997;1998;1999;2000;2001;2002;2003;2004;2005;2006;2007;2008;2009;2010;2011;2012;2013;2014;2015;2016;2017,697,7,1.0,1,14.3,6,0.86,1,6,0.86,0,00V268,
BUICK,RENDEZVOUS,2001;2002;2003;2004;2005;2006;2007,225,7,3.11,3,42.9,4,1.78,0,7,3.11,0,07V349,
HYUNDAI,VELOSTER,2012;2013;2014;2015;2016;2017;2019;2020;2021,1145,7,0.61,1,14.3,6,0.52,1,6,0.52,1,19V204,
BUICK,LESABRE,1994;1995;1996;1997;1998;1999;2000;2001;2002;2003;2004;2005;2006,244,7,2.87,4,57.1,3,1.23,3,4,1.64,1,04V090,
FORD,TRANSIT,2014;2015;2016;2017;2018;2019;2020;2021;2022;2023;2024;2025;2026,776,7,0.9,4,57.1,3,0.39,2,5,0.64,0,15V005,
LAND ROVER,RANGE ROVER EVOQUE,2012;2013;2014;2015;2016;2017;2018;2019;2020;2021;2022;2023;2024;2025,375,7,1.87,2,28.6,5,1.33,0,7,1.87,0,21V635,
MERCEDES-BENZ,METRIS,2015;2016;2017;2018;2019;2020;2021;2022;2023,211,7,3.32,6,85.7,1,0.47,5,2,0.95,0,23V881,
MERCEDES-BENZ,GLE350,2016;2017,112,7,6.25,5,71.4,2,1.79,3,4,3.57,0,22V955,
FORD,ECOSPORT,2018;2019;2020;2021;2022,1847,7,0.38,5,71.4,2,0.11,3,4,0.22,0,23V905,
LEXUS,NX,2015;2016;2017;2018;2019;2020;2021;2022;2023;2024;2025;2026,241,7,2.9,3,42.9,4,1.66,1,6,2.49,0,20V012,
DODGE,AVENGER,1996;1998;2008;2009;2010;2011;2012;2013;2014;2015,1764,6,0.34,3,50.0,3,0.17,2,4,0.23,0,13V043,
SUBARU,IMPREZA,1995;1997;1998;2000;2001;2002;2003;2004;2005;2006;2007;2008;2009;2010;2011;2012;2013;2014;2015;2016;2017;2018;2019;2020;2021;2022;2023;2024;2025;2026,1636,6,0.37,2,33.3,4,0.24,2,4,0.24,0,17V216,
BMW,335I,2007;2008;2009;2010;2011;2012;2013;2014;2015;2016,425,6,1.41,0,0.0,6,1.41,0,6,1.41,0,,
CHEVROLET,CAMARO,1968;1981;1982;1984;1987;1991;1992;1994;1996;1997;1999;2000;2001;2002;2010;2011;2012;2013;2014;2015;2016;2017;2018;2019;2020;2021;2022;2023;2024,1432,6,0.42,1,16.7,5,0.35,0,6,0.42,0,19V837,
SUBARU,LEGACY,1991;1994;1995;1997;1998;1999;2000;2001;2002;2003;2004;2005;2006;2007;2008;2009;2010;2011;2012;2013;2014;2015;2016;2017;2018;2019;2020;2021;2022;2023;2024;2025,1595,6,0.38,1,16.7,5,0.31,0,6,0.38,0,20V218,
CADILLAC,ESCALADE,1999;2000;2001;2002;2003;2004;2005;2006;2007;2008;2009;2010;2011;2012;2013;2014;2015;2016;2017;2018;2019;2020;2021;2022;2023;2024;2025;2026,1244,6,0.48,1,16.7,5,0.4,0,6,0.48,0,25V274,
MERCEDES-BENZ,AMG E55,2003;2004;2005;2006,53,6,11.32,0,0.0,6,11.32,0,6,11.32,0,,
LINCOLN,MKZ,2007;2008;2009;2010;2011;2012;2013;2014;2015;2016;2017;2018;2019;2020,1530,6,0.39,3,50.0,3,0.2,2,4,0.26,1,13V227,
INFINITI,QX56,2004;2005;2006;2007;2008;2009;2010;2011;2012;2013,313,6,1.92,2,33.3,4,1.28,1,5,1.6,0,10V074,
GENESIS,GV70,2022;2023;2024;2025;2026,229,6,2.62,4,66.7,2,0.87,4,2,0.87,0,26V229,
CHRYSLER,PT CRUISER,2001;2002;2003;2004;2005;2006;2007;2008;2009;2010,425,5,1.18,1,20.0,4,0.94,0,5,1.18,1,02V215,
NISSAN,SENTRA,1992;1994;1995;1996;1997;1998;1999;2000;2001;2002;2003;2004;2005;2006;2007;2008;2009;2010;2011;2012;2013;2014;2015;2016;2017;2018;2019;2020;2021;2022;2023;2024;2025;2026,3383,5,0.15,1,20.0,4,0.12,0,5,0.15,0,,
TOYOTA,AVALON,1997;1998;1999;2000;2001;2002;2003;2004;2005;2006;2007;2008;2009;2010;2011;2012;2013;2014;2015;2016;2017;2018;2019;2020;2021;2022,1085,5,0.46,4,80.0,1,0.09,3,2,0.18,0,20V012,
DODGE,JOURNEY,2007;2008;2009;2010;2011;2012;2013;2014;2015;2016;2017;2018;2019;2020,4212,5,0.12,1,20.0,4,0.09,0,5,0.12,1,16V814,
BUICK,LACROSSE,2005;2006;2007;2008;2009;2010;2011;2012;2013;2014;2015;2016;2017;2018;2019,1382,5,0.36,1,20.0,4,0.29,0,5,0.36,0,20V668,
VOLVO,S80,1999;2000;2001;2002;2003;2004;2005;2006;2007;2008;2009;2010;2011;2012;2013;2014;2015;2016,170,5,2.94,2,40.0,3,1.76,1,4,2.35,0,09V483,
GMC,YUKON XL,2000;2001;2002;2003;2004;2005;2006;2007;2008;2009;2010;2011;2012;2013;2014;2015;2016;2017;2018;2019;2020;2021;2022;2023;2024;2025;2026,1851,5,0.27,3,60.0,2,0.11,0,5,0.27,0,21V739,
MAZDA,CX-9,2007;2008;2009;2010;2011;2012;2013;2014;2015;2016;2017;2018;2019;2020;2021;2022;2023,1222,5,0.41,2,40.0,3,0.25,2,3,0.25,0,21V875,
NISSAN,QUEST,1994;1996;1997;2000;2001;2002;2004;2005;2006;2007;2008;2009;2011;2012;2013;2014;2015;2016;2017,438,5,1.14,2,40.0,3,0.68,2,3,0.68,0,12V076,
GMC,SIERRA 2500,1999;2000;2001;2002;2003;2004;2005;2006;2007;2008;2009;2010;2011;2012;2013;2014;2015;2016;2017;2018;2019;2020;2021;2022;2023;2024;2025;2026,991,5,0.5,0,0.0,5,0.5,0,5,0.5,0,,
FORD,RANGER,1988;1989;1990;1992;1993;1994;1995;1996;1997;1998;1999;2000;2001;2002;2003;2004;2005;2006;2007;2008;2009;2010;2011;2014;2016;2017;2019;2020;2021;2022;2023;2024;2025;2026,2807,5,0.18,1,20.0,4,0.14,1,4,0.14,0,22V685,
LINCOLN,MKC,2015;2016;2017;2018;2019,582,5,0.86,2,40.0,3,0.52,1,4,0.69,0,15V005,
MERCEDES-BENZ,C250,2012;2013;2014;2015;2016,702,5,0.71,0,0.0,5,0.71,0,5,0.71,0,,
VOLVO,S60,2001;2002;2003;2004;2005;2006;2007;2008;2009;2011;2012;2013;2014;2015;2016;2017;2018;2019;2020;2021;2022;2023;2024,538,5,0.93,3,60.0,2,0.37,1,4,0.74,0,09V483,
SUBARU,WRX,2002;2003;2004;2005;2006;2008;2009;2010;2011;2012;2013;2014;2015;2016;2017;2018;2019;2020;2021;2022;2023;2024;2025,369,5,1.36,1,20.0,4,1.08,1,4,1.08,0,21V587,
CHRYSLER,CHRYSLER,1992;2006,43,5,11.63,0,0.0,5,11.63,0,5,11.63,0,,
BMW,K 1600 GT,2012;2013;2015;2016;2018;2019;2022,29,5,17.24,4,80.0,1,3.45,3,2,6.9,0,21V060,
MERCEDES-BENZ,GLA 250,2014;2015;2016;2017;2018;2019;2020;2021;2022;2023;2024;2025;2026,291,5,1.72,2,40.0,3,1.03,0,5,1.72,0,21V961,
BMW,K 1600 GTL,2012;2013;2014;2015;2016;2018;2019;2021;2022,49,5,10.2,5,100.0,0,0.0,4,1,2.04,0,21V060,
TOYOTA,RAV4 HYBRID,2016;2017;2018;2019;2020;2021;2022;2023;2024;2025;2026,138,5,3.62,0,0.0,5,3.62,0,5,3.62,0,,
MERCEDES-BENZ,GLC300,2016;2017,231,5,2.16,1,20.0,4,1.73,0,5,2.16,0,21V961,
MERCEDES-BENZ,E300,2016;2017,132,5,3.79,3,60.0,2,1.52,0,5,3.79,0,21V961,
HONDA,CIVIC SI,2002;2006;2007;2008;2009;2010;2011;2012;2013;2015;2016;2017;2019;2020;2022;2023;2024;2025,203,5,2.46,5,100.0,0,0.0,4,1,0.49,0,23V858,
KIA,CARNIVAL,2022;2023;2024;2025;2026,399,5,1.25,3,60.0,2,0.5,2,3,0.75,0,26V320,
GMC,TERRAIN NA,2022,28,5,17.86,5,100.0,0,0.0,3,2,7.14,0,23V013,
CHEVROLET,SILVERADO 2500,1995;1996;1997;1998;1999;2000;2001;2002;2003;2004;2005;2006;2007;2008;2009;2010;2011;2012;2013;2014;2015;2016;2017;2018;2019;2020;2021;2022;2023;2024;2025;2026,1814,4,0.22,0,0.0,4,0.22,0,4,0.22,1,,
NISSAN,MURANO,2003;2004;2005;2006;2007;2008;2009;2010;2011;2012;2013;2014;2015;2016;2017;2018;2019;2020;2021;2022;2023;2024;2025;2026,2572,4,0.16,0,0.0,4,0.16,0,4,0.16,0,,
NISSAN,MAXIMA,1993;1996;1997;1998;1999;2000;2001;2002;2003;2004;2005;2006;2007;2008;2009;2010;2011;2012;2013;2014;2015;2016;2017;2018;2019;2020;2021;2022;2023,1597,4,0.25,0,0.0,4,0.25,0,4,0.25,0,15V486,
BUICK,REGAL,1990;1992;1993;1994;1996;1997;1998;1999;2000;2001;2002;2003;2004;2009;2011;2012;2013;2014;2015;2016;2017;2018;2019;2020,921,4,0.43,1,25.0,3,0.33,0,4,0.43,0,15V701,
RAM,3500,2007;2008;2009;2013;2014;2015;2016;2017;2018;2019;2020;2021;2022;2023;2024;2025;2026,2288,4,0.17,1,25.0,3,0.13,0,4,0.17,0,23E030,
KIA,FORTE,2009;2010;2011;2012;2013;2014;2015;2016;2017;2018;2019;2020;2021;2022;2023;2024,2376,4,0.17,2,50.0,2,0.08,1,3,0.13,0,20V750,
CHEVROLET,BLAZER,1989;1991;1992;1993;1994;1995;1996;1997;1998;1999;2000;2001;2002;2003;2004;2005;2006;2007;2008;2019;2020;2021;2022;2023;2024;2025;2026,814,4,0.49,0,0.0,4,0.49,0,4,0.49,0,,
MERCURY,MILAN,2006;2007;2008;2009;2010;2011,1794,4,0.22,4,100.0,0,0.0,1,3,0.17,0,15V793,
VOLKSWAGEN,ROUTAN,2008;2009;2010;2011;2012;2013;2014,530,4,0.75,0,0.0,4,0.75,0,4,0.75,0,,
MERCEDES BENZ,E320,1994;1995;1996;1997;1998;1999;2000;2001;2002;2003;2004;2005;2006;2007;2008;2009,341,4,1.17,0,0.0,4,1.17,0,4,1.17,0,,
TOYOTA,FJ CRUISER,2006;2007;2008;2009;2010;2011;2012;2013;2014,445,4,0.9,3,75.0,1,0.22,2,2,0.45,0,20V012,
HONDA,GL1800,2001;2002;2003;2004;2005;2006;2007;2008;2010;2012;2013;2014;2015;2016;2018;2019;2020;2021;2022;2023;2024,145,4,2.76,4,100.0,0,0.0,4,0,0.0,0,24V113,
BMW,X3,2004;2005;2006;2007;2008;2009;2010;2011;2012;2013;2014;2015;2016;2017;2018;2019;2020;2021;2022;2023;2024;2025;2026,1683,4,0.24,2,50.0,2,0.12,2,2,0.12,0,08V384,
NISSAN,TITAN,2004;2005;2006;2007;2008;2009;2010;2011;2012;2013;2014;2015;2017;2018;2019;2020;2021;2022;2023;2024,1013,4,0.39,1,25.0,3,0.3,0,4,0.39,0,10V074,
FORD,ESCAPE HYBRID,2005;2006;2007;2008;2009;2010;2011;2012;2013;2020;2021;2022;2023;2024;2025,1118,4,0.36,1,25.0,3,0.27,0,4,0.36,0,23V380,
VOLVO,XC70,2001;2002;2003;2004;2005;2006;2007;2008;2009;2010;2011;2012;2013;2014;2015;2016,160,4,2.5,1,25.0,3,1.88,0,4,2.5,0,09V483,
MITSUBISHI,ENDEAVOR,2004;2005;2006;2007;2008;2010;2011,92,4,4.35,3,75.0,1,1.09,0,4,4.35,0,10V065,
BMW,X6,2006;2007;2008;2009;2010;2011;2012;2013;2014;2015;2016;2017;2018;2019;2020;2021;2022;2023;2024;2025;2026,185,4,2.16,1,25.0,3,1.62,1,3,1.62,0,16V746,
LAND ROVER,LR2,2008;2009;2010;2011;2012;2013;2014;2015,122,4,3.28,2,50.0,2,1.64,0,4,3.28,0,21V635,
GMC,CANYON,2004;2005;2006;2007;2008;2009;2010;2011;2012;2015;2016;2017;2018;2019;2020;2021;2022;2023;2024;2025;2026,1188,4,0.34,0,0.0,4,0.34,0,4,0.34,0,,
LEXUS,RX,1999;2000;2001;2002;2003;2004;2005;2006;2007;2008;2009;2010;2011;2012;2013;2014;2015;2016;2017;2018;2019;2020;2021;2022;2023;2024;2025;2026,774,4,0.52,0,0.0,4,0.52,0,4,0.52,0,,
BMW,550I,2006;2007;2008;2009;2010;2011;2012;2013;2014;2015;2016,164,4,2.44,1,25.0,3,1.83,1,3,1.83,0,16V746,
BMW,X1,2013;2014;2015;2016;2017;2018;2019;2020;2021;2022;2023;2024;2025;2026,663,4,0.6,1,25.0,3,0.45,0,4,0.6,0,24V608,
KTM,690 DUKE,2013;2014;2015;2016;2017;2018,35,4,11.43,1,25.0,3,8.57,0,4,11.43,0,17V388,
HYUNDAI,SANTA FE SPORT,2013;2014;2015;2016;2017;2018,1171,4,0.34,1,25.0,3,0.26,0,4,0.34,0,18V934,
GENESIS,G80,2017;2018;2019;2020;2021;2022;2023;2024;2025;2026,234,4,1.71,3,75.0,1,0.43,3,1,0.43,0,24V282,
NISSAN,KICKS,2018;2019;2020;2021;2022;2023;2024;2025;2026,504,4,0.79,0,0.0,4,0.79,0,4,0.79,0,,
FORD,F-150 HYBRID,2021;2022;2023;2024;2025;2026,609,4,0.66,4,100.0,0,0.0,4,0,0.0,0,25V455,
MERCEDES-BENZ,S 580,2021;2022;2023,63,4,6.35,4,100.0,0,0.0,4,0,0.0,0,23V445,
JEEP,COMMANDER,2005;2006;2007;2008;2009;2010,1230,3,0.24,1,33.3,2,0.16,1,2,0.16,0,14V567,
FORD,F-350,1992;1993;1994;1997;1999;2000;2001;2002;2003;2004;2005;2006;2007;2008;2009;2011;2012;2013;2014,658,3,0.46,0,0.0,3,0.46,0,3,0.46,1,,
CHRYSLER,SEBRING,1996;1997;1998;1999;2000;2001;2002;2003;2004;2005;2006;2007;2008;2009;2010;2011,452,3,0.66,0,0.0,3,0.66,0,3,0.66,2,,
CADILLAC,CTS,2003;2004;2005;2006;2007;2008;2009;2010;2011;2012;2013;2014;2015;2016;2017;2018;2019,1033,3,0.29,0,0.0,3,0.29,0,3,0.29,0,,
DODGE,NITRO,2007;2008;2009;2010;2011;2012,551,3,0.54,0,0.0,3,0.54,0,3,0.54,0,,
MAZDA,RX-8,2004;2005;2006;2007;2008;2009;2010;2011,237,3,1.27,2,66.7,1,0.42,1,2,0.84,1,17V354,
SUZUKI,XL7,2007;2008;2009,83,3,3.61,1,33.3,2,2.41,0,3,3.61,0,12V597,
MERCEDES BENZ,C230,1998;1999;2000;2001;2002;2003;2004;2005;2006;2007,269,3,1.12,0,0.0,3,1.12,0,3,1.12,0,,
TOYOTA,YARIS,2006;2007;2008;2009;2010;2011;2012;2013;2014;2015;2016;2017;2018;2019;2020,449,3,0.67,3,100.0,0,0.0,3,0,0.0,0,21V617,
HYUNDAI,GENESIS,2009;2010;2011;2012;2013;2014;2015;2016;2018,965,3,0.31,1,33.3,2,0.21,1,2,0.21,0,21V160,
CHEVROLET,MONTE CARLO,1985;1998;1999;2000;2001;2002;2003;2004;2005;2006;2007;2010,310,3,0.97,1,33.3,2,0.65,0,3,0.97,2,15V701,
CHEVROLET,SONIC,2011;2012;2013;2014;2015;2016;2017;2018;2019;2020,796,3,0.38,0,0.0,3,0.38,0,3,0.38,0,,
MERCURY,MOUNTAINEER,1997;1998;1999;2000;2001;2002;2003;2004;2005;2006;2007;2008;2009;2010,213,3,1.41,0,0.0,3,1.41,0,3,1.41,0,,
AUDI,A4,1998;1999;2000;2001;2002;2003;2004;2005;2006;2007;2008;2009;2010;2011;2012;2013;2014;2015;2016;2017;2018;2019;2020;2021;2022;2023;2024,1017,3,0.29,0,0.0,3,0.29,0,3,0.29,0,,
BUICK,ENCLAVE,2008;2009;2010;2011;2012;2013;2014;2015;2016;2017;2018;2019;2020;2021;2022;2023;2024;2025;2026,1904,3,0.16,1,33.3,2,0.11,0,3,0.16,0,20V639,
LEXUS,ES350,2007;2008;2009;2010;2011;2012;2013;2014;2015;2016;2017;2018;2019;2020;2021;2022;2023,957,3,0.31,3,100.0,0,0.0,3,0,0.0,0,20V012,
CHEVROLET,VENTURE,1997;1998;1999;2000;2001;2002;2003;2004;2005,69,3,4.35,1,33.3,2,2.9,0,3,4.35,1,07V349,
CHEVROLET,VOLT,2011;2012;2013;2014;2015;2016;2017;2018;2019,1791,3,0.17,1,33.3,2,0.11,0,3,0.17,0,,
LAND ROVER,RANGE ROVER,1992;1996;1997;2000;2002;2003;2004;2005;2006;2007;2008;2009;2010;2011;2012;2013;2014;2015;2016;2017;2018;2019;2020;2021;2022;2023;2024;2025,521,3,0.58,0,0.0,3,0.58,0,3,0.58,0,,
FORD,THUNDERBIRD,1985;1988;1989;1990;1991;1993;1994;1995;1996;1997;2002;2003;2004;2005,62,3,4.84,1,33.3,2,3.23,0,3,4.84,0,05V113,
CHEVROLET,SILVERADO 3500,1999;2000;2001;2002;2003;2004;2005;2006;2007;2008;2009;2010;2011;2012;2013;2014;2015;2016;2017;2018;2019;2020;2021;2022;2023;2024;2025;2026,515,3,0.58,0,0.0,3,0.58,0,3,0.58,0,,
CHEVROLET,EXPRESS,1997;2000;2001;2002;2003;2004;2005;2006;2007;2008;2009;2010;2011;2012;2013;2014;2015;2016;2017;2018;2019;2020;2021;2022;2023;2024,205,3,1.46,0,0.0,3,1.46,0,3,1.46,0,,
ISUZU,RODEO,1992;1995;1996;1997;1998;1999;2000;2001;2002;2003;2004;2008,89,3,3.37,2,66.7,1,1.12,1,2,2.25,1,05V466,
MERCURY,COUGAR,1987;1990;1992;1993;1994;1995;1999;2000;2001;2002,45,3,6.67,1,33.3,2,4.44,1,2,4.44,0,04V421,
LAND ROVER,DISCOVERY,1995;1996;1998;2000;2001;2002;2003;2004;2006;2016;2017;2018;2019;2020;2021;2022;2023;2024;2026,222,3,1.35,2,66.7,1,0.45,0,3,1.35,0,18V087,
INFINITI,Q50,2014;2015;2016;2017;2018;2019;2020;2021;2022;2023,437,3,0.69,1,33.3,2,0.46,0,3,0.69,0,17V476,
VOLVO,V70,1998;1999;2000;2001;2002;2003;2004;2005;2006;2007;2008;2010,89,3,3.37,2,66.7,1,1.12,0,3,3.37,0,09V483,
MERCEDES-BENZ,S550,2010;2011;2012;2013;2014;2015;2016;2017,122,3,2.46,0,0.0,3,2.46,0,3,2.46,0,,
INFINITI,QX50,2014;2015;2016;2017;2019;2020;2021;2022;2023;2024;2025,272,3,1.1,1,33.3,2,0.74,0,3,1.1,0,25V437,
AUDI,A7,2007;2009;2012;2013;2014;2015;2016;2017;2018;2019;2020;2021,130,3,2.31,2,66.7,1,0.77,0,3,2.31,0,17V781,
VOLKSWAGEN,PASSAT WAGON,2002;2003;2004;2007;2008;2009;2010,41,3,7.32,3,100.0,0,0.0,2,1,2.44,0,17V509,
CHEVROLET,TRAX,2015;2016;2017;2018;2019;2020;2021;2022;2024;2025;2026,951,3,0.32,0,0.0,3,0.32,0,3,0.32,0,,
AUDI,Q3,2008;2015;2016;2017;2018;2019;2020;2021;2022;2023;2024;2025;2026,235,3,1.28,2,66.7,1,0.43,1,2,0.85,0,22V673,
BMW,320I,2002;2004;2012;2013;2014;2015;2016;2017;2018,144,3,2.08,1,33.3,2,1.39,1,2,1.39,0,15V189,
MAZDA,CX-3,2014;2016;2017;2018;2019;2020;2021,114,3,2.63,2,66.7,1,0.88,2,1,0.88,0,21V875,
NISSAN,NV200,2013;2014;2015;2016;2017;2018;2019;2020;2021,33,3,9.09,2,66.7,1,3.03,1,2,6.06,0,25V676,
MERCEDES-BENZ,GLS450,2017;2019;2020;2021,70,3,4.29,1,33.3,2,2.86,1,2,2.86,0,23V445,
PORSCHE,MACAN,2015;2016;2017;2018;2019;2020;2021;2022;2023;2024;2025,228,3,1.32,2,66.7,1,0.44,0,3,1.32,0,20V077,
BUICK,ENVISION,2016;2017;2018;2019;2020;2021;2022;2023;2024;2025,236,3,1.27,0,0.0,3,1.27,0,3,1.27,0,,
FIAT,124 SPIDER,2017;2018;2019;2020,65,3,4.62,1,33.3,2,3.08,1,2,3.08,0,21V879,
MERCEDES-BENZ,E 450,2019;2020;2021;2022;2023;2024,62,3,4.84,3,100.0,0,0.0,3,0,0.0,0,23V445,
CAN-AM,RYKER,2019;2020;2021;2022;2023;2025;2026,132,3,2.27,2,66.7,1,0.76,2,1,0.76,0,23V855,
MERCEDES-BENZ,GLB 250,2020;2021;2022;2023;2024;2025;2026,107,3,2.8,1,33.3,2,1.87,0,3,2.8,0,21V961,
MERCEDES-BENZ,E 350,2020;2021;2022;2023;2024;2025;2026,43,3,6.98,3,100.0,0,0.0,0,3,6.98,0,23V445,
DODGE,RAM,1994;1995;1996;1999;2001;2002;2004;2005;2006;2007;2008;2009;2010,38,3,7.89,1,33.3,2,5.26,0,3,7.89,0,18V160,
MERCEDES-BENZ,S 500,2021;2022;2023,22,3,13.64,3,100.0,0,0.0,2,1,4.55,0,23V445,
NISSAN,REDUNDANT ROGUE,2022,25,3,12.0,0,0.0,3,12.0,0,3,12.0,0,,
HONDA,CIVIC TYPE R,2017;2018;2019;2020;2021;2023;2024;2025,36,3,8.33,3,100.0,0,0.0,3,0,0.0,0,23V858,
TOYOTA,GRAND HIGHLANDER,2024;2025;2026,326,3,0.92,0,0.0,3,0.92,0,3,0.92,0,,
GMC,ENVOY DENALI,2006;2007,45,2,4.44,0,0.0,2,4.44,0,2,4.44,0,,
DODGE,RAM 3500,1991;1994;1995;1996;1997;1998;1999;2000;2001;2002;2003;2004;2005;2006;2007;2008;2009;2010;2011;2012,883,2,0.23,1,50.0,1,0.11,1,1,0.11,0,14V635,
FORD,FREESTYLE,2004;2005;2006;2007,416,2,0.48,1,50.0,1,0.24,1,1,0.24,0,,
JEEP,WRANGLER SAHARA,2007,35,2,5.71,0,0.0,2,5.71,0,2,5.71,0,,
MAZDA,TRIBUTE,2001;2002;2003;2004;2005;2006;2008;2009;2010;2011,540,2,0.37,0,0.0,2,0.37,0,2,0.37,0,,
LEXUS,IS 250,2006;2007;2008;2009;2010;2011;2012;2013;2014;2015;2016,436,2,0.46,2,100.0,0,0.0,2,0,0.0,0,14V647,
DODGE,CHALLENGER,1970;2008;2009;2010;2011;2012;2013;2014;2015;2016;2017;2018;2019;2020;2021;2022;2023,1379,2,0.15,0,0.0,2,0.15,0,2,0.15,0,,
FORD,FREESTAR,2004;2005;2006;2007,451,2,0.44,0,0.0,2,0.44,0,2,0.44,0,,
CHEVROLET,SILVERADO,1987;1991;1992;1995;1996;1997;1999;2000;2001;2002;2003;2004;2005;2006;2007;2008;2009;2010;2011;2012;2013;2014;2015;2016;2017,716,2,0.28,1,50.0,1,0.14,0,2,0.28,0,,
SATURN,VUE,2002;2003;2004;2005;2006;2007;2008;2009;2010,677,2,0.3,0,0.0,2,0.3,0,2,0.3,1,,
CHEVROLET,MALIBU CLASSIC,1997;1998;1999;2000;2001;2002;2003;2004;2005;2007,107,2,1.87,0,0.0,2,1.87,0,2,1.87,0,,
OLDSMOBILE,ALERO,1999;2000;2001;2002;2003;2004,180,2,1.11,1,50.0,1,0.56,0,2,1.11,0,14V400,
DODGE,CALIBER,2006;2007;2008;2009;2010;2011;2012,1033,2,0.19,0,0.0,2,0.19,0,2,0.19,0,,
PONTIAC,GRAND PRIX,1988;1989;1991;1996;1997;1998;1999;2000;2001;2002;2003;2004;2005;2006;2007;2008,853,2,0.23,1,50.0,1,0.12,0,2,0.23,0,15V701,
SAAB,9-3,1999;2000;2001;2002;2003;2004;2005;2006;2007;2008;2009;2010;2011,537,2,0.37,1,50.0,1,0.19,1,1,0.19,0,05V399,
CHRYSLER,300 AWD,2005;2006;2007;2008;2010;2020,43,2,4.65,1,50.0,1,2.33,0,2,4.65,0,,
FORD,CROWN VICTORIA,1991;1993;1994;1995;1996;1997;1998;1999;2000;2001;2002;2003;2004;2005;2006;2007;2008;2009;2010;2011,313,2,0.64,0,0.0,2,0.64,0,2,0.64,0,,
LEXUS,IS,1999;2002;2003;2004;2005;2006;2007;2008;2009;2010;2011;2012;2013;2014;2015;2016;2017;2018;2019;2020;2021;2022;2023;2024;2025,419,2,0.48,2,100.0,0,0.0,0,2,0.48,1,18V432,
JEEP,WRANGLER 4-DR 4X4,2007;2008;2009,264,2,0.76,0,0.0,2,0.76,0,2,0.76,0,,
DODGE,RAM 2500,1991;1992;1994;1995;1996;1997;1998;1999;2000;2001;2002;2003;2004;2005;2006;2007;2008;2009;2010;2011;2012,1574,2,0.13,0,0.0,2,0.13,0,2,0.13,1,14V635,
MERCEDES BENZ,E550,2007;2008;2009,18,2,11.11,0,0.0,2,11.11,0,2,11.11,0,,
FORD,FUSION HYBRID,2010;2011;2012;2013;2014;2015;2016;2017;2018;2019;2020,1051,2,0.19,0,0.0,2,0.19,0,2,0.19,1,,
PONTIAC,TORRENT,2006;2007;2008;2009,237,2,0.84,0,0.0,2,0.84,0,2,0.84,0,12V459,
CADILLAC,DTS,2004;2005;2006;2007;2008;2009;2010;2011,211,2,0.95,0,0.0,2,0.95,0,2,0.95,0,,
FIAT,500,2011;2012;2013;2014;2015;2016;2017;2018,713,2,0.28,0,0.0,2,0.28,0,2,0.28,0,,
FORD,FORD,,36,2,5.56,0,0.0,2,5.56,0,2,5.56,0,,
SATURN,LS,2000;2001;2002,63,2,3.17,1,50.0,1,1.59,0,2,3.17,0,03V231,
BMW,535XI,2008;2010;2011;2012;2013,79,2,2.53,0,0.0,2,2.53,0,2,2.53,0,,
MINI,COOPER S,2002;2003;2004;2005;2006;2007;2008;2009;2010;2011;2012;2013;2014;2015;2016;2017;2019;2020;2022;2024;2025,468,2,0.43,0,0.0,2,0.43,0,2,0.43,0,,
RAM,2500,2009;2013;2014;2015;2016;2017;2018;2019;2020;2021;2022;2023;2024;2025;2026,5021,2,0.04,1,50.0,1,0.02,1,1,0.02,0,21V880,
CHEVROLET,AVALANCHE,2002;2003;2004;2005;2006;2007;2008;2009;2010;2011;2012;2013,951,2,0.21,0,0.0,2,0.21,0,2,0.21,0,,
VOLKSWAGEN,BEETLE,1998;1999;2000;2001;2002;2003;2004;2005;2006;2007;2008;2009;2010;2012;2013;2014;2015;2016;2017;2018;2019,646,2,0.31,1,50.0,1,0.15,0,2,0.31,0,24V834,
BMW,328XI,2006;2007;2008;2009;2010;2011;2012;2013;2014;2015;2016,322,2,0.62,1,50.0,1,0.31,0,2,0.62,0,15V189,
VOLVO,S40,2000;2001;2002;2003;2004;2005;2006;2007;2008;2009;2010;2011,103,2,1.94,1,50.0,1,0.97,0,2,1.94,0,08V033,
LINCOLN,MKZ HYBRID,2011;2012;2013;2014;2015;2016;2017;2018;2019;2020,165,2,1.21,1,50.0,1,0.61,1,1,0.61,0,16V621,
LEXUS,GS 350,2006;2007;2008;2009;2010;2011;2013;2014;2015;2016;2017;2018,96,2,2.08,1,50.0,1,1.04,1,1,1.04,0,20V012,
INFINITI,FX35,2002;2003;2004;2005;2006;2007;2008;2009;2010;2011;2012,251,2,0.8,1,50.0,1,0.4,0,2,0.8,0,05V555,
BMW,750LI,2006;2007;2008;2009;2010;2011;2012;2013;2014;2015;2016;2021,296,2,0.68,0,0.0,2,0.68,0,2,0.68,0,,
KIA,RIO,2001;2002;2003;2004;2005;2006;2007;2008;2009;2010;2011;2012;2013;2014;2015;2016;2017;2018;2019;2020;2021;2022;2023,602,2,0.33,0,0.0,2,0.33,0,2,0.33,1,,
JAGUAR,XJ8,1998;1999;2001;2002;2004;2005;2006,20,2,10.0,1,50.0,1,5.0,0,2,10.0,0,06E043,
CADILLAC,STS,2000;2001;2002;2004;2005;2006;2007;2008;2009;2010;2011,162,2,1.23,2,100.0,0,0.0,1,1,0.62,0,14V542,
MITSUBISHI,OUTLANDER SPORT,2011;2012;2013;2014;2015;2016;2017;2018;2019;2020;2021;2022;2023;2024;2025;2026,466,2,0.43,0,0.0,2,0.43,0,2,0.43,0,,
CHRYSLER,CONCORDE,1994;1995;1996;1999;2000;2001;2002;2003;2004,25,2,8.0,0,0.0,2,8.0,0,2,8.0,0,,
KEYSTONE,RAPTOR,2007;2009;2012;2013;2014;2015;2017;2018;2019;2021;2022;2025,25,2,8.0,1,50.0,1,4.0,1,1,4.0,0,23V082,
HYUNDAI,TIBURON,2000;2001;2003;2004;2005;2006;2007;2008,62,2,3.23,1,50.0,1,1.61,0,2,3.23,0,04V369,
LEXUS,GS,1998;1999;2001;2003;2004;2005;2006;2007;2008;2009;2010;2011;2012;2013;2014;2015;2016;2017;2018;2019,125,2,1.6,1,50.0,1,0.8,0,2,1.6,0,20V012,
NISSAN,350Z,2003;2004;2005;2006;2007;2008;2009,100,2,2.0,1,50.0,1,1.0,0,2,2.0,0,05V555,
LINCOLN,LS,2000;2001;2002;2003;2004;2005;2006,103,2,1.94,0,0.0,2,1.94,0,2,1.94,0,,
LEXUS,IS 350,2006;2007;2008;2009;2010;2011;2012;2014;2015;2016;2017;2019;2020,117,2,1.71,2,100.0,0,0.0,1,1,0.85,0,14V647,
MERCEDES-BENZ,C350,2010;2011;2012;2013;2014;2015;2017,120,2,1.67,1,50.0,1,0.83,0,2,1.67,0,12V557,
PONTIAC,AZTEK,2001;2002;2003;2004;2005,48,2,4.17,1,50.0,1,2.08,0,2,4.17,0,07V349,
CHRYSLER,ASPEN,2007;2008;2009,153,2,1.31,0,0.0,2,1.31,0,2,1.31,1,,
LEXUS,LS460,2007;2008;2009;2010;2011;2012;2013;2014;2015;2016;2017,118,2,1.69,1,50.0,1,0.85,1,1,0.85,0,,
BMW,335XI,2007;2008;2009;2010;2011;2012;2013;2014;2015,81,2,2.47,1,50.0,1,1.23,0,2,2.47,0,,
JEEP,PATRIOT FWD,2007;2008;2009;2010,42,2,4.76,0,0.0,2,4.76,0,2,4.76,0,,
BMW,I3,2014;2015;2016;2017;2018;2019,211,2,0.95,0,0.0,2,0.95,0,2,0.95,0,,
BUICK,PARK AVENUE,1992;1994;1995;1996;1997;1998;1999;2000;2001;2002;2003;2004,53,2,3.77,0,0.0,2,3.77,0,2,3.77,2,,
CADILLAC,XLR,2004;2005;2006;2007;2008;2009,51,2,3.92,1,50.0,1,1.96,0,2,3.92,0,11E009,
CHRYSLER,ASPEN 4X4,2007;2008;2009,75,2,2.67,0,0.0,2,2.67,0,2,2.67,0,,
FORD,E-350,1986;1988;1992;1995;1996;1997;1998;1999;2000;2001;2002;2003;2004;2005;2006;2007;2008;2009;2010;2011;2012;2013;2014;2015;2016;2017;2018;2019;2020;2021;2022;2023;2024;2025,202,2,0.99,2,100.0,0,0.0,2,0,0.0,1,22V925,
LEXUS,LS460L,2007;2008;2009;2010,17,2,11.76,1,50.0,1,5.88,1,1,5.88,0,,
PONTIAC,BONNEVILLE,1992;1995;1996;1997;1998;1999;2000;2001;2002;2003;2004;2005,54,2,3.7,2,100.0,0,0.0,0,2,3.7,0,03V238,
LINCOLN,MKT,2010;2011;2012;2013;2014;2015;2016;2017;2018;2019,258,2,0.78,1,50.0,1,0.39,1,1,0.39,0,16V621,
MERCEDES-BENZ,SPRINTER 2500,2007;2009;2010;2011;2012;2013;2014;2015;2016;2017;2018;2019;2020;2021;2022;2023;2024;2025,382,2,0.52,2,100.0,0,0.0,2,0,0.0,0,23V444,
AUDI,A8,1999;2001;2004;2006;2007;2008;2009;2011;2012;2013;2014;2015;2016;2017;2019;2020;2021,183,2,1.09,1,50.0,1,0.55,1,1,0.55,0,22V178,
FORD,E-250,1990;1994;1997;1999;2001;2002;2003;2004;2005;2006;2007;2008;2009;2010;2011;2012;2013;2014;2016;2017;2022,52,2,3.85,0,0.0,2,3.85,0,2,3.85,0,,
HONDA,VT750,2004;2005;2007;2008;2011;2013;2025,11,2,18.18,1,50.0,1,9.09,1,1,9.09,0,08V141,
BMW,K 1300 S,2009;2011;2012,5,2,40.0,2,100.0,0,0.0,1,1,20.0,0,13V617,
JAGUAR,XJ,1984;2000;2004;2005;2006;2007;2008;2011;2012;2013;2014;2015;2016;2017;2018;2019,70,2,2.86,0,0.0,2,2.86,0,2,2.86,1,,
GMC,C/K PICKUP,1978;1985,3,2,66.67,0,0.0,2,66.67,0,2,66.67,0,,
PORSCHE,CAYENNE S,2003;2004;2005;2006;2007;2008;2011;2012;2020,52,2,3.85,1,50.0,1,1.92,1,1,1.92,0,17V576,
SATURN,LW200,2000;2001;2002;2003,11,2,18.18,0,0.0,2,18.18,0,2,18.18,0,,
MERCEDES BENZ,S550,2007;2008,43,2,4.65,0,0.0,2,4.65,0,2,4.65,0,12V557,
CADILLAC,ELDORADO,1988;1993;1994;1995;1996;1997;1998;1999;2000;2001,24,2,8.33,1,50.0,1,4.17,0,2,8.33,0,04V110,
JAGUAR,XK,2003;2005;2007;2008;2009;2010;2011;2012;2013;2014;2015,19,2,10.53,0,0.0,2,10.53,0,2,10.53,0,,
JEEP,WAGONEER,1999;2000;2022;2023;2024;2025,359,2,0.56,0,0.0,2,0.56,0,2,0.56,0,,
GMC,SUBURBAN,1995;1997;1999,10,2,20.0,0,0.0,2,20.0,0,2,20.0,0,,
JEEP,JEEP,2000,16,2,12.5,0,0.0,2,12.5,0,2,12.5,1,,
AUDI,S5,2008;2010;2011;2012;2013;2014;2015;2016;2018;2019;2020;2021;2022;2023;2024;2025;2026,138,2,1.45,1,50.0,1,0.72,0,2,1.45,0,15V019,
SUZUKI,GSX1300R,2008;2012;2022;2023,5,2,40.0,0,0.0,2,40.0,0,2,40.0,0,,
FIAT,500X,2016;2017;2018;2019;2020;2022,187,2,1.07,0,0.0,2,1.07,0,2,1.07,0,,
DODGE,CHARGER POLICE,2011;2012;2013;2014,27,2,7.41,0,0.0,2,7.41,0,2,7.41,0,,
MERCEDES-BENZ,S63,2010;2011;2014;2015,8,2,25.0,1,50.0,1,12.5,0,2,25.0,0,12V557,
LEXUS,NX200T,2015;2016;2017,33,2,6.06,1,50.0,1,3.03,1,1,3.03,0,20V012,
JAGUAR,XE,2017;2018;2019;2020,37,2,5.41,1,50.0,1,2.7,0,2,5.41,0,18V090,
LEXUS,IS200T,2016;2017,16,2,12.5,2,100.0,0,0.0,1,1,6.25,0,20V012,
BENTLEY,BENTAYGA,2017;2018;2019;2021,12,2,16.67,1,50.0,1,8.33,0,2,16.67,0,23V592,
TOYOTA,C-HR,2018;2019;2020;2021;2022;2026,527,2,0.38,0,0.0,2,0.38,0,2,0.38,0,,
MERCEDES-BENZ,CLA 250,2018;2019;2020;2021;2022;2023;2024;2025,99,2,2.02,1,50.0,1,1.01,0,2,2.02,0,21V961,
JAGUAR,E-PACE,2018;2019;2020;2021;2022;2024,25,2,8.0,0,0.0,2,8.0,0,2,8.0,0,,
CADILLAC,XT4,2019;2020;2021;2022;2023;2024;2025,104,2,1.92,0,0.0,2,1.92,0,2,1.92,0,,
KIA,TELLURIDE,2020;2021;2022;2023;2024;2025;2027,1974,2,0.1,0,0.0,2,0.1,0,2,0.1,0,,
MERCEDES-BENZ,A 220,2019;2020;2021;2022,77,2,2.6,1,50.0,1,1.3,0,2,2.6,0,21V961,
MAZDA,!MX-5,2019,3,2,66.67,2,100.0,0,0.0,2,0,0.0,0,21V875,
MERCEDES-BENZ,GLE 450,2020;2021;2022;2023;2024,72,2,2.78,2,100.0,0,0.0,1,1,1.39,0,23V445,
CADILLAC,XT6,2020;2021;2022;2023;2024;2025,105,2,1.9,0,0.0,2,1.9,0,2,1.9,0,,
HONDA,CRF1000,2018;2019,17,2,11.76,0,0.0,2,11.76,0,2,11.76,0,,
MERCEDES-BENZ,G 550,2019;2020;2021;2022,14,2,14.29,1,50.0,1,7.14,1,1,7.14,0,23V880,
KIA,SELTOS,2021;2022;2023;2024;2025;2026,542,2,0.37,0,0.0,2,0.37,0,2,0.37,0,,
HYUNDAI,VENUE,2020;2021;2022;2023;2024;2025;2026,143,2,1.4,0,0.0,2,1.4,0,2,1.4,0,,
BUICK,ENCORE GX,2020;2021;2022;2023;2024;2025;2026,227,2,0.88,1,50.0,1,0.44,0,2,0.88,0,,
BMW,K 1600 B,2018;2019;2020;2022;2023;2024;2025,17,2,11.76,1,50.0,1,5.88,0,2,11.76,0,21V060,
HYUNDAI,SANTA CRUZ,2022;2023;2024;2025;2026,315,2,0.63,0,0.0,2,0.63,0,2,0.63,0,,
HYUNDAI,ELANTRA N,2022;2023;2024;2025;2026,39,2,5.13,2,100.0,0,0.0,1,1,2.56,0,24V528,
MERCEDES-BENZ,AMG GLE53 4MATIC+,2023;2024;2025,16,2,12.5,2,100.0,0,0.0,1,1,6.25,0,23V880,
TOYOTA,TUNDRA HYBRID,2022;2023;2024;2025;2026,11,2,18.18,2,100.0,0,0.0,2,0,0.0,0,23V566,
LEXUS,TX,2024;2025;2026,84,2,2.38,0,0.0,2,2.38,0,2,2.38,0,,
JEEP,PATRIOT 4X4,2007;2008;2009;2010,184,1,0.54,0,0.0,1,0.54,0,1,0.54,0,,
CHEVROLET,AVALANCHE 1500,2002;2003;2004;2005;2006;2007;2008;2009;2010;2011;2012;2013,338,1,0.3,1,100.0,0,0.0,0,1,0.3,0,06E043,
TOYOTA,CAMRY SOLARA,1999;2000;2001;2002;2003;2004;2005;2006;2007;2008,194,1,0.52,0,0.0,1,0.52,0,1,0.52,0,,
BMW,530I,2001;2002;2003;2004;2005;2006;2007;2017;2018;2019;2020;2021;2022;2023;2024;2025,284,1,0.35,0,0.0,1,0.35,0,1,0.35,0,,
GMC,YUKON DENALI,2000;2001;2002;2003;2004;2005;2006;2007;2008;2009;2010;2011;2012;2013;2015;2016;2017;2018;2019,481,1,0.21,0,0.0,1,0.21,0,1,0.21,0,,
TOYOTA,CAMRY HYBRID,2006;2007;2008;2009;2010;2011;2012;2013;2014;2015;2016;2017;2018;2019;2020;2021;2022;2023;2025;2026,752,1,0.13,0,0.0,1,0.13,0,1,0.13,0,,
CHEVROLET,AVEO,2004;2005;2006;2007;2008;2009;2010;2011;2012,371,1,0.27,1,100.0,0,0.0,0,1,0.27,0,06V398,
HYUNDAI,ACCENT,1995;2000;2001;2002;2003;2004;2005;2006;2007;2008;2009;2010;2011;2012;2013;2014;2015;2016;2017;2018;2019;2020;2021;2022,882,1,0.11,1,100.0,0,0.0,0,1,0.11,0,23V651,
TOYOTA,PRIUS,2001;2002;2003;2004;2005;2006;2007;2008;2009;2010;2011;2012;2013;2014;2015;2016;2017;2018;2019;2020;2021;2022;2023;2024;2025;2026,4424,1,0.02,0,0.0,1,0.02,0,1,0.02,0,,
VOLKSWAGEN,RABBIT,2007;2008;2009,85,1,1.18,1,100.0,0,0.0,1,0,0.0,0,16V913,
CHEVROLET,TRAILBLAZER 360,2002;2003;2004;2005;2006;2007;2008,65,1,1.54,0,0.0,1,1.54,0,1,1.54,0,,
GMC,YUKON DENALI XL,2003;2004;2005;2006;2007;2008;2009;2010;2011;2012;2013;2014;2015;2016;2017;2018,356,1,0.28,0,0.0,1,0.28,0,1,0.28,0,,
MERCURY,GRAND MARQUIS,1981;1983;1985;1990;1991;1992;1993;1994;1995;1996;1997;1998;1999;2000;2001;2002;2003;2004;2005;2006;2007;2008;2009;2010;2011,711,1,0.14,0,0.0,1,0.14,0,1,0.14,0,,
FORD,TRANSIT CONNECT,2010;2011;2012;2013;2014;2015;2016;2017;2018;2019;2020;2021;2022;2023,513,1,0.19,0,0.0,1,0.19,0,1,0.19,0,15V005,
MERCEDES BENZ,C350,2006;2007;2008;2009,170,1,0.59,0,0.0,1,0.59,0,1,0.59,0,,
SATURN,OUTLOOK,2007;2008;2009;2010,371,1,0.27,0,0.0,1,0.27,0,1,0.27,0,,
PONTIAC,GRAND AM,1996;1997;1998;1999;2000;2001;2002;2003;2004;2005,271,1,0.37,0,0.0,1,0.37,0,1,0.37,0,,
FORD,ESCORT,1992;1994;1995;1996;1997;1998;1999;2000;2002;2003,23,1,4.35,1,100.0,0,0.0,0,1,4.35,0,97V144,
BMW,3 SERIES,1997;1998;2000;2001;2002;2003;2004;2005;2006;2007;2008;2009;2010;2011;2012;2013,298,1,0.34,0,0.0,1,0.34,0,1,0.34,0,,
MERCEDES-BENZ,GL450,2010;2011;2012;2013;2014;2015;2016;2017,216,1,0.46,0,0.0,1,0.46,0,1,0.46,0,,
TOYOTA,ECHO,2000;2001;2002;2003,20,1,5.0,0,0.0,1,5.0,0,1,5.0,0,,
GMC,SIERRA,1987;1993;1994;1995;1996;1997;1998;1999;2000;2001;2002;2003;2004;2005;2006;2007;2008;2009;2010;2011;2012;2013;2014;2015;2016;2017,382,1,0.26,0,0.0,1,0.26,0,1,0.26,0,,
GMC,ENVOY 360,2002;2003;2004;2005;2006;2007,38,1,2.63,0,0.0,1,2.63,0,1,2.63,0,,
MERCEDES BENZ,SL500,1993;1994;1995;1996;1997;1998;1999;2000;2001;2003;2004;2005;2006;2009,100,1,1.0,1,100.0,0,0.0,1,0,0.0,1,07V263,
MERCEDES BENZ,CLK500,2003;2004;2005;2006,19,1,5.26,0,0.0,1,5.26,0,1,5.26,0,,
MERCEDES-BENZ,CLA250,2012;2013;2014;2015;2016;2017,315,1,0.32,0,0.0,1,0.32,0,1,0.32,0,,
MAZDA,CX-7,2007;2008;2009;2010;2011;2012;2013,606,1,0.17,0,0.0,1,0.17,0,1,0.17,0,,
DODGE,NITRO 4X4,2007;2009,58,1,1.72,0,0.0,1,1.72,0,1,1.72,0,,
SUBARU,BAJA,2003;2004;2005;2006,57,1,1.75,0,0.0,1,1.75,0,1,1.75,0,,
BMW,X5 SAV,2003;2006;2007;2008;2009;2010;2011;2012;2013,130,1,0.77,1,100.0,0,0.0,1,0,0.0,0,16V071,
LINCOLN,TOWN CAR,1984;1988;1991;1993;1994;1995;1996;1997;1998;1999;2000;2001;2002;2003;2004;2005;2006;2007;2008;2009;2010;2011,300,1,0.33,0,0.0,1,0.33,0,1,0.33,0,,
HYUNDAI,ENTOURAGE,2007;2008,127,1,0.79,1,100.0,0,0.0,1,0,0.0,0,20V061,
OLDSMOBILE,SILHOUETTE,1999;2000;2001;2002;2003;2004,17,1,5.88,0,0.0,1,5.88,0,1,5.88,0,,
MERCURY,MONTEGO,2005;2006;2007,65,1,1.54,0,0.0,1,1.54,0,1,1.54,0,,
TOYOTA,SEQUOIA,2001;2002;2003;2004;2005;2006;2007;2008;2009;2010;2011;2012;2013;2014;2015;2016;2017;2018;2019;2020;2021;2022,1111,1,0.09,1,100.0,0,0.0,1,0,0.0,0,20V012,
HONDA,CIVIC HYBRID,2003;2004;2005;2006;2007;2008;2009;2010;2011;2012;2013;2014;2015;2025,197,1,0.51,0,0.0,1,0.51,0,1,0.51,0,,
SUBARU,B9 TRIBECA,2006;2007;2008;2009;2010;2011;2012,78,1,1.28,0,0.0,1,1.28,0,1,1.28,1,,
MITSUBISHI,LANCER,2002;2003;2004;2005;2006;2007;2008;2009;2010;2011;2012;2013;2014;2015;2016;2017,347,1,0.29,1,100.0,0,0.0,0,1,0.29,0,15V546,
CHEVROLET,CORVETTE Z06,2005;2006;2007;2008,90,1,1.11,0,0.0,1,1.11,0,1,1.11,0,,
HUMMER,H3,2003;2006;2007;2008;2009;2010,443,1,0.23,0,0.0,1,0.23,0,1,0.23,0,,
CHEVROLET,TRAILBLAZER EXT,2002;2003;2004;2006,52,1,1.92,0,0.0,1,1.92,0,1,1.92,0,,
SMART,FORTWO,2005;2008;2009;2010;2011;2012;2013;2014;2015;2016;2017;2018;2019,240,1,0.42,0,0.0,1,0.42,0,1,0.42,0,,
CADILLAC,ATS,2013;2014;2015;2016;2017;2018;2019,322,1,0.31,0,0.0,1,0.31,0,1,0.31,0,,
BMW,750I,2006;2007;2008;2009;2010;2011;2012;2013;2014;2016;2017;2018;2020;2021,122,1,0.82,0,0.0,1,0.82,0,1,0.82,0,,
MERCEDES-BENZ,CLS550,2010;2011;2012;2013;2014;2015;2017,38,1,2.63,0,0.0,1,2.63,0,1,2.63,0,,
FORD,F-450 SD,1995;2002;2005;2006;2007;2008;2009;2010;2011;2012;2013;2014;2016;2017;2019;2021;2022;2023;2024;2025;2026,96,1,1.04,0,0.0,1,1.04,0,1,1.04,0,,
BUICK,CENTURY,1991;1995;1996;1997;1998;1999;2000;2001;2002;2003;2004;2005,96,1,1.04,1,100.0,0,0.0,0,1,1.04,0,07E021,
INFINITI,G35,2003;2004;2005;2006;2007;2008,365,1,0.27,1,100.0,0,0.0,0,1,0.27,0,06E060,
CHEVROLET,CHEVEROLET SS,2014;2015;2016;2017,99,1,1.01,0,0.0,1,1.01,0,1,1.01,0,,
JEEP,WRANGLER 2-DR 4X4,2007;2008;2009,141,1,0.71,0,0.0,1,0.71,0,1,0.71,0,,
MERCEDES BENZ,C300,2008;2009,937,1,0.11,0,0.0,1,0.11,0,1,0.11,0,,
BMW,325I,1991;1995;2000;2001;2002;2003;2004;2005;2006;2007;2008;2011,474,1,0.21,0,0.0,1,0.21,0,1,0.21,0,,
BMW,M3,1995;1999;2001;2002;2003;2004;2005;2006;2008;2009;2010;2011;2012;2013;2015;2016;2017;2018;2021;2022;2023;2025,193,1,0.52,0,0.0,1,0.52,0,1,0.52,0,,
FORD,E-450,1999;2000;2001;2002;2003;2004;2005;2006;2007;2008;2009;2010;2011;2012;2013;2014;2015;2016;2017;2018;2019;2021;2022;2023;2024;2025;2026,148,1,0.68,0,0.0,1,0.68,0,1,0.68,0,,
ACURA,RLX,2014;2015;2016;2017;2018;2020,100,1,1.0,1,100.0,0,0.0,1,0,0.0,0,23V858,
BMW,745LI,2002;2003;2004;2005,32,1,3.12,1,100.0,0,0.0,1,0,0.0,0,02V150,
FORD,EXCURSION,2000;2001;2002;2003;2004;2005,86,1,1.16,0,0.0,1,1.16,0,1,1.16,0,,
VOLKSWAGEN,EOS,2007;2008;2009;2010;2011;2012;2013;2014;2015;2016,349,1,0.29,0,0.0,1,0.29,0,1,0.29,0,,
HONDA,VTX1300,2004;2005;2006;2007;2008;2009,25,1,4.0,0,0.0,1,4.0,0,1,4.0,0,,
BUICK,VERANO,2012;2013;2014;2015;2016;2017,384,1,0.26,0,0.0,1,0.26,0,1,0.26,0,,
TESLA,MODEL S,2012;2013;2014;2015;2016;2017;2018;2019;2020;2021;2022;2023;2024;2025;2026,3354,1,0.03,0,0.0,1,0.03,0,1,0.03,0,,
BUICK,ENCORE,2013;2014;2015;2016;2017;2018;2019;2020;2021;2022,576,1,0.17,0,0.0,1,0.17,0,1,0.17,0,,
AUDI,A5,2008;2009;2010;2011;2012;2013;2014;2015;2016;2018;2019;2020;2021;2022;2023;2024;2025;2026,305,1,0.33,0,0.0,1,0.33,0,1,0.33,0,,
DODGE,INTREPID,1994;1995;1996;1997;1999;2000;2001;2002;2003;2004,49,1,2.04,0,0.0,1,2.04,0,1,2.04,0,98V184,
BMW,135I,2007;2008;2009;2010;2011;2012;2013,91,1,1.1,0,0.0,1,1.1,0,1,1.1,0,,
BMW,5 SERIES,2002;2003;2004;2005;2006;2007;2008;2009;2010;2011;2012,54,1,1.85,0,0.0,1,1.85,0,1,1.85,0,,
FORD,C-MAX,2013;2014;2015;2016;2017;2018,351,1,0.28,0,0.0,1,0.28,0,1,0.28,0,,
MITSUBISHI,ECLIPSE,1991;1995;1996;1997;1998;1999;2000;2001;2002;2003;2004;2005;2006;2007;2008;2009;2010;2012,290,1,0.34,0,0.0,1,0.34,0,1,0.34,0,,
NISSAN,CUBE,2009;2010;2011;2012;2013;2014,155,1,0.65,0,0.0,1,0.65,0,1,0.65,0,,
LEXUS,GX460,2010;2011;2012;2014;2015;2016;2017;2018;2020;2022,83,1,1.2,1,100.0,0,0.0,1,0,0.0,0,20V012,
KIA,CADENZA,2014;2015;2016;2017;2018;2019,210,1,0.48,0,0.0,1,0.48,0,1,0.48,0,,
BMW,BMW,,15,1,6.67,0,0.0,1,6.67,0,1,6.67,0,,
FORD,F SERIES (LIGHT),1991;1999;2001;2002,5,1,20.0,0,0.0,1,20.0,0,1,20.0,0,,
GMC,ENVOY XUV,2003;2004,17,1,5.88,0,0.0,1,5.88,0,1,5.88,0,,
LEXUS,LS400,1990;1991;1993;1994;1995;1996;1997;1998,22,1,4.55,0,0.0,1,4.55,0,1,4.55,0,,
GMC,YUKON XL 1500,2000;2001;2002;2003;2004;2005;2007;2008;2009;2010;2011;2012,92,1,1.09,0,0.0,1,1.09,0,1,1.09,0,,
JEEP,WRANGLER 2-DR 4X4 RHD,2007;2008,6,1,16.67,0,0.0,1,16.67,0,1,16.67,0,,
CHEVROLET,SUBURBAN 2500,1995;1997;1999;2000;2001;2002;2003;2004;2006;2008;2009;2010;2011,37,1,2.7,0,0.0,1,2.7,0,1,2.7,0,,
FORD,MUSTANG GT,2000;2001;2002;2003;2004;2005;2006,145,1,0.69,0,0.0,1,0.69,0,1,0.69,0,,
BMW,328D,2014;2015;2016;2017;2018,209,1,0.48,0,0.0,1,0.48,0,1,0.48,0,,
HYUNDAI,SONATA HYBRID,2011;2012;2013;2014;2015;2016;2017;2018;2019;2020;2021;2022;2023;2024;2025;2026,734,1,0.14,0,0.0,1,0.14,0,1,0.14,0,,
MERCEDES-BENZ,E550,2010;2011;2012;2013;2014;2015;2016;2017,177,1,0.56,0,0.0,1,0.56,0,1,0.56,0,,
HYUNDAI,XG350,2002;2003;2004;2005,66,1,1.52,1,100.0,0,0.0,0,1,1.52,0,12V345,
FORD,F-450,2011;2012;2013;2014;2015;2016;2017;2018;2019;2020,108,1,0.93,0,0.0,1,0.93,0,1,0.93,0,,
AUDI,ALLROAD,2001;2002;2003;2004;2005;2013;2014;2015;2017;2018,37,1,2.7,0,0.0,1,2.7,0,1,2.7,0,,
FORD,F-550,2011;2012;2013;2014;2016;2017;2018;2019;2020,85,1,1.18,0,0.0,1,1.18,0,1,1.18,0,,
ISUZU,AXIOM,2002;2003;2004,16,1,6.25,0,0.0,1,6.25,0,1,6.25,0,,
SATURN,L300,2003;2004;2005,18,1,5.56,0,0.0,1,5.56,0,1,5.56,0,,
BMW,525I,1995;2001;2002;2003;2004;2005;2006;2007;2008;2009,143,1,0.7,0,0.0,1,0.7,0,1,0.7,0,,
INFINITI,JX35,2013,184,1,0.54,1,100.0,0,0.0,0,1,0.54,0,16V244,
INFINITI,M45,2003;2004;2006;2007;2008,84,1,1.19,0,0.0,1,1.19,0,1,1.19,0,,
POLARIS,SLINGSHOT,2015;2016;2017;2018;2019;2020;2021;2022;2023,90,1,1.11,1,100.0,0,0.0,1,0,0.0,0,16V755,
LEXUS,IS 300,2001;2002;2003;2004;2005;2006;2016;2017;2018;2019;2020;2021;2022,46,1,2.17,0,0.0,1,2.17,0,1,2.17,0,,
FORD,FIVE HUNDRED,2005;2006;2007,160,1,0.62,0,0.0,1,0.62,0,1,0.62,0,,
CHRYSLER,VOYAGER,2000;2001;2002;2003;2020;2021;2022;2023;2024,65,1,1.54,0,0.0,1,1.54,0,1,1.54,0,,
NISSAN,REDUNDANT NV200,2013;2014;2015;2016;2017,38,1,2.63,0,0.0,1,2.63,0,1,2.63,0,,
MASERATI,GHIBLI,2014;2015;2016;2017;2018;2019;2020,79,1,1.27,1,100.0,0,0.0,0,1,1.27,0,18V831,
BMW,335,2007;2008;2009;2010;2011;2012;2013,58,1,1.72,0,0.0,1,1.72,0,1,1.72,0,,
VOLVO,XC60,2010;2011;2012;2013;2014;2015;2016;2017;2018;2019;2020;2021;2022;2023;2024;2025,600,1,0.17,0,0.0,1,0.17,0,1,0.17,0,,
GMC,GM,2002,32,1,3.12,0,0.0,1,3.12,0,1,3.12,0,,
ACURA,RL,1996;1998;1999;2000;2001;2002;2003;2004;2005;2006;2007;2008;2009;2010;2011;2015,159,1,0.63,0,0.0,1,0.63,0,1,0.63,0,,
FORD,FUSION ENERGI,2012;2013;2014;2015;2016;2017;2018;2019;2020,298,1,0.34,0,0.0,1,0.34,0,1,0.34,0,,
GMC,SIERRA 3500,1996;2000;2001;2002;2004;2005;2006;2007;2008;2009;2010;2011;2012;2013;2014;2015;2016;2017;2018;2019;2020;2021;2022;2023;2024;2025;2026,378,1,0.26,1,100.0,0,0.0,1,0,0.0,0,21V739,
FLEETWOOD,BOUNDER,1996;1997;1998;1999;2000;2005;2014;2015;2016;2017;2018;2020;2021;2022;2023;2025,38,1,2.63,0,0.0,1,2.63,0,1,2.63,0,,
VOLVO,VNL,2005;2006;2007;2008;2009;2011;2012;2013;2014;2015;2016;2018;2019;2022;2023,52,1,1.92,0,0.0,1,1.92,0,1,1.92,0,,
LINCOLN,MARK LT,2006;2007,15,1,6.67,0,0.0,1,6.67,0,1,6.67,0,,
INFINITI,QX60,2014;2015;2016;2017;2018;2019;2020;2022;2023;2024;2025;2026;2027,568,1,0.18,0,0.0,1,0.18,0,1,0.18,0,,
SUBARU,WRX STI,2008;2009;2010;2011;2012;2013;2015;2016;2018;2019,19,1,5.26,0,0.0,1,5.26,0,1,5.26,0,,
PETERBILT,579,2014;2015;2016;2017;2018;2019;2020;2021;2022;2023;2024;2026,40,1,2.5,0,0.0,1,2.5,0,1,2.5,0,,
LEXUS,LS 460,2007,14,1,7.14,0,0.0,1,7.14,0,1,7.14,0,,
RAM,PROMASTER,2014;2015;2016;2017;2018;2019;2020;2021;2022;2023;2024;2025;2026,620,1,0.16,1,100.0,0,0.0,1,0,0.0,0,,
HONDA,NSS300,2014,3,1,33.33,0,0.0,1,33.33,0,1,33.33,0,,
SUZUKI,DL1000,2009;2012;2014,10,1,10.0,0,0.0,1,10.0,0,1,10.0,0,,
DODGE,SPRINTER,2004;2007,40,1,2.5,1,100.0,0,0.0,0,1,2.5,0,07V325,
BMW,435I,2014;2015;2016,48,1,2.08,1,100.0,0,0.0,0,1,2.08,0,15V189,
MERCEDES BENZ,CLK550,2007;2008,4,1,25.0,0,0.0,1,25.0,0,1,25.0,0,08V303,
KEYSTONE,COUGAR,2004;2006;2010;2011;2012;2013;2014;2015;2016;2017;2018;2019;2020;2021;2022;2023;2026,55,1,1.82,0,0.0,1,1.82,0,1,1.82,0,,
TOYOTA,AVALON HYBRID,2013;2014;2015;2016;2018;2019;2021,52,1,1.92,0,0.0,1,1.92,0,1,1.92,0,,
MERCEDES BENZ,ML430,2000;2001,21,1,4.76,0,0.0,1,4.76,0,1,4.76,0,,
GMC,SIERRA DENALI,2002;2006;2007;2008;2009;2010;2011;2012;2013;2014;2015;2016;2017;2018;2019;2020,197,1,0.51,1,100.0,0,0.0,1,0,0.0,0,,
MAZDA,PROTEGE,1991;1992;1994;1998;1999;2000;2001;2002;2003,32,1,3.12,0,0.0,1,3.12,0,1,3.12,0,,
FORD,F-650,2001;2002;2011;2012;2016;2017;2021;2022,15,1,6.67,1,100.0,0,0.0,0,1,6.67,0,25V455,
BMW,650I,2006;2007;2008;2009;2010;2012;2013;2014;2015;2017,77,1,1.3,1,100.0,0,0.0,0,1,1.3,0,16V746,
DUCATI,DUCATI,,1,1,100.0,0,0.0,1,100.0,0,1,100.0,0,,
HONDA,GROM125,2014;2015;2022;2023;2025,9,1,11.11,1,100.0,0,0.0,1,0,0.0,0,16V661,
INTERNATIONAL,PROSTAR,2008;2009;2010;2011;2012;2013;2014;2017,19,1,5.26,1,100.0,0,0.0,0,1,5.26,0,,
BMW,R1200 R,2007;2008;2011;2015,7,1,14.29,1,100.0,0,0.0,0,1,14.29,0,13V617,
GMC,SAVANA 1500,2000;2003;2008;2010;2011;2012;2014;2015,18,1,5.56,0,0.0,1,5.56,0,1,5.56,0,,
TRIUMPH,SPRINT RS,2000;2004,3,1,33.33,0,0.0,1,33.33,0,1,33.33,0,04V156,
TOYOTA,LAND CRUISER,1980;1986;1987;1988;1989;1995;1996;1997;1998;1999;2000;2001;2002;2003;2004;2005;2006;2008;2010;2011;2013;2014;2015;2016;2017;2018;2021,93,1,1.08,1,100.0,0,0.0,1,0,0.0,0,89V155,
VICTORY,CROSS COUNTRY,2010;2012;2013;2014;2017,21,1,4.76,1,100.0,0,0.0,1,0,0.0,0,15V002,
HONDA,CBR1000RR,2007;2008;2010;2017;2018;2025,14,1,7.14,1,100.0,0,0.0,0,1,7.14,0,24V864,
KIA,SPECTRA5,2006;2007;2008,24,1,4.17,1,100.0,0,0.0,0,1,4.17,0,11V256,
MERCEDES-BENZ,ML400,2015,4,1,25.0,1,100.0,0,0.0,1,0,0.0,0,22V955,
BMW,M235I,2014;2015;2016;2022,19,1,5.26,0,0.0,1,5.26,0,1,5.26,0,,
PACIFIC COACHWORKS,TANGO,2008;2015;2016,5,1,20.0,0,0.0,1,20.0,0,1,20.0,0,,
HYUNDAI,GENESIS COUPE,2010;2011;2012;2013;2014;2015;2016,178,1,0.56,0,0.0,1,0.56,0,1,0.56,0,,
POLARIS,SPORTSMAN 1000XP,2015,16,1,6.25,0,0.0,1,6.25,0,1,6.25,0,,
THOR MOTOR COACH,FOUR WINDS,2011;2014;2015;2016;2017;2018;2019;2020;2021;2022;2023;2026,22,1,4.55,0,0.0,1,4.55,0,1,4.55,0,,
CHEVROLET,MALIBU HYBRID,2008;2009;2010;2016;2017;2018;2019,75,1,1.33,0,0.0,1,1.33,0,1,1.33,0,,
BMW,S 1000 RR,2010;2012;2013;2015;2020;2021;2022;2023;2024;2025,22,1,4.55,0,0.0,1,4.55,0,1,4.55,0,,
FORD,F-750,2011;2013;2017;2021;2022,8,1,12.5,1,100.0,0,0.0,1,0,0.0,0,15V339,
MERCEDES BENZ,CLS550,2006;2007;2008;2009,37,1,2.7,0,0.0,1,2.7,0,1,2.7,0,,
MERCEDES BENZ,ML500,2002;2003;2004;2006;2007,36,1,2.78,0,0.0,1,2.78,0,1,2.78,0,,
HUSQVARNA,TR650,2013;2014,61,1,1.64,0,0.0,1,1.64,0,1,1.64,0,,
NISSAN,240SX,1990;1995,7,1,14.29,0,0.0,1,14.29,0,1,14.29,0,,
MERCEDES BENZ,B-CLASS ELECTRIC,2014;2015;2016,50,1,2.0,0,0.0,1,2.0,0,1,2.0,0,,
CHEVROLET,C3,2002,1,1,100.0,0,0.0,1,100.0,0,1,100.0,0,,
SUZUKI,KAZASHI,2010,5,1,20.0,0,0.0,1,20.0,0,1,20.0,0,,
JEEP,GRAND WAGONEER,1993;2022;2023;2024;2025;2026,141,1,0.71,0,0.0,1,0.71,0,1,0.71,0,,
MERCEDES BENZ,SL55,2003;2004;2005;2007,8,1,12.5,0,0.0,1,12.5,0,1,12.5,0,,
KTM,1190 ADVENTURE,2013;2015;2016,8,1,12.5,0,0.0,1,12.5,0,1,12.5,0,,
LEXUS,LX,1999;2000;2004;2005;2006;2007;2008;2010;2013;2017;2018;2020;2022;2023;2024;2026,50,1,2.0,1,100.0,0,0.0,1,0,0.0,0,14V647,
SYM,HD 200 EVO,2013,4,1,25.0,0,0.0,1,25.0,0,1,25.0,0,,
LEXUS,GX,2003;2004;2005;2006;2007;2008;2010;2011;2012;2013;2014;2015;2016;2017;2018;2019;2020;2021;2022;2023;2024;2025;2026,148,1,0.68,1,100.0,0,0.0,1,0,0.0,0,20V682,
BMW,535D,2014;2015;2016,73,1,1.37,1,100.0,0,0.0,0,1,1.37,0,21V586,
LEXUS,ES HYBRID,2013;2014;2015;2016;2017;2018;2019;2020;2021;2022,44,1,2.27,0,0.0,1,2.27,0,1,2.27,0,,
FORD,F-650 SD,2004;2006;2007;2008;2009;2015;2016;2019;2021;2023;2025;2026,21,1,4.76,0,0.0,1,4.76,0,1,4.76,1,,
MINI,COOPER S COUNTRYMAN,2011;2012,38,1,2.63,0,0.0,1,2.63,0,1,2.63,0,,
VOLKSWAGEN,GOLF R,2012;2013;2015;2016;2017;2018;2019;2022;2023;2024;2026,79,1,1.27,1,100.0,0,0.0,0,1,1.27,0,16V647,
MONACO COACH,DYNASTY,2003;2005;2008,3,1,33.33,0,0.0,1,33.33,0,1,33.33,0,,
VOLKSWAGEN,JETTA SPORTWAGEN,2008;2009;2010;2011;2012;2013;2014,170,1,0.59,0,0.0,1,0.59,0,1,0.59,0,,
PORSCHE,MACAN S,2015;2016;2017;2018;2020,20,1,5.0,1,100.0,0,0.0,1,0,0.0,0,17V289,
SUBARU,CROSSTREK,2012;2013;2014;2015;2016;2017;2018;2019;2020;2021;2022;2023;2024;2025;2026,1177,1,0.08,0,0.0,1,0.08,0,1,0.08,0,,
AUDI,A4 CABRIOLET,2006;2007;2008;2009,64,1,1.56,0,0.0,1,1.56,0,1,1.56,0,,
VOLKSWAGEN,VOLKSWAGEN,,12,1,8.33,0,0.0,1,8.33,0,1,8.33,0,,
BMW,550I GRAN TURISMO,2010;2011;2012,16,1,6.25,1,100.0,0,0.0,0,1,6.25,0,16V746,
KAWASAKI,EX250F7F,2007,2,1,50.0,1,100.0,0,0.0,0,1,50.0,0,07V003,
JAGUAR,F-PACE,2017;2018;2019;2020;2021;2022;2023,137,1,0.73,0,0.0,1,0.73,0,1,0.73,0,,
RAM,PROMASTER CITY,2015;2016;2017;2018;2019;2020;2021;2022,100,1,1.0,0,0.0,1,1.0,0,1,1.0,0,,
BMW,X6 SAV,2008;2009;2010;2011;2013,6,1,16.67,0,0.0,1,16.67,0,1,16.67,0,,
KTM,690 ENDURO R,2014;2015;2019;2020;2021;2022;2023,14,1,7.14,0,0.0,1,7.14,0,1,7.14,0,,
LAND ROVER,DEFENDER,1995;2020;2021;2022;2023;2024;2025;2026,286,1,0.35,0,0.0,1,0.35,0,1,0.35,0,,
MERCEDES-BENZ,AMG C63,2010;2011;2012;2013;2014;2015;2016;2017;2018;2019,22,1,4.55,0,0.0,1,4.55,0,1,4.55,0,,
LAND ROVER,DISCOVERY SPORT,2015;2016;2017;2018;2019;2020;2021;2022;2023;2025,175,1,0.57,1,100.0,0,0.0,0,1,0.57,0,17V490,
CHEVROLET,CITY EXPRESS,2015;2018,11,1,9.09,1,100.0,0,0.0,0,1,9.09,0,25V676,
MERCEDES-BENZ,GLC,2015;2016;2017;2018,19,1,5.26,1,100.0,0,0.0,0,1,5.26,0,21V961,
KIA,NIRO,2017;2018;2019;2020;2021;2022;2023;2024;2025;2026,341,1,0.29,0,0.0,1,0.29,0,1,0.29,0,,
BMW,M4,2015;2016;2017;2018;2020;2021;2022;2024,47,1,2.13,0,0.0,1,2.13,0,1,2.13,0,,
MERCEDES-BENZ,GLE400,2016,6,1,16.67,0,0.0,1,16.67,0,1,16.67,0,,
TOYOTA,COROLLA IM,2017;2018,20,1,5.0,0,0.0,1,5.0,0,1,5.0,0,,
SYM,HD 200,2012;2016,3,1,33.33,0,0.0,1,33.33,0,1,33.33,0,,
FERRARI,458 ITALIA,2010;2011;2012;2015,6,1,16.67,0,0.0,1,16.67,0,1,16.67,0,,
MITSUBISHI,MITSUBISHI,,3,1,33.33,0,0.0,1,33.33,0,1,33.33,0,,
MERCEDES-BENZ,AMG GLC43,2017;2018;2019;2020;2021;2022;2024;2025,33,1,3.03,1,100.0,0,0.0,1,0,0.0,0,23V445,
BMW,750XI,2010;2011;2012;2013;2016,14,1,7.14,0,0.0,1,7.14,0,1,7.14,0,,
TIFFIN,ALLEGRO OPEN ROAD,2015;2016;2018;2021;2022;2023;2024,31,1,3.23,0,0.0,1,3.23,0,1,3.23,0,,
MERCEDES-BENZ,AMG C43,2016;2017;2018;2019;2020;2021;2022;2023,60,1,1.67,1,100.0,0,0.0,1,0,0.0,0,23V445,
HONDA,CLARITY ELECTRIC,2017;2018;2019;2020,31,1,3.23,0,0.0,1,3.23,0,1,3.23,0,,
CHEVROLET,G3500,2008,1,1,100.0,0,0.0,1,100.0,0,1,100.0,0,,
MASERATI,LEVANTE,2017;2018;2019;2020;2022;2023,28,1,3.57,1,100.0,0,0.0,1,0,0.0,0,21V872,
YAMAHA,XV1700,2002;2005;2006;2007,5,1,20.0,0,0.0,1,20.0,0,1,20.0,0,,
ACURA,MDX SPORT HYBRID,2017;2018;2019;2020,22,1,4.55,1,100.0,0,0.0,1,0,0.0,0,23V858,
MINI,COUNTRYMAN,2014;2015;2016;2017;2018;2019;2020;2021;2022;2023;2024;2025,103,1,0.97,0,0.0,1,0.97,0,1,0.97,0,,
BMW,M550I,2018;2020;2021;2022;2023,28,1,3.57,0,0.0,1,3.57,0,1,3.57,0,,
HYUNDAI,KONA,2018;2019;2020;2021;2022;2023;2024;2025;2026,780,1,0.13,0,0.0,1,0.13,0,1,0.13,0,,
FOREST RIVER,XLR TOYHAULER,2016;2017;2018;2020;2021;2022;2024,25,1,4.0,0,0.0,1,4.0,0,1,4.0,0,,
PORSCHE,CAYENNE GTS,2008,2,1,50.0,1,100.0,0,0.0,0,1,50.0,0,17V576,
DUCATI,PANIGALE V4,2018;2023;2025,11,1,9.09,0,0.0,1,9.09,0,1,9.09,0,,
LAND ROVER,RANGE ROVER VELAR,2018;2019;2020;2021;2022;2023;2024;2026,111,1,0.9,0,0.0,1,0.9,0,1,0.9,0,,
CHEVROLET,3500,2016;2017;2018;2019;2020;2022,16,1,6.25,0,0.0,1,6.25,0,1,6.25,0,,
MERCEDES-BENZ,GLE 400,2017;2019,8,1,12.5,1,100.0,0,0.0,0,1,12.5,0,22V955,
TRIUMPH,STREET TWIN,2016;2017,3,1,33.33,1,100.0,0,0.0,0,1,33.33,0,19V133,
KIA,NIRO PHEV,2018;2019;2020;2021;2022;2023;2024;2025,68,1,1.47,0,0.0,1,1.47,0,1,1.47,0,,
CHEVROLET,CHEVELLE,1966,1,1,100.0,1,100.0,0,0.0,1,0,0.0,0,18E008,
LINCOLN,NAUTILUS,2019;2020;2021;2022;2023;2024;2025;2026,224,1,0.45,0,0.0,1,0.45,0,1,0.45,0,,
FREIGHTLINER,RECREATIONAL VEHICLE,,5,1,20.0,0,0.0,1,20.0,0,1,20.0,0,,
BMW,X7,2019;2020;2021;2022;2023;2024;2025;2026,302,1,0.33,0,0.0,1,0.33,0,1,0.33,0,,
MERCEDES-BENZ,S560,2018;2019,18,1,5.56,0,0.0,1,5.56,0,1,5.56,0,,
MERCEDES ROYALE,SPRINTER COACH,2015;2016;2017,23,1,4.35,0,0.0,1,4.35,0,1,4.35,0,,
HYUNDAI,PALISADE,2020;2021;2022;2023;2024;2025;2026,2392,1,0.04,0,0.0,1,0.04,0,1,0.04,0,,
BENTLEY,CONTINENTAL R,1993,1,1,100.0,1,100.0,0,0.0,1,0,0.0,0,,
MERCEDES-BENZ,AMG S63,2015;2016;2017;2018;2019;2020,10,1,10.0,1,100.0,0,0.0,0,1,10.0,0,21V961,
INDIAN,CHIEFTAIN DARK HORSE,2018;2019;2020,7,1,14.29,0,0.0,1,14.29,0,1,14.29,0,,
HUSQVARNA,VITPILEN 701,2018;2019;2020,12,1,8.33,1,100.0,0,0.0,1,0,0.0,0,20V170,
BMW,F 800 S,2007,2,1,50.0,0,0.0,1,50.0,0,1,50.0,0,,
VOLKSWAGEN,ATLAS CROSS SPORT,2020;2021;2022;2023;2024;2025,468,1,0.21,0,0.0,1,0.21,0,1,0.21,0,,
MERCEDES-BENZ,AMG SLS,2012,3,1,33.33,0,0.0,1,33.33,0,1,33.33,0,,
CHINOOK,DESTINY,2002,1,1,100.0,0,0.0,1,100.0,0,1,100.0,0,,
INDIAN,SCOUT BOBBER,2018;2019;2020;2021;2022;2023,10,1,10.0,1,100.0,0,0.0,1,0,0.0,0,22V837,
FORD,MUSTANG MACH E,2021;2022;2023;2024;2025;2026,654,1,0.15,0,0.0,1,0.15,0,1,0.15,0,,
MERCEDES-BENZ,AMG G63,2017;2019;2021;2022;2023;2025,16,1,6.25,1,100.0,0,0.0,1,0,0.0,0,23V880,
TRIUMPH,ROCKET 3 R,2020;2021,6,1,16.67,0,0.0,1,16.67,0,1,16.67,0,,
BMW,R 1150 RT,2002,2,1,50.0,1,100.0,0,0.0,0,1,50.0,0,04V028,
IC BUS,PB105,2019;2023;2024,6,1,16.67,0,0.0,1,16.67,0,1,16.67,0,,
TOYOTA,REDUNDANT SIENNA,2021;2022,284,1,0.35,0,0.0,1,0.35,0,1,0.35,0,,
HYUNDAI,ELANTRA HYBRID,2021;2022;2023;2024;2025,132,1,0.76,0,0.0,1,0.76,0,1,0.76,0,,
MERCEDES-BENZ,AMG GLE53,2021;2022,29,1,3.45,1,100.0,0,0.0,1,0,0.0,0,23V445,
THOR MOTOR COACH,SCOPE,2021;2022;2023;2024,17,1,5.88,0,0.0,1,5.88,0,1,5.88,0,,
MERCEDES-BENZ,GLS580,2021,5,1,20.0,0,0.0,1,20.0,0,1,20.0,0,,
FORD,MAVERICK,2022;2023;2024;2025;2026,328,1,0.3,0,0.0,1,0.3,0,1,0.3,0,,
LINCOLN,CORSAIR PHEV,2021;2022;2023;2024;2025,44,1,2.27,0,0.0,1,2.27,0,1,2.27,0,,
KIA,SORENTO PHEV,2022;2023;2024;2025,43,1,2.33,0,0.0,1,2.33,0,1,2.33,0,,
HARLEY-DAVIDSON,XL1200R,2006,1,1,100.0,0,0.0,1,100.0,0,1,100.0,0,,
SUZUKI,VL1500T,2005,1,1,100.0,0,0.0,1,100.0,0,1,100.0,0,,
THOR MOTOR COACH,TIBURON,2022;2023,2,1,50.0,0,0.0,1,50.0,0,1,50.0,0,,
ROYAL ENFIELD,ROYAL ENFIELD,,1,1,100.0,0,0.0,1,100.0,0,1,100.0,0,,
HARLEY-DAVIDSON,RA1250,2021;2022;2023,22,1,4.55,0,0.0,1,4.55,0,1,4.55,0,,
TOYOTA,COROLLA CROSS,2022;2023;2024;2025;2026,306,1,0.33,0,0.0,1,0.33,0,1,0.33,0,,
MERCEDES-BENZ,GLS 450 4MATIC,2022;2023;2024;2025,43,1,2.33,1,100.0,0,0.0,1,0,0.0,0,23V880,
KIA,SPORTAGE HYBRID,2023;2024;2025;2026;2027,133,1,0.75,0,0.0,1,0.75,0,1,0.75,0,,
MERCEDES-BENZ,AMG ML63,2008;2013;2014,6,1,16.67,1,100.0,0,0.0,1,0,0.0,0,22V955,
LEXUS,RC,2015;2017;2018;2019;2020;2022;2025,13,1,7.69,1,100.0,0,0.0,1,0,0.0,0,20V012,
DUTCHMEN,FOUR WINDS,2007,1,1,100.0,1,100.0,0,0.0,1,0,0.0,0,06E056,
MAZDA,CX-90,2024;2025;2026,371,1,0.27,0,0.0,1,0.27,0,1,0.27,0,,
LAMBORGHINI,URUS,2019;2022;2023;2024;2026,5,1,20.0,0,0.0,1,20.0,0,1,20.0,0,,
DODGE,DURANGO1,2023,6,1,16.67,0,0.0,1,16.67,0,1,16.67,0,,
KAWASAKI,VN1500N2,2001,1,1,100.0,0,0.0,1,100.0,0,1,100.0,0,,
MERCEDES-BENZ,AMG GT43,2022;2023;2024;2026,5,1,20.0,1,100.0,0,0.0,1,0,0.0,0,23V445,
DODGE,HORNET,2023;2024;2025,50,1,2.0,1,100.0,0,0.0,1,0,0.0,0,25V246,
COACHMEN,NOVA,2021;2022;2025,8,1,12.5,1,100.0,0,0.0,0,1,12.5,0,23V286,
HYUNDAI,KONA N,2022;2023,11,1,9.09,1,100.0,0,0.0,1,0,0.0,0,24V528,
PORSCHE,MACAN GTS,2017;2024,2,1,50.0,1,100.0,0,0.0,0,1,50.0,0,20V077,
MCLAREN,ARTURA,2023;2025,2,1,50.0,1,100.0,0,0.0,1,0,0.0,0,22V908,
BUICK,ENVISTA,2024;2025;2026,84,1,1.19,0,0.0,1,1.19,0,1,1.19,0,,
MERCEDES-BENZ,AMG SL63,2018;2022,5,1,20.0,0,0.0,1,20.0,0,1,20.0,0,,
MERCEDES-BENZ,CLE 300,2024,5,1,20.0,0,0.0,1,20.0,0,1,20.0,0,,
TOYOTA,GRAND HIGHLANDER HYBRID,2024,7,1,14.29,0,0.0,1,14.29,0,1,14.29,0,,
CHEVROLET,4500,2022,1,1,100.0,0,0.0,1,100.0,0,1,100.0,0,,
BMW,R 1200 S,2007,1,1,100.0,1,100.0,0,0.0,0,1,100.0,0,13V617,
MERCEDES-BENZ,AMG GT63,2023;2026,2,1,50.0,1,100.0,0,0.0,1,0,0.0,0,23V880,
LEXUS,TX HYBRID,2024,1,1,100.0,0,0.0,1,100.0,0,1,100.0,0,,
HONDA,ADV160,2024;2025,13,1,7.69,0,0.0,1,7.69,0,1,7.69,0,,
MOTO GUZZI,V7 STONE,2024,2,1,50.0,0,0.0,1,50.0,0,1,50.0,0,,
SUZUKI,LS650P,2006,1,1,100.0,1,100.0,0,0.0,0,1,100.0,0,06V013,
ASTON MARTIN,RAPIDE,2012,1,1,100.0,0,0.0,1,100.0,0,1,100.0,0,,
CFMOTO,300NK,2025,1,1,100.0,0,0.0,1,100.0,0,1,100.0,0,,
YAMAHA,SR400,2017,1,1,100.0,0,0.0,1,100.0,0,1,100.0,0,,
