make,model,model_year,total_complaints,service_brakes_complaints
Chevrolet,BLAZER EV,2024,76,17
Chevrolet,BOLT,2017,316,19
Chevrolet,BOLT,2018,73,6
Chevrolet,BOLT EUV,2022,26,0
Chevrolet,BOLT EUV,2023,113,11
Chevrolet,BOLT EV,2017,2,0
Chevrolet,BOLT EV,2019,175,4
Chevrolet,BOLT EV,2020,172,3
Chevrolet,BOLT EV,2021,67,3
Chevrolet,BOLT EV,2022,59,5
Chevrolet,BOLT EV,2023,59,8
Chevrolet,EQUINOX EV,2024,107,11
Chevrolet,MALIBU HEV,2018,11,0
Chevrolet,MALIBU HYBRID,2019,2,0
Chevrolet,SILVERADO EV,2024,25,1
Chevrolet,SPARK EV,2016,41,20
Chevrolet,VOLT,2016,169,4
Chevrolet,VOLT,2017,695,27
Chevrolet,VOLT,2018,222,9
Chevrolet,VOLT,2019,34,3
Ford,C-MAX,2016,7,1
Ford,C-MAX,2017,1,0
Ford,CMAX ENERGI,2016,46,1
Ford,CMAX ENERGI,2017,22,0
Ford,CMAX HEV,2016,14,1
Ford,CMAX HEV,2017,22,0
Ford,CMAX HEV,2018,10,0
Ford,ESCAPE HEV,2020,285,7
Ford,ESCAPE HEV,2021,335,49
Ford,ESCAPE HEV,2022,66,12
Ford,ESCAPE HEV,2023,22,0
Ford,ESCAPE HEV,2024,4,0
Ford,ESCAPE HYBRID,2021,5,0
Ford,ESCAPE PHEV,2020,1,0
Ford,ESCAPE PHEV,2021,22,2
Ford,ESCAPE PHEV,2022,78,2
Ford,ESCAPE PHEV,2023,11,0
Ford,ESCAPE PHEV,2024,6,0
Ford,EXPLORER HEV,2020,4,0
Ford,EXPLORER HEV,2021,5,0
Ford,EXPLORER HEV,2022,1,0
Ford,EXPLORER HEV,2023,1,0
Ford,F-150 (SUPER CREW) HEV,2023,93,6
Ford,F-150 (SUPER CREW) HEV,2024,31,2
Ford,F-150 SUPER CREW HEV,2021,247,13
Ford,F-150 SUPER CREW HEV,2022,211,6
Ford,FOCUS BEV,2016,1137,11
Ford,FOCUS BEV,2017,842,9
Ford,FOCUS BEV,2018,743,21
Ford,FUSION ENERGI,2016,1461,122
Ford,FUSION ENERGI,2017,1030,96
Ford,FUSION ENERGI,2018,7,0
Ford,FUSION ENERGI,2019,57,0
Ford,FUSION ENERGI,2020,43,1
Ford,FUSION HEV,2016,1461,122
Ford,FUSION HEV,2017,1081,102
Ford,FUSION HEV,2018,59,9
Ford,FUSION HEV,2019,336,7
Ford,FUSION HEV,2020,8,0
Ford,MAVERICK HEV,2022,458,97
Ford,MAVERICK HEV,2023,77,7
Ford,MAVERICK HEV,2024,99,12
Ford,MUSTANG MACH-E,2021,342,31
Ford,MUSTANG MACH-E,2022,134,16
Ford,MUSTANG MACH-E BEV,2023,118,23
Ford,MUSTANG MACH-E BEV,2024,42,7
Ford,TRANSIT VAN BATTERY ELECTRIC,2022,37,3
Honda,ACCORD HYBRID,2016,1,0
Honda,ACCORD HYBRID,2017,45,15
Honda,ACCORD HYBRID,2018,114,13
Honda,ACCORD HYBRID,2019,529,81
Honda,ACCORD HYBRID,2020,39,5
Honda,ACCORD HYBRID,2021,48,4
Honda,ACCORD HYBRID,2022,54,11
Honda,ACCORD HYBRID,2023,139,45
Honda,ACCORD HYBRID,2024,76,15
Honda,CLARITY ELECTRIC,2017,1,1
Honda,CLARITY ELECTRIC,2018,24,5
Honda,CLARITY ELECTRIC,2019,3,1
Honda,CLARITY ELECTRIC,2020,3,0
Honda,CLARITY FUEL CELL,2017,3,0
Honda,CLARITY FUEL CELL,2018,2,0
Honda,CLARITY FUEL CELL,2021,3,0
Honda,CLARITY PLUG-IN HYBRID,2017,1,0
Honda,CLARITY PLUG-IN HYBRID,2018,134,10
Honda,CLARITY PLUG-IN HYBRID,2019,42,3
Honda,CLARITY PLUG-IN HYBRID,2020,7,0
Honda,CLARITY PLUG-IN HYBRID,2021,4,0
Honda,CR-V HYBRID,2020,75,14
Honda,CR-V HYBRID,2021,422,35
Honda,CR-V HYBRID,2022,74,7
Honda,CR-V HYBRID,2023,110,5
Honda,CR-V HYBRID,2024,85,6
Honda,INSIGHT,2019,97,12
Honda,INSIGHT,2020,31,4
Honda,INSIGHT,2021,24,4
Honda,INSIGHT,2022,31,5
Honda,PROLOGUE EV,2024,821,52
Hyundai,ELANTRA HEV,2023,54,5
Hyundai,ELANTRA HEV,2024,5,0
Hyundai,ELANTRA HYBRID,2021,29,5
Hyundai,ELANTRA HYBRID,2022,39,4
Hyundai,IONIQ,2020,1,0
Hyundai,IONIQ 5,2022,402,21
Hyundai,IONIQ 5,2023,385,23
Hyundai,IONIQ 5,2024,222,9
Hyundai,IONIQ 6,2023,56,1
Hyundai,IONIQ 6,2024,38,3
Hyundai,IONIQ ELECTRIC,2017,9,1
Hyundai,IONIQ ELECTRIC,2019,6,3
Hyundai,IONIQ ELECTRIC,2020,7,3
Hyundai,IONIQ EV,2021,2,0
Hyundai,IONIQ HEV,2021,13,3
Hyundai,IONIQ HYBRID,2017,40,3
Hyundai,IONIQ HYBRID,2018,13,1
Hyundai,IONIQ HYBRID,2019,16,3
Hyundai,IONIQ HYBRID,2020,17,2
Hyundai,IONIQ HYBRID,2022,21,13
Hyundai,IONIQ PLUG-IN,2018,4,0
Hyundai,IONIQ PLUG-IN,2019,10,0
Hyundai,IONIQ PLUG-IN HYBRID,2020,4,2
Hyundai,IONIQ PLUG-IN HYBRID,2021,18,5
Hyundai,IONIQ PLUG-IN HYBRID,2022,3,0
Hyundai,KONA ELECTRIC,2019,54,4
Hyundai,KONA ELECTRIC,2020,183,8
Hyundai,KONA ELECTRIC,2022,20,2
Hyundai,KONA ELECTRIC,2023,5,1
Hyundai,KONA ELECTRIC,2024,15,0
Hyundai,KONA EV,2021,141,5
Hyundai,SANTA FE HEV,2023,57,3
Hyundai,SANTA FE HEV,2024,34,2
Hyundai,SANTA FE HYBRID,2021,20,0
Hyundai,SANTA FE HYBRID,2022,36,2
Hyundai,SANTA FE PHEV,2023,20,2
Hyundai,SANTA FE PLUG-IN HYBRID,2022,27,0
Hyundai,SONATA HEV,2020,16,0
Hyundai,SONATA HEV,2023,15,1
Hyundai,SONATA HEV,2024,9,0
Hyundai,SONATA HYBRID,2016,131,9
Hyundai,SONATA HYBRID,2017,79,5
Hyundai,SONATA HYBRID,2018,9,0
Hyundai,SONATA HYBRID,2019,4,0
Hyundai,SONATA HYBRID,2021,53,0
Hyundai,SONATA HYBRID,2022,19,1
Hyundai,SONATA PLUG-IN,2016,157,9
Hyundai,SONATA PLUG-IN,2017,32,1
Hyundai,SONATA PLUG-IN,2019,5,0
Hyundai,TUCSON HYBRID,2022,111,11
Hyundai,TUCSON HYBRID,2023,33,3
Hyundai,TUCSON HYBRID,2024,44,7
Hyundai,TUCSON PHEV,2023,10,2
Hyundai,TUCSON PHEV,2024,3,0
Hyundai,TUCSON PLUG-IN HYBRID,2022,7,0
Kia,EV6,2022,275,13
Kia,EV6,2023,135,6
Kia,EV6,2024,71,4
Kia,EV9,2024,206,9
Kia,NIRO,2021,9,0
Kia,NIRO,2022,30,7
Kia,NIRO,2023,41,3
Kia,NIRO,2024,9,0
Kia,NIRO ELECTRIC,2019,17,3
Kia,NIRO ELECTRIC,2020,18,1
Kia,NIRO ELECTRIC,2021,2,1
Kia,NIRO ELECTRIC,2022,30,2
Kia,NIRO EV,2023,15,3
Kia,NIRO EV,2024,6,1
Kia,NIRO HYBRID,2017,98,5
Kia,NIRO HYBRID,2018,57,6
Kia,NIRO HYBRID,2019,80,11
Kia,NIRO HYBRID,2020,37,4
Kia,NIRO HYBRID,2021,1,0
Kia,NIRO PHEV,2022,12,1
Kia,NIRO PLUG-IN HYBRID,2018,13,1
Kia,NIRO PLUG-IN HYBRID,2020,5,1
Kia,NIRO PLUG-IN HYBRID,2021,1,0
Kia,NIRO PLUG-IN HYBRID,2023,6,0
Kia,NIRO PLUG-IN HYBRID,2024,3,0
Kia,OPTIMA HYBRID,2016,4,0
Kia,OPTIMA HYBRID,2017,25,4
Kia,OPTIMA HYBRID,2018,3,0
Kia,OPTIMA HYBRID,2019,205,19
Kia,OPTIMA HYBRID,2020,1,0
Kia,OPTIMA PHEV,2019,1,1
Kia,OPTIMA PLUG-IN HYBRID,2017,23,2
Kia,OPTIMA PLUG-IN HYBRID,2018,242,17
Kia,OPTIMA PLUG-IN HYBRID,2019,205,19
Kia,OPTIMA PLUG-IN HYBRID,2020,1,0
Kia,SORENTO HEV,2023,30,2
Kia,SORENTO HYBRID,2021,21,0
Kia,SORENTO HYBRID,2022,12,1
Kia,SORENTO HYBRID,2024,6,2
Kia,SORENTO PHEV,2023,8,0
Kia,SORENTO PLUG-IN HYBRID,2022,21,3
Kia,SORENTO PLUG-IN HYBRID,2024,2,0
Kia,SOUL EV,2016,809,20
Kia,SOUL EV,2017,18,3
Kia,SOUL EV,2018,216,7
Kia,SOUL EV,2019,138,9
Kia,SPORTAGE HEV,2023,96,12
Kia,SPORTAGE HYBRID,2024,18,3
Kia,SPORTAGE PHEV,2023,15,1
Kia,SPORTAGE PLUG-IN HYBRID,2024,12,0
Lexus,NX HYBRID,2024,2,0
Lexus,RZ 300E,2024,5,0
Lexus,RZ 450E,2023,10,0
Lexus,RZ 450E,2024,5,0
Lexus,TX HYBRID,2024,1,0
Nissan,ARIYA,2023,39,3
Nissan,ARIYA,2024,6,0
Nissan,LEAF,2016,36,16
Nissan,LEAF,2018,66,19
Nissan,LEAF,2019,253,10
Nissan,LEAF,2020,163,3
Nissan,LEAF,2021,53,1
Nissan,LEAF (40 KWH BATTERY),2022,91,8
Nissan,LEAF (40 KWH BATTERY),2023,19,2
Nissan,LEAF (40 kWH BATTERY),2024,5,0
Nissan,LEAF BEV,2017,14,2
Nissan,LEAF PLUS,2019,124,9
Nissan,LEAF PLUS,2020,163,3
Nissan,LEAF PLUS,2021,2,0
Nissan,LEAF PLUS (60 kWH BATTERY),2024,5,0
Nissan,LEAF PLUS (62 KWH BATTERY),2022,91,8
Nissan,MURANO HYBRID,2016,1,0
Nissan,redundant ARIYA,2023,1,0
Toyota,AVALON HYBRID,2016,24,2
Toyota,AVALON HYBRID,2017,14,1
Toyota,AVALON HYBRID,2018,1,0
Toyota,AVALON HYBRID,2019,1,0
Toyota,AVALON HYBRID,2021,6,0
Toyota,BZ4X,2023,5,0
Toyota,BZ4X,2024,24,3
Toyota,CAMRY HYBRID,2016,171,20
Toyota,CAMRY HYBRID,2017,142,22
Toyota,CAMRY HYBRID,2018,28,12
Toyota,CAMRY HYBRID,2019,11,1
Toyota,CAMRY HYBRID,2020,9,0
Toyota,CAMRY HYBRID,2021,8,0
Toyota,CAMRY HYBRID,2022,2,0
Toyota,CAMRY HYBRID,2023,1,0
Toyota,COROLLA CROSS HYBRID,2023,2,1
Toyota,COROLLA CROSS HYBRID,2024,6,1
Toyota,COROLLA HYBRID,2020,1,0
Toyota,COROLLA HYBRID,2022,1,0
Toyota,COROLLA HYBRID,2024,2,0
Toyota,CROWN HYBRID,2023,19,0
Toyota,CROWN HYBRID,2024,17,3
Toyota,GRAND HIGHLANDER HYBRID,2024,7,0
Toyota,HIGHLANDER HYBRID,2016,108,22
Toyota,HIGHLANDER HYBRID,2017,224,29
Toyota,HIGHLANDER HYBRID,2018,5,1
Toyota,HIGHLANDER HYBRID,2019,6,0
Toyota,HIGHLANDER HYBRID,2020,9,2
Toyota,HIGHLANDER HYBRID,2021,15,1
Toyota,HIGHLANDER HYBRID,2022,6,2
Toyota,HIGHLANDER HYBRID,2023,9,1
Toyota,LAND CRUISER HYBRID,2024,38,15
Toyota,MIRAI,2016,2,0
Toyota,MIRAI,2017,4,1
Toyota,MIRAI,2018,2,1
Toyota,MIRAI,2019,4,1
Toyota,MIRAI,2020,1,0
Toyota,MIRAI,2021,1,0
Toyota,MIRAI,2022,10,0
Toyota,MIRAI,2023,6,0
Toyota,PRIUS,2016,179,23
Toyota,PRIUS,2017,91,14
Toyota,PRIUS,2018,36,4
Toyota,PRIUS,2019,30,11
Toyota,PRIUS,2020,14,4
Toyota,PRIUS,2021,6,1
Toyota,PRIUS,2022,24,5
Toyota,PRIUS,2023,19,2
Toyota,PRIUS,2024,23,2
Toyota,PRIUS C,2016,162,20
Toyota,PRIUS C,2017,91,15
Toyota,PRIUS C,2018,6,0
Toyota,PRIUS PRIME,2017,143,18
Toyota,PRIUS PRIME,2018,15,1
Toyota,PRIUS PRIME,2019,8,1
Toyota,PRIUS PRIME,2020,16,2
Toyota,PRIUS PRIME,2021,10,3
Toyota,PRIUS PRIME,2022,8,1
Toyota,PRIUS PRIME,2023,5,0
Toyota,PRIUS PRIME,2024,11,0
Toyota,PRIUS V,2016,166,20
Toyota,PRIUS V,2017,101,14
Toyota,PRIUS V,2018,1,0
Toyota,RAV4 HYBRID,2016,16,4
Toyota,RAV4 HYBRID,2017,302,37
Toyota,RAV4 HYBRID,2018,15,3
Toyota,RAV4 HYBRID,2019,22,4
Toyota,RAV4 HYBRID,2020,13,0
Toyota,RAV4 HYBRID,2021,22,2
Toyota,RAV4 HYBRID,2022,5,1
Toyota,RAV4 HYBRID,2023,7,0
Toyota,RAV4 HYBRID,2024,1,0
Toyota,SEQUOIA HYBRID,2023,37,5
Toyota,SEQUOIA HYBRID,2024,36,4
Toyota,SIENNA HYBRID,2021,37,6
Toyota,SIENNA HYBRID,2022,15,4
Toyota,SIENNA HYBRID,2023,66,26
Toyota,SIENNA HYBRID,2024,65,17
Toyota,TUNDRA HYBRID,2022,2,1
Toyota,TUNDRA HYBRID,2023,2,0
Toyota,TUNDRA HYBRID,2024,4,2
Toyota,VENZA HYBRID,2021,188,13
Toyota,VENZA HYBRID,2022,42,2
Toyota,VENZA HYBRID,2023,21,3
Toyota,VENZA HYBRID,2024,25,4
