nhtsa_campaign,mfr_campaign,makes,models,model_years,potentially_affected_units,report_received_date,component,consequence_excerpt
26V080000,"R25E2, R25E3",NISSAN,ROGUE,2023; 2024; 2025,323917,20260211,ENGINE AND ENGINE COOLING:ENGINE:HARD PARTS INTERNAL/MECHANICAL,"Engine failure can cause a loss of drive power, increasing the risk of a crash. A bearing failure may cause a breach in "
26V081000,"R25E3, R25E4, R25A9",NISSAN,ROGUE,2024; 2025,318782,20260211,ENGINE AND ENGINE COOLING:ENGINE:ENGINE CONTROL MODULE (ECU/ECM):SOFTWARE,"Broken throttle body gears can cause a loss of drive power, increasing the risk of a crash."
26V248000,D126 H575,JAGUAR; LAND ROVER,DEFENDER; DISCOVERY; DISCOVERY SPORT; E-PACE; F-PACE; RANGE ROVER; RANGE ROVER EVOQUE; RANGE ROVER SPORT; RANGE ROVER VELAR,2019; 2020; 2021; 2022; 2023; 2024,170169,20260417,ELECTRICAL SYSTEM:PROPULSION SYSTEM:DC/DC CONVERTER,A loss of drive power increases the risk of a crash.
26V547000,26C40,FORD,MUSTANG,2024; 2025; 2026,148663,20260825,ELECTRICAL SYSTEM:WIRING,"A loss of driver power increases the risk of a crash. In addition, a loss of headlight function or windshield washing sy"
26V290000,40D,JEEP,CHEROKEE,2019; 2020; 2021; 2022; 2023,61711,20260507,POWER TRAIN,"A failed PTU may result in a loss of drive power or vehicle rollaway, increasing the risk of a crash or injury."
26V122000,26S10,FORD; LINCOLN,BRONCO; BRONCO SPORT; CORSAIR; ESCAPE; EXPLORER; MAVERICK; MUSTANG; NAUTILUS; RANGER,2025,47804,20260303,ENGINE AND ENGINE COOLING:EXHAUST SYSTEM:EMISSION CONTROL:GAS RECIRCULATION VALVE (EGR VALVE),An unexpected loss of drive power increases the risk of a crash.
26V320000,25TB14 / 25TA14,TOYOTA,TUNDRA,2024,43566,20260520,ENGINE AND ENGINE COOLING:ENGINE:HARD PARTS INTERNAL/MECHANICAL,A loss of drive power increases the risk of a crash.
26V417000,26S50,FORD,MUSTANG MACH E,2021; 2022; 2023,42784,20260630,POWER TRAIN:DRIVELINE:DIFFERENTIAL UNIT,"Differential pinion shaft fracture may result in a loss of drive power, or unintended vehicle movement if the vehicle is"
26V525000,,BMW,540I; 540I XDRIVE; 750E XDRIVE; 840I; 840I XDRIVE; M550I,2021; 2022; 2023; 2024; 2025; 2026,27720,20260812,POWER TRAIN:DRIVELINE:DRIVESHAFT,"An unexpected loss of drive power can increase the risk of a crash. In addition, a damaged driveshaft can result in a ve"
26V091000,25SC4,FORD; LINCOLN,CORSAIR PHEV; ESCAPE PHEV,2022; 2023; 2024; 2025; 2026,25237,20260217,ELECTRICAL SYSTEM:PROPULSION SYSTEM:TRACTION BATTERY,"Battery failure can cause a loss of drive power, increasing the risk of a crash.  Battery failure can also increase the "
26V216000,,MERCEDES-BENZ; MERCEDES-MAYBACH,E 400 4MATIC; E 400 4MATIC CABRIOLET; E 400 4MATIC COUPE; E 400 4MATIC WAGON; E 450 4MATIC; E 450 4MATIC CABRIOLET; E 450 4MATIC COUPE; E 450 4MATIC WAGON; S 450 4MATIC; S 560 4MATIC; S 560 4MATIC COUPE,2018; 2019; 2020,24092,20260403,POWER TRAIN:DRIVELINE:UNIVERSAL JOINT,A sudden loss of drive power increases the risk of a crash.
26V393000,26LA07 26TA11 WRG26 ,LEXUS; SUBARU; TOYOTA,BZ; RZ; SOLTERRA,2026,20991,20260618,ELECTRICAL SYSTEM:PROPULSION SYSTEM,An unexpected loss of drive power increases the risk of a crash. 
26V119000,26S13,FORD,F-250 SD; F-350 SD,2025; 2026,11431,20260303,POWER TRAIN:AXLE ASSEMBLY:AXLE SHAFT,A loss of drive power can increase the risk of a crash.
26V548000,26S61,FORD,BRONCO; BRONCO SPORT; EXPLORER; MUSTANG; RANGER,2026,10001,20260825,ENGINE AND ENGINE COOLING:ENGINE:HARD PARTS INTERNAL/MECHANICAL,An unexpected loss of drive power increases the risk of a crash.
26V158000,26S17,FORD,F-250 SD; F-350 SD; F-450 SD; F-550 SD; F-600 SD; F-750,2020; 2021; 2022,9839,20260317,"FUEL SYSTEM, DIESEL:DELIVERY:FUEL PUMP","High pressure fuel pump failure can cause a loss of drive power, increasing the risk of a crash."
26V570000,26TA17,TOYOTA,C-HR,2026,8521,20260902,ELECTRICAL SYSTEM:PROPULSION SYSTEM,An unexpected loss of drive power increases the risk of a crash. 
26V196000,KTB2606 & HTB2603,KTM,390 DUKE; RC 390,2022; 2023; 2024,7974,20260327,VEHICLE SPEED CONTROL:THROTTLE ,Loss of drive power while riding increases the risk of a crash or injury.
26V485000,26PACD,KENWORTH; PETERBILT,536; 537; 548; 567; 579; 589; T280; T380; T480; T680; T880; W990,2027,5925,20260727,ELECTRICAL SYSTEM:WIRING:POWER DISTRIBUTION MODULE/IPDM,"A loss of lighting, windshield wipers, ABS function, or a loss of drive power can increase the risk of a crash."
26V236000,26S26,FORD,BRONCO,2021; 2022; 2023; 2024; 2025,4922,20260414,POWER TRAIN:AUTOMATIC TRANSMISSION,"Excessive wear of the transmission and transfer case splines may result in a loss of drive power or vehicle rollaway, in"
26V094000,26LA01,LEXUS,LS HYBRID; LX,2025; 2026,4374,20260218,POWER TRAIN:AUTOMATIC TRANSMISSION,"A damaged transmission can cause a loss of drive power, increasing the risk of a crash. In addition, a damaged transmiss"
26V193000,SR-26-03-0,LUCID,AIR,2024; 2025; 2026,3627,20260326,ELECTRICAL SYSTEM:PROPULSION SYSTEM:CRITICAL FASTENERS,"A disconnected half shaft can result in a loss of drive power, increasing the risk of a crash."
26V309000,SR-26-05-0,LUCID,AIR,2024; 2025,2039,20260513,ELECTRICAL SYSTEM:PROPULSION SYSTEM:INVERTER,A loss of drive power increases the risk of a crash.
26V343000,26S35,FORD,BRONCO; EXPLORER; RANGER,2025; 2026,1536,20260527,ENGINE AND ENGINE COOLING:ENGINE:HARD PARTS INTERNAL/MECHANICAL,A sudden loss of drive power can increase the risk of a crash.
26V061000,26S04,FORD,TRANSIT,2023; 2024,1403,20260203,STRUCTURE:FRAME AND MEMBERS,A loss of drive power or brake failure increases the risk of a crash.
26V410000,PMA68,NISSAN,SENTRA,2025,946,20260626,POWER TRAIN:DRIVELINE:DRIVESHAFT,"An unexpected loss of drive power can increase the risk of a crash. In addition, a driveshaft that is not fully engaged "
26V274000,,STORYTELLER OVERLAND,BEAST MODE; CLASSIC; STEALTH,2023,357,20260429,ENGINE AND ENGINE COOLING:COOLING SYSTEM:HOSES/LINES/PIPING/FITTINGS,A loss of drive power increases the risk of a crash.
26V205000,26S23,FORD,EXPLORER; MUSTANG,2026,278,20260331,ENGINE AND ENGINE COOLING:ENGINE:HARD PARTS INTERNAL/MECHANICAL,An unexpected loss of drive power increases the risk of a crash.
26V062000,26S05,FORD,E-TRANSIT,2026,98,20260203,ELECTRICAL SYSTEM:PROPULSION SYSTEM:TRACTION BATTERY,"Electrical arcing increases the risk of a fire. In addition, a loss of drive power may occur, which can increase the ris"
26V311000,NGDV_TSB_066,OSHKOSH,NGDV ELECTRIC,2025,76,20260518,"ELECTRICAL SYSTEM:PROPULSION SYSTEM:FUSES, RELAYS, CONTACTS, AND SHUNTS",A loss of drive power can increase the risk of a crash.
26V493000,034G,GENESIS,G80,2027,42,20260729,ELECTRICAL SYSTEM:IGNITION:COIL,An misfire or loss of drive power increases the risk of a crash.
26V275000,CR5882,NOVA BUS,LFS,2022; 2023,40,20260430,ELECTRICAL SYSTEM:PROPULSION SYSTEM:HYBRID MANAGEMENT:POWER CONTROL UNIT/MODULE (HPCU),"An overloaded control unit may shutdown, causing a loss of drive power and increasing the risk of a crash."
26V576000,26S63,FORD,F-150,2026,37,20260909,POWER TRAIN:DRIVELINE:DIFFERENTIAL UNIT,"Rear wheel lock-up can result in a loss of vehicle control. Driveshaft separation can result in a loss of drive power, o"
26V532000,26S58,FORD,EXPLORER,2026,6,20260813,ENGINE AND ENGINE COOLING:ENGINE:HARD PARTS INTERNAL/MECHANICAL,"Engine failure can result in a loss of drive power, increasing the risk of a crash.  In addition, bearing failure may ca"
