level,rank_by_share_all_years,make,model,egress_complaints,total_complaints,share_pct_all_years,egress_2015_2026,total_2015_2026,share_pct_2015_2026,egress_2015_2024_pre_publicity,total_2015_2024,share_pct_2015_2024,egress_2025_2026,total_2025_2026,share_pct_2025_2026
make,1,BMW,,277,29051,0.953,108,17291,0.625,102,14721,0.693,6,2570,0.233
make,2,HYUNDAI,,340,54959,0.619,313,41324,0.757,283,33168,0.853,30,8156,0.368
make,3,TESLA,,74,13359,0.554,74,13327,0.555,40,10560,0.379,34,2767,1.229
make,4,KIA,,229,43197,0.53,119,33164,0.359,106,26474,0.4,13,6690,0.194
make,5,LINCOLN,,68,13323,0.51,40,6070,0.659,33,4904,0.673,7,1166,0.6
make,6,SCION,,10,2236,0.447,4,1071,0.373,4,1034,0.387,0,37,0.0
make,7,JEEP,,329,85989,0.383,99,49487,0.2,92,41818,0.22,7,7669,0.091
make,8,MERCEDES-BENZ,,51,13633,0.374,46,12280,0.375,41,10460,0.392,5,1820,0.275
make,9,VOLVO,,37,10195,0.363,21,3200,0.656,16,2495,0.641,5,705,0.709
make,10,MAZDA,,79,21903,0.361,15,10063,0.149,9,8656,0.104,6,1407,0.426
make,11,JAGUAR,,9,2497,0.36,6,1014,0.592,5,766,0.653,1,248,0.403
make,12,LAND ROVER,,15,4337,0.346,5,2567,0.195,4,1711,0.234,1,856,0.117
make,13,BUICK,,67,19714,0.34,31,6938,0.447,29,6209,0.467,2,729,0.274
make,14,INFINITI,,23,7093,0.324,14,3892,0.36,11,3375,0.326,3,517,0.58
make,15,MINI,,15,4965,0.302,4,1957,0.204,3,1777,0.169,1,180,0.556
make,16,NISSAN,,201,70368,0.286,134,37365,0.359,109,32763,0.333,25,4602,0.543
make,17,CADILLAC,,41,14805,0.277,31,7557,0.41,20,6204,0.322,11,1353,0.813
make,18,HONDA,,252,92381,0.273,112,55591,0.201,96,43738,0.219,16,11853,0.135
make,19,VOLKSWAGEN,,89,34132,0.261,50,17988,0.278,45,15447,0.291,5,2541,0.197
make,20,TOYOTA,,268,105644,0.254,82,50559,0.162,61,42842,0.142,21,7717,0.272
make,21,DODGE,,268,109272,0.245,162,36882,0.439,152,34906,0.435,10,1976,0.506
make,22,CHEVROLET,,442,180943,0.244,176,73993,0.238,151,63201,0.239,25,10792,0.232
make,23,LEXUS,,27,11805,0.229,16,6331,0.253,8,5567,0.144,8,764,1.047
make,24,AUDI,,26,11787,0.221,18,7433,0.242,9,6017,0.15,9,1416,0.636
make,25,CHRYSLER,,100,45931,0.218,62,21605,0.287,56,20096,0.279,6,1509,0.398
make,26,SUZUKI,,10,4724,0.212,0,756,0.0,0,730,0.0,0,26,0.0
make,27,SATURN,,31,15469,0.2,9,3013,0.299,9,2961,0.304,0,52,0.0
make,28,OLDSMOBILE,,18,9088,0.198,1,380,0.263,1,376,0.266,0,4,0.0
make,29,FORD,,529,281938,0.188,285,138992,0.205,262,115175,0.227,23,23817,0.097
make,30,MERCURY,,37,20986,0.176,8,4017,0.199,8,3933,0.203,0,84,0.0
make,31,SUBARU,,46,26360,0.175,37,19443,0.19,34,17533,0.194,3,1910,0.157
make,32,PONTIAC,,47,27474,0.171,8,5561,0.144,7,5472,0.128,1,89,1.124
make,33,ACURA,,20,12739,0.157,9,7831,0.115,6,6105,0.098,3,1726,0.174
make,34,GMC,,69,46911,0.147,39,24255,0.161,25,18121,0.138,14,6134,0.228
make,35,MITSUBISHI,,14,10575,0.132,5,2890,0.173,3,2612,0.115,2,278,0.719
make,36,PLYMOUTH,,13,10160,0.128,0,80,0.0,0,80,0.0,0,0,0.0
make,37,ISUZU,,5,4120,0.121,0,225,0.0,0,221,0.0,0,4,0.0
make,38,MERCEDES BENZ,,8,10608,0.075,4,3712,0.108,4,3597,0.111,0,115,0.0
make,39,RAM,,11,19792,0.056,11,19525,0.056,7,14584,0.048,4,4941,0.081
make,40,SAAB,,1,2693,0.037,0,768,0.0,0,760,0.0,0,8,0.0
make,41,YAMAHA,,0,2177,0.0,0,369,0.0,0,343,0.0,0,26,0.0
make,42,HARLEY-DAVIDSON,,0,3294,0.0,0,1352,0.0,0,1213,0.0,0,139,0.0
model,1,BMW,3 SERIES,32,816,3.922,5,293,1.706,5,293,1.706,0,0,0.0
model,2,FISKER,OCEAN,34,883,3.851,34,883,3.851,25,484,5.165,9,399,2.256
model,3,BMW,328XI,17,460,3.696,9,322,2.795,9,315,2.857,0,7,0.0
model,4,HYUNDAI,TUCSON,187,6196,3.018,187,5828,3.209,178,4578,3.888,9,1250,0.72
model,5,BMW,325I,30,1354,2.216,4,474,0.844,4,464,0.862,0,10,0.0
model,6,CHEVROLET,HHR,78,3569,2.185,16,1208,1.325,16,1190,1.345,0,18,0.0
model,7,BUICK,LUCERNE,20,940,2.128,12,423,2.837,12,410,2.927,0,13,0.0
model,8,MAZDA,TRIBUTE,42,2094,2.006,0,540,0.0,0,532,0.0,0,8,0.0
model,9,DODGE,NITRO,21,1114,1.885,5,551,0.907,5,537,0.931,0,14,0.0
model,10,BMW,525I,8,428,1.869,2,143,1.399,2,141,1.418,0,2,0.0
model,11,MERCEDES-BENZ,C250,13,725,1.793,13,702,1.852,13,675,1.926,0,27,0.0
model,12,VOLKSWAGEN,ID.4,17,979,1.736,17,979,1.736,14,623,2.247,3,356,0.843
model,13,BMW,335I,14,808,1.733,5,424,1.179,5,405,1.235,0,19,0.0
model,14,LINCOLN,AVIATOR,8,471,1.699,8,266,3.008,5,150,3.333,3,116,2.586
model,15,FORD,EXPLORER SPORT,12,721,1.664,0,36,0.0,0,35,0.0,0,1,0.0
model,16,JEEP,COMMANDER,44,2743,1.604,8,1225,0.653,8,1211,0.661,0,14,0.0
model,17,TOYOTA,SIENNA,127,8432,1.506,29,3007,0.964,28,2865,0.977,1,142,0.704
model,18,BMW,330I,12,806,1.489,3,428,0.701,3,311,0.965,0,117,0.0
model,19,KIA,OPTIMA,110,7455,1.476,24,6109,0.393,23,5283,0.435,1,826,0.121
model,20,BMW,323I,8,559,1.431,0,74,0.0,0,74,0.0,0,0,0.0
model,21,BMW,328I,36,2565,1.404,15,2031,0.739,15,1824,0.822,0,207,0.0
model,22,GEO,PRIZM,8,597,1.34,0,3,0.0,0,2,0.0,0,1,0.0
model,23,BMW,528I,9,826,1.09,5,615,0.813,5,493,1.014,0,122,0.0
model,24,DODGE,GRAND CARAVAN,145,13359,1.085,123,6055,2.031,116,5756,2.015,7,299,2.341
model,25,KIA,SPECTRA,9,902,0.998,4,229,1.747,4,229,1.747,0,0,0.0
model,26,MERCEDES-BENZ,C300,22,2212,0.995,18,2137,0.842,17,2008,0.847,1,129,0.775
model,27,VOLVO,XC90,14,1490,0.94,12,781,1.536,7,572,1.224,5,209,2.392
model,28,LINCOLN,CONTINENTAL,12,1375,0.873,10,146,6.849,7,104,6.731,3,42,7.143
model,29,NISSAN,QUEST,18,2096,0.859,1,438,0.228,1,426,0.235,0,12,0.0
model,30,JEEP,GRAND CHEROKEE,231,28898,0.799,65,14073,0.462,64,12435,0.515,1,1638,0.061
model,31,TESLA,MODEL X,12,1524,0.787,12,1524,0.787,6,1259,0.477,6,265,2.264
model,32,SCION,XB,8,1046,0.765,4,499,0.802,4,487,0.821,0,12,0.0
model,33,BUICK,LACROSSE,16,2116,0.756,10,1380,0.725,9,1317,0.683,1,63,1.587
model,34,HYUNDAI,ELANTRA,64,8632,0.741,58,5720,1.014,55,5057,1.088,3,663,0.452
model,35,FORD,FUSION,160,22298,0.718,128,17964,0.713,128,16576,0.772,0,1388,0.0
model,36,TESLA,MODEL Y,26,4016,0.647,26,4016,0.647,10,2797,0.358,16,1219,1.313
model,37,CADILLAC,CTS,14,2199,0.637,8,1027,0.779,8,972,0.823,0,55,0.0
model,38,KIA,SORENTO,63,10085,0.625,57,8430,0.676,56,7224,0.775,1,1206,0.083
model,39,LINCOLN,MKZ,10,1644,0.608,9,1520,0.592,9,1369,0.657,0,151,0.0
model,40,MERCURY,MILAN,15,2511,0.597,6,1791,0.335,6,1764,0.34,0,27,0.0
model,41,SATURN,VUE,13,2347,0.554,4,675,0.593,4,664,0.602,0,11,0.0
model,42,HONDA,CR-V,82,15752,0.521,36,12505,0.288,33,10339,0.319,3,2166,0.139
model,43,HONDA,ODYSSEY,64,12382,0.517,30,5929,0.506,21,4103,0.512,9,1826,0.493
model,44,TESLA,MODEL 3,21,4245,0.495,21,4245,0.495,15,3415,0.439,6,830,0.723
model,45,CHEVROLET,COBALT,37,7672,0.482,9,2196,0.41,9,2165,0.416,0,31,0.0
model,46,LINCOLN,TOWN CAR,14,2968,0.472,0,298,0.0,0,294,0.0,0,4,0.0
model,47,NISSAN,PATHFINDER,33,7246,0.455,30,3403,0.882,29,3009,0.964,1,394,0.254
model,48,BMW,X5,14,3078,0.455,6,2392,0.251,6,1905,0.315,0,487,0.0
model,49,MAZDA,MAZDA6,10,2222,0.45,3,1583,0.19,3,1504,0.199,0,79,0.0
model,50,MINI,COOPER,10,2228,0.449,2,890,0.225,2,828,0.242,0,62,0.0
model,51,MERCURY,MOUNTAINEER,8,1912,0.418,1,209,0.478,1,205,0.488,0,4,0.0
model,52,CHRYSLER,TOWN AND COUNTRY,55,13445,0.409,39,6560,0.595,39,6406,0.609,0,154,0.0
model,53,TOYOTA,SEQUOIA,12,3045,0.394,3,1103,0.272,3,1071,0.28,0,32,0.0
model,54,CHEVROLET,MALIBU,73,19219,0.38,52,10205,0.51,48,9406,0.51,4,799,0.501
model,55,KIA,SEDONA,9,2384,0.378,5,1274,0.392,5,1090,0.459,0,184,0.0
model,56,VOLKSWAGEN,PASSAT,28,7802,0.359,17,3141,0.541,17,2929,0.58,0,212,0.0
model,57,TESLA,MODEL S,12,3372,0.356,12,3342,0.359,9,3058,0.294,3,284,1.056
model,58,NISSAN,ALTIMA,52,15399,0.338,42,9136,0.46,37,8586,0.431,5,550,0.909
model,59,NISSAN,MURANO,18,5933,0.303,9,2563,0.351,8,2403,0.333,1,160,0.625
model,60,HONDA,ACCORD,68,23864,0.285,20,11232,0.178,19,9119,0.208,1,2113,0.047
